10000 30000
0 7 1 253 4 30 23 512 52 931 196 396 2465 522 6857 446
1 12 0 253 2 900 12 730 36 894 102 916 370 875 568 43 1043 741 1717 839 7125 997 7462 782 8710 59
2 16 1 900 3 599 6 810 10 806 22 454 32 777 100 617 584 524 1540 710 1611 355 2929 534 3399 174 3862 266 7205 651 7867 368 9020 286
3 13 2 599 7 203 18 609 21 261 24 632 166 443 376 282 406 729 615 72 885 776 1253 728 3848 486 9873 901
4 9 0 30 5 683 8 910 534 618 602 914 822 182 1899 81 2329 442 3250 975
5 16 4 683 9 191 26 524 47 163 49 460 57 457 64 280 69 185 76 38 120 443 136 145 599 375 1052 475 6986 429 8380 826 8887 840
6 12 2 810 14 175 15 338 30 927 48 556 408 655 3183 267 6147 23 7079 139 8060 959 8960 806 9612 890
7 11 3 203 11 770 37 561 86 602 631 713 848 736 5219 256 5478 455 7553 415 9006 817 9300 836
8 6 4 910 25 968 97 821 1380 724 2006 709 5181 877
9 10 5 191 41 898 79 239 291 946 530 393 3740 384 4737 214 4891 6 6358 79 9031 33
10 15 2 806 13 270 27 399 53 628 219 258 611 425 695 324 1003 558 1260 533 2274 812 3043 228 6685 835 6918 137 7320 576 8246 138
11 11 7 770 540 408 717 903 984 725 1159 689 1506 952 2568 307 5188 970 5457 194 5502 910 7278 33
12 13 1 730 16 99 44 385 74 962 121 22 300 55 1147 439 3556 61 4816 688 4963 123 5142 614 8545 800 9462 985
13 13 10 270 17 554 50 601 138 895 204 13 337 306 425 28 578 664 2119 265 3166 906 6391 899 6523 683 8898 127
14 11 6 175 29 271 131 623 195 393 262 353 805 404 2184 935 2508 434 3116 917 4532 132 4722 964
15 10 6 338 70 743 128 932 288 419 481 878 1941 534 2295 93 4281 628 4905 178 8850 122
16 5 12 99 90 166 248 698 437 274 7780 522
17 12 13 554 19 692 38 788 51 548 56 36 85 469 456 929 1384 762 1973 517 2638 599 7698 407 8333 637
18 7 3 609 871 723 2077 840 6707 716 7071 963 8729 392 8749 698
19 10 17 692 20 643 31 474 34 708 59 600 324 623 326 675 3530 985 5578 426 6517 725
20 14 19 643 35 71 58 348 89 613 140 740 160 845 209 738 316 816 523 55 3109 486 3815 433 5189 506 9032 285 9053 600
21 11 3 261 33 579 106 29 424 609 1561 463 2346 686 3211 555 4238 25 5370 996 5536 150 9744 701
22 12 2 454 82 352 298 739 460 956 817 542 2039 700 3520 63 3901 987 7148 943 9078 386 9679 802 9805 356
23 11 0 512 28 953 73 680 241 660 1038 745 1334 902 1824 689 2038 502 2773 489 3699 483 9726 444
24 12 3 632 45 715 108 792 125 554 433 563 939 382 2601 660 3369 966 3563 972 6025 199 7164 709 7846 468
25 8 8 968 275 416 1355 514 3073 17 3264 211 3296 150 6863 424 9282 728
26 11 5 524 55 711 170 665 224 668 256 621 512 25 1508 45 1513 432 2208 630 2920 182 9842 384
27 9 10 399 87 681 515 346 793 748 1173 689 2041 866 6768 896 8101 67 9202 31
28 5 23 953 71 760 2189 841 3392 776 5796 17
29 9 14 271 60 164 417 216 740 676 1188 882 1516 454 2144 440 4720 350 9242 439
30 13 6 927 98 839 123 179 1067 607 1824 107 2201 888 5192 510 5259 919 6918 665 7586 475 7734 724 9048 438 9746 370
31 6 19 474 43 851 66 769 398 523 643 587 4432 795
32 16 2 777 39 303 42 939 94 484 190 682 412 194 773 872 2240 812 2472 114 2987 878 5207 738 5214 937 6467 574 8272 200 8891 823 9710 499
33 13 21 579 429 532 640 254 940 765 1088 155 2370 338 2652 117 3073 208 3588 742 3744 274 6719 388 8462 578 8696 371
34 16 19 708 46 829 182 849 205 661 542 595 799 179 1416 85 2094 381 3843 16 4169 9 4518 537 5752 845 7318 448 8190 61 9042 321 9591 498
35 10 20 71 220 962 283 359 825 995 942 738 1291 941 1335 210 1587 990 2457 219 4120 28
36 10 1 894 187 57 229 336 565 15 705 955 1205 666 1463 106 6928 653 7544 961 8867 448
37 12 7 561 81 481 104 169 117 806 338 341 968 266 1763 949 5436 107 6084 33 7363 884 9465 392 9964 331
38 11 17 788 40 842 54 609 153 2 390 504 921 108 3132 946 3241 980 3766 478 4087 479 6388 550
39 11 32 303 154 182 221 33 230 366 276 573 660 138 709 348 2203 75 4058 512 4081 492 6222 768
40 13 38 842 127 190 430 520 644 930 2425 243 3654 10 4028 946 4254 611 4518 843 5091 236 5479 135 7180 987 8550 218
41 14 9 898 62 224 151 149 152 263 162 940 332 135 343 711 507 329 668 322 2359 226 3584 29 5691 707 6898 730 9410 224
42 14 32 939 61 54 105 559 299 848 522 147 3002 956 3302 624 4945 687 5754 196 5851 122 6264 814 7065 873 8064 64 8825 111
43 17 31 851 124 681 156 97 201 252 211 693 795 226 1245 510 1445 32 1639 875 2688 847 3641 582 3730 584 4209 11 6103 581 8617 269 8693 101 8943 771
44 8 12 385 449 344 495 409 843 997 2504 760 4744 567 7792 895 9971 216
45 11 24 715 95 184 349 285 350 650 490 426 1770 881 1898 613 3046 731 6493 228 6709 342 9587 437
46 12 34 829 164 56 317 47 489 336 606 908 4105 467 4331 954 6046 68 6059 343 6618 489 7108 784 9094 914
47 9 5 163 390 429 443 441 818 554 920 726 3841 636 3878 394 4685 428 5719 336
48 13 6 556 96 594 314 318 501 548 733 972 798 695 1139 342 1332 264 2181 884 4413 924 8871 912 9580 416 9649 554
49 5 5 460 852 634 4470 688 5127 127 5605 920
50 13 13 601 115 685 144 253 346 704 996 308 1001 1000 1267 689 3337 512 3809 586 6882 13 8401 540 8773 336 8900 692
51 6 17 548 1355 121 3791 264 6268 847 6413 58 9432 345
52 11 0 931 78 954 135 903 152 868 189 859 243 74 342 187 560 289 616 434 5516 841 9001 329
53 14 10 628 68 226 84 790 88 980 143 856 289 881 562 99 649 652 903 302 1604 803 1708 334 2681 197 2747 399 5500 465
54 12 38 609 193 12 348 476 749 864 1298 160 1473 854 1853 459 1925 180 3513 366 3686 973 4905 844 7840 709
55 10 26 711 157 594 638 24 1373 874 1626 567 2437 58 2505 195 4385 621 6847 711 7701 124
56 12 17 36 63 391 65 198 77 733 83 76 134 968 142 7 246 831 401 425 5051 457 6969 972 8513 78
57 15 5 457 80 793 107 612 133 409 199 742 252 203 452 206 507 533 1348 666 2386 303 2664 445 2748 144 4154 566 7532 104 7835 819
58 11 20 348 103 6 148 255 976 105 3463 756 5199 709 5822 726 7014 491 7824 458 8473 899 8665 711
59 8 19 600 72 362 576 796 1666 750 2923 780 3647 329 8375 646 8528 331
60 8 29 164 141 690 168 717 1382 240 2214 803 3379 379 3610 145 7578 319
61 8 42 54 113 355 403 159 4659 46 5518 519 5952 15 9415 80 9514 94
62 8 41 224 92 864 258 990 266 31 270 466 654 999 2367 522 8290 136
63 7 56 391 99 58 735 969 1766 967 2392 808 2693 784 7385 972
64 7 5 280 112 88 126 624 174 56 457 455 1338 499 2878 376
65 7 56 198 470 899 539 814 1056 385 1979 235 2327 69 2696 78
66 7 31 769 67 927 825 58 1516 600 3263 337 5080 272 9819 934
67 4 66 927 263 641 1716 127 6918 740
68 10 53 226 122 802 125 785 656 662 2149 623 3497 318 3672 630 5319 271 6569 630 7917 428
69 12 5 185 75 781 516 76 970 177 1158 297 1560 192 1739 867 3209 229 3359 94 7564 214 7965 959 9555 993
70 7 15 743 93 945 158 73 274 714 302 304 4346 381 7462 711
71 12 28 760 163 772 194 913 227 872 701 188 1808 148 3159 80 3471 731 4091 225 6492 7 7048 193 9442 980
72 11 59 362 132 172 535 636 636 386 763 283 845 509 1342 40 5064 883 6886 91 7182 967 9144 737
73 10 23 680 165 131 313 945 795 606 917 405 1471 168 2155 459 2156 467 3453 396 4499 518
74 7 12 962 175 29 177 520 197 980 872 27 3557 422 5108 774
75 8 69 781 417 510 448 515 1158 111 1826 876 2013 918 2715 931 9801 239
76 12 5 38 125 283 550 781 574 314 1016 215 1910 908 3171 305 3378 209 5534 909 5621 14 6510 905 6698 782
77 18 56 733 101 450 119 287 148 457 202 630 517 564 656 340 2025 65 2921 357 4471 870 5554 252 6069 523 6373 663 7274 890 7435 104 7689 544 7812 674 9929 564
78 10 52 954 91 112 185 800 347 134 1203 656 1235 961 2773 289 4004 838 4367 51 5190 790
79 11 9 239 362 71 683 394 882 818 956 547 1102 33 1337 701 7159 822 7572 719 8508 202 9222 645
80 9 57 793 173 938 665 342 687 495 734 576 3275 344 4808 43 7631 25 9873 747
81 8 37 481 194 136 223 960 571 746 3449 527 4106 766 6062 173 6527 168
82 11 22 352 146 369 374 891 1779 896 2674 678 3179 319 6331 169 6757 268 8286 852 9708 653 9851 542
83 5 56 76 1670 262 2085 974 3180 809 9483 39
84 7 53 790 758 436 2410 912 2928 863 3193 105 5811 559 6183 104
85 12 17 469 139 879 336 685 412 67 642 721 729 638 1891 303 1896 706 4396 846 5660 950 6424 749 7402 840
86 11 7 602 111 734 259 827 554 791 1254 170 1479 518 4465 928 4486 683 5821 141 6517 151 8046 941
87 8 27 681 129 18 518 369 1919 259 2467 569 5711 76 9012 323 9250 173
88 12 53 980 109 200 116 641 155 43 276 664 759 403 1161 475 3927 344 4114 638 4607 915 7136 98 9579 322
89 7 20 613 931 575 4720 395 5860 502 6280 742 7079 233 7143 678
90 7 16 166 1587 400 1802 2 5279 524 6138 781 8809 842 9739 650
91 12 78 112 417 462 677 510 1548 827 1785 987 2034 657 2127 338 2242 475 2541 295 2610 378 3262 912 6685 614
92 8 62 864 130 202 619 286 2083 161 4715 82 6393 877 6832 786 8338 706
93 6 70 945 1113 343 3317 278 4413 530 4494 618 6330 565
94 9 32 484 181 33 313 421 353 461 938 187 1170 245 1919 868 2081 919 9248 134
95 4 45 184 503 448 3081 702 9964 76
96 11 48 594 303 355 504 380 837 902 853 991 1525 179 5162 992 6750 525 7677 17 7720 76 8688 691
97 11 8 821 251 8 354 9 392 220 443 305 1961 785 2958 43 4015 83 5823 884 7886 454 8218 47
98 7 30 839 3958 571 7178 563 8356 200 9094 619 9419 972 9482 199
99 13 63 58 379 611 937 857 1022 839 2610 171 2837 635 2992 211 3138 172 3514 378 3716 981 5947 575 9023 806 9255 823
100 10 2 617 385 520 835 970 840 710 1245 271 1451 554 1466 73 3002 414 4076 169 8130 541
101 11 77 450 294 289 669 457 1006 671 3230 528 4121 790 4793 362 6632 453 7029 862 7806 269 8188 802
102 16 1 916 114 190 118 160 191 741 225 309 228 979 713 615 834 199 1069 984 1527 294 2046 171 4241 698 4407 764 5629 549 8914 700 9324 775
103 7 58 6 149 329 830 658 1154 672 4210 481 4554 495 7671 569
104 11 37 169 210 684 808 225 859 992 1603 486 1761 825 1827 473 4592 975 5421 626 5936 930 7315 268
105 15 42 559 110 95 183 674 223 306 281 124 453 141 1074 111 1345 633 1433 326 1533 190 4437 836 5205 91 5365 147 7744 350 7890 710
106 10 21 29 145 565 282 865 3960 843 4166 716 4346 754 5257 805 6762 319 9409 709 9663 301
107 6 57 612 214 521 308 356 1912 175 4539 627 9521 377
108 8 24 792 238 545 257 929 319 673 6102 172 6578 493 7670 603 8329 697
109 6 88 200 203 156 977 749 2518 789 4743 991 8341 67
110 10 105 95 1185 434 1427 271 2371 816 2789 498 6144 859 7616 847 7628 914 7630 180 9410 947
111 4 86 734 458 828 6772 493 8062 227
112 14 64 88 178 816 179 153 192 376 264 300 751 781 842 402 1633 556 2564 97 3683 3 4965 65 7093 202 7394 268 8977 289
113 12 61 355 167 731 233 613 482 655 780 789 1567 593 1597 185 4698 959 4826 409 5348 780 7602 382 9523 376
114 7 102 190 720 296 766 502 2227 356 2606 435 5070 357 7963 51
115 5 50 685 930 200 1922 509 4352 658 6572 118
116 5 88 641 159 28 491 301 7046 191 8579 945
117 7 37 806 285 458 389 524 410 967 582 836 1572 254 3521 506
118 2 102 160 6157 734
119 10 77 287 147 633 150 366 212 25 307 942 396 869 465 748 553 15 1305 705 4516 815
120 11 5 443 593 419 1823 599 2862 345 3733 490 4245 987 5202 75 5486 720 6031 109 6573 952 9765 926
121 6 12 22 261 559 426 103 2953 930 5614 66 9734 188
122 6 68 802 231 736 236 654 534 12 1317 117 6062 555
123 12 30 179 176 784 271 802 330 531 1161 948 1497 553 2749 802 2750 609 2881 195 3344 866 8692 203 9445 679
124 13 43 681 386 808 555 702 774 621 1398 516 2053 262 2297 104 2332 4 4664 831 5033 777 5756 2 6815 933 9925 124
125 14 24 554 68 785 76 283 217 336 1105 204 1322 791 2016 110 2171 703 2582 185 4132 510 4448 883 4651 203 7353 365 9755 961
126 7 64 624 375 273 1862 450 2488 121 4469 808 7480 439 7794 233
127 8 40 190 169 115 297 10 1108 38 1579 742 2685 618 2992 161 3098 767
128 6 15 932 137 213 739 544 850 681 4845 412 6361 960
129 3 87 18 4338 991 5160 15
130 6 92 202 296 743 3816 136 4503 531 8723 998 9129 459
131 10 14 623 273 790 787 757 1053 478 1838 706 2026 377 3586 700 4812 56 5270 816 7371 214
132 6 72 172 531 836 4743 63 4812 100 6637 20 9111 455
133 13 57 409 206 994 351 181 653 835 731 972 1167 989 1912 54 5353 426 6053 347 7566 964 8653 175 8812 731 9335 973
134 6 56 968 653 151 2232 172 5998 233 6358 567 8156 487
135 11 52 903 470 449 745 249 3069 955 5380 634 6219 4 6336 158 7397 212 8110 875 9120 297 9308 593
136 10 5 145 704 217 788 40 3978 512 4311 690 6070 246 6406 197 7348 460 8671 249 9226 441
137 15 128 213 394 1 682 811 1231 684 1521 775 1998 26 2225 60 3486 841 4913 212 7336 330 7467 183 8113 974 8579 92 8895 500 9338 283
138 10 13 895 161 231 440 335 736 220 1183 967 2830 723 6173 907 6532 412 7410 38 9171 576
139 12 85 879 254 414 260 248 315 5 561 184 1556 729 2641 251 3156 13 4554 283 5080 88 6237 957 8113 210
140 7 20 740 377 749 409 800 803 195 1021 845 1583 709 5793 819
141 12 60 690 226 656 255 986 675 746 1259 876 2052 999 2852 435 4023 474 5721 566 5898 93 7215 212 8907 520
142 9 56 7 2059 435 5368 656 6508 243 6962 474 8090 446 8531 74 9577 559 9716 203
143 6 53 856 806 104 4048 729 7176 670 7881 489 9399 970
144 13 50 253 194 153 499 669 719 383 909 559 1925 653 2310 625 2364 901 3348 880 3774 202 4579 973 5812 388 8536 875
145 11 106 565 688 276 1084 625 3350 891 3374 332 5080 824 5219 717 5356 533 6695 658 7526 668 9645 147
146 6 82 369 208 764 466 300 2393 40 6141 873 8720 269
147 11 119 633 468 166 922 453 1525 756 1546 416 1613 290 2007 884 4328 272 5075 924 6641 545 9384 303
148 14 58 255 77 457 304 842 621 3 870 332 3393 254 3646 937 3998 314 4312 736 4926 314 5607 122 7340 946 8944 185 9024 83
149 14 103 329 245 317 878 916 922 6 1111 978 1474 919 1645 347 1767 889 2118 974 2236 900 2830 878 3766 178 7487 886 8881 210
150 7 119 366 360 530 373 553 786 641 2284 895 5766 998 6990 379
151 11 41 149 186 501 365 679 745 712 804 770 979 373 2349 757 2687 147 3526 21 3665 769 4968 105
152 6 41 263 52 868 312 731 876 716 1244 692 1863 473
153 10 38 2 171 854 543 427 823 272 1259 235 1335 903 2539 410 3580 545 5161 210 7047 897
154 12 39 182 492 158 569 773 577 392 1767 8 1920 478 2011 762 2287 646 4276 430 4385 324 6159 268 8625 185
155 9 88 43 676 704 2878 810 3671 309 5674 483 6498 144 6542 55 6674 871 8068 20
156 6 43 97 327 840 2343 484 2769 415 4388 402 9858 995
157 9 55 594 1178 236 2102 83 2509 80 2564 468 2731 752 3813 298 5575 339 7260 97
158 8 70 73 502 230 1638 235 1788 134 2921 893 7309 731 7774 809 9426 770
159 6 116 28 1169 871 1202 90 2608 447 4245 32 8998 524
160 11 20 845 232 281 442 367 581 721 679 846 681 60 1849 409 4438 875 4481 642 6129 77 8739 664
161 12 138 231 299 42 1208 995 2206 281 2292 753 3087 560 3596 643 3618 702 6674 782 8665 941 8860 604 9652 653
162 9 41 940 594 811 1310 290 1476 435 1649 358 2091 617 5304 149 5708 865 6106 959
163 10 71 772 1090 690 2364 658 2460 288 2635 972 3324 834 3940 854 4409 486 4968 339 6659 980
164 7 46 56 213 744 320 825 519 392 2994 927 6177 968 8252 584
165 12 73 131 612 857 710 55 1015 904 2083 170 3050 233 3295 479 3373 862 3389 539 5777 497 8190 878 9006 261
166 12 3 443 220 265 237 601 265 845 1839 72 2213 498 2457 342 4505 710 5380 203 7103 231 7334 66 8454 559
167 9 113 731 180 40 355 934 1077 938 1649 558 2354 472 4664 846 9069 32 9597 297
168 11 60 717 384 977 422 819 597 939 730 496 1908 211 4373 211 7330 163 7848 990 9011 770 9731 771
169 4 127 115 172 971 5437 276 5550 710
170 7 26 665 329 790 898 164 1743 145 1788 807 1957 378 4977 153
171 6 153 854 405 467 1866 69 1909 134 2607 824 5671 365
172 9 169 971 867 872 878 975 914 495 3184 718 4045 423 4908 345 7114 419 9699 208
173 13 80 938 235 379 242 934 623 494 756 437 797 853 1862 832 2561 348 3548 834 5133 166 5524 624 6326 446 9298 271
174 13 64 56 309 245 311 706 603 561 663 450 961 489 3174 11 3410 887 4097 456 4554 592 8378 66 9293 172 9491 115
175 5 74 29 586 135 1448 841 2814 969 6288 760
176 8 123 784 1653 612 1967 919 2964 718 3016 965 3307 341 4169 701 7912 898
177 10 74 520 293 441 405 971 545 47 961 334 1143 411 1213 178 5487 700 8468 338 9059 191
178 11 112 816 338 898 695 405 847 875 867 213 1539 603 2919 668 3123 972 6464 398 7138 909 8973 845
179 6 112 153 184 608 234 984 1505 825 3274 33 7023 677
180 6 167 40 188 694 4535 100 6380 847 6628 406 8714 755
181 13 94 33 547 799 743 484 1082 8 4061 93 5189 769 5931 169 6235 777 7239 215 7465 439 7549 790 9413 519 9518 633
182 16 34 849 198 397 268 910 322 84 423 223 530 170 580 239 2194 395 2452 344 2639 66 2931 436 3591 581 4436 394 4826 752 5092 749 8244 99
183 13 105 674 200 965 218 853 463 352 617 658 703 12 1101 547 2334 77 3212 455 5863 441 7327 845 7749 341 9397 257
184 8 179 608 240 652 436 331 743 875 1123 861 2012 207 6008 856 9201 593
185 5 78 800 480 458 1929 320 7604 864 8024 995
186 8 151 501 318 728 2730 631 3117 569 4424 267 5760 43 6660 334 9875 418
187 4 36 57 591 319 2162 436 3919 904
188 8 180 694 938 419 1080 316 1164 592 4332 11 4496 111 4627 690 9764 797
189 8 52 859 388 152 1033 827 3108 15 3844 995 3939 939 5063 601 8300 378
190 7 32 682 475 556 558 200 726 188 4189 29 4810 181 7773 963
191 11 102 741 222 486 936 286 963 742 1543 537 1848 500 2049 770 3310 781 4392 606 7826 483 9210 956
192 9 112 376 741 758 756 651 1194 11 2849 861 6027 856 6724 989 7912 761 9305 645
193 6 54 12 281 856 1503 38 2384 844 4973 454 9978 145
194 14 71 913 81 136 144 153 279 971 529 853 2048 34 2961 533 2977 287 5850 392 6910 735 8022 958 8824 141 9377 303 9862 463
195 10 14 393 302 935 1972 191 2209 592 5220 132 5670 686 6760 879 8273 786 8931 98 9050 324
196 7 0 396 345 121 796 746 899 287 2028 40 4252 911 6925 142
197 10 74 980 215 737 559 730 587 499 693 268 695 914 1492 342 2189 616 4560 258 4705 923
198 8 182 397 588 270 778 267 1246 421 3909 550 4895 891 5262 463 6511 67
199 8 57 742 804 744 851 165 1534 763 1654 539 2189 635 2203 164 8107 72
200 13 183 965 280 760 376 38 434 636 2150 658 2529 529 2606 726 4482 584 4747 186 6956 428 7073 549 9515 40 9773 158
201 4 43 252 377 158 419 306 5668 1000
202 4 77 630 310 784 630 223 1035 203
203 9 109 156 700 581 1175 275 2626 135 6008 640 7512 121 7645 278 8242 222 9740 685
204 6 13 13 1199 480 6414 873 6657 744 8492 617 9989 242
205 9 34 661 207 959 323 269 1302 417 2004 582 4452 47 7518 700 8281 207 8372 189
206 6 133 994 216 663 250 170 292 832 509 206 5560 24
207 5 205 959 1052 6 1110 158 4773 537 5736 752
208 10 146 764 546 680 2242 325 2823 438 2973 758 4547 200 5721 607 8942 11 9484 124 9569 433
209 13 20 738 310 155 471 730 551 40 671 172 1279 659 1564 755 2229 577 2308 781 3368 765 5020 954 9601 26 9616 987
210 10 104 684 813 762 1009 908 1141 154 1268 424 1652 733 2080 133 5472 96 8334 187 9819 975
211 11 43 693 524 85 635 609 667 23 738 248 975 693 4024 514 5447 408 6583 895 8914 958 9771 527
212 10 119 25 334 302 500 349 532 340 2326 556 2418 125 2915 782 3625 776 4561 144 4899 407
213 9 164 744 454 431 605 699 1015 882 3511 808 4082 277 4962 739 6638 387 7350 968
214 11 107 521 279 777 748 442 966 197 1062 50 1280 401 2296 719 2986 659 3872 173 4810 627 7600 525
215 4 197 737 3762 419 5523 710 5674 26
216 8 206 663 244 927 506 106 543 339 1359 597 3874 954 5471 253 8310 755
217 6 125 336 1217 986 2164 623 2738 228 3877 691 3985 559
218 5 183 853 1212 225 2018 697 6803 857 8244 970
219 4 10 258 1177 397 5116 714 7830 769
220 7 35 962 166 265 372 643 734 53 1603 951 2438 490 9102 587
221 9 39 33 1057 671 1815 142 3838 424 3846 463 5446 942 5706 933 7924 46 8382 952
222 7 191 486 901 578 2300 141 2631 833 5085 26 6686 883 8168 26
223 13 81 960 105 306 339 814 367 722 383 810 505 698 1547 44 1990 572 3789 158 4285 988 5995 211 6650 789 7465 289
224 10 26 668 622 914 2197 240 3265 272 3341 709 3959 474 4906 376 5570 80 6132 715 9179 101
225 6 102 309 1378 78 2299 726 3474 266 8589 947 8865 37
226 7 141 656 420 123 711 689 3419 711 6525 847 9340 915 9733 549
227 5 71 872 4118 325 7205 393 8724 116 9240 481
228 9 102 979 239 456 331 25 393 627 1706 897 1996 853 2974 418 3627 380 5050 782
229 8 36 336 407 812 541 495 992 133 4679 196 4696 337 6644 599 6827 628
230 8 39 366 272 914 295 165 1816 220 2216 955 2428 768 6428 844 9054 756
231 15 122 736 267 727 913 63 1019 325 1041 359 1418 820 2331 965 2545 168 3829 453 4210 410 5514 59 5684 106 7393 205 8397 854 9955 677
232 8 160 281 306 286 356 925 589 32 783 730 2212 372 5090 369 5245 723
233 11 113 613 776 743 1008 196 1910 241 4170 895 4780 636 5160 549 7208 414 7356 510 7712 532 9016 992
234 11 179 984 284 398 420 290 2770 228 5211 160 8522 469 8723 676 9167 343 9189 911 9902 781 9958 393
235 15 173 379 290 686 415 841 734 408 787 96 1740 805 2078 577 2135 914 2523 182 3344 26 4556 962 5176 50 5719 733 7677 531 8180 751
236 11 122 654 344 888 1195 224 1898 616 2133 683 2267 475 6000 241 7769 383 8116 877 8593 139 9381 502
237 6 166 601 249 509 503 325 998 685 1046 341 3327 795
238 9 108 545 526 78 3680 461 4720 381 4783 93 5657 59 5781 276 6650 686 9860 976
239 9 228 456 247 277 269 908 2111 367 4073 33 4582 279 6168 687 6621 96 6817 755
240 8 184 652 253 857 439 430 905 949 3760 797 4505 827 5781 651 6252 108
241 19 23 660 378 896 483 637 484 46 516 392 528 598 1340 795 2084 589 2435 866 3232 600 4939 713 5528 198 6116 496 6264 592 8352 569 8915 406 9170 485 9330 451 9755 982
242 7 173 934 684 592 1604 363 3512 479 3710 679 5094 287 8957 475
243 13 52 74 405 486 525 383 740 760 1210 642 1694 606 2123 84 2588 165 3106 778 6034 713 6261 792 6815 912 6988 35
244 9 216 927 406 289 627 220 1230 806 1249 934 1329 823 2037 515 6454 885 9955 964
245 15 149 317 474 384 488 394 700 494 1522 887 2795 428 3818 792 3975 359 7310 248 7733 100 8327 692 8426 996 8513 679 9563 689 9924 731
246 12 56 831 585 790 595 466 637 524 1867 42 2145 273 2807 911 4823 200 5087 383 5309 587 6226 185 7906 86
247 12 239 277 441 517 608 8 702 788 985 250 1346 207 4305 899 5772 525 6168 24 6667 692 7541 758 9861 580
248 5 16 698 563 987 4367 400 7372 607 8158 424
249 8 237 509 832 816 1425 675 4240 177 5661 363 5936 221 6265 353 9823 150
250 10 206 170 677 665 812 64 2156 333 3447 64 5562 779 6440 914 6442 416 9566 669 9990 190
251 3 97 8 567 696 922 934
252 8 57 203 381 317 1393 218 1624 201 3564 280 4193 56 6177 578 8654 713
253 10 240 857 486 558 600 922 1631 927 4803 894 5639 878 5785 39 6169 244 8818 223 9447 69
254 8 139 414 364 972 1120 703 1185 894 1715 490 2994 194 6816 123 9835 191
255 9 141 986 648 72 2171 381 2832 270 2951 656 5360 9 5564 32 5910 803 7939 564
256 4 26 621 2046 678 3052 655 9040 44
257 13 108 929 382 639 383 731 729 23 1500 165 2479 335 2601 425 3216 640 4050 347 4113 352 4907 732 7208 43 8212 973
258 11 62 990 402 59 590 984 598 929 619 604 1419 478 3522 867 4613 53 5581 890 8934 570 9461 343
259 4 86 827 697 509 2297 984 3202 749
260 11 139 248 341 583 462 637 1005 191 1262 309 1310 391 1598 86 4230 766 4610 674 7119 809 8825 365
261 6 121 559 3144 998 7429 960 7517 713 7701 120 8119 774
262 7 14 353 277 852 278 458 1163 211 3297 448 4021 881 9094 520
263 4 67 641 325 969 520 788 2433 265
264 9 112 300 1296 507 1681 641 2985 16 3543 420 5785 640 6800 44 7336 65 9961 837
265 9 166 845 325 285 693 193 1720 426 5525 234 6118 573 6621 838 7616 837 8289 505
266 11 62 31 764 309 1390 348 1599 499 2325 944 2737 125 4608 337 5914 55 7538 360 8699 459 9888 544
267 8 231 727 309 372 1112 282 1408 581 2757 394 4708 845 9962 858 9976 147
268 11 182 910 421 307 514 934 1040 746 1121 244 1510 620 2072 435 6322 28 7615 407 7621 317 8628 159
269 4 239 908 404 913 5676 168 6119 625
270 11 62 466 497 703 657 587 2137 907 2494 664 2832 576 3623 749 3767 538 3914 151 3951 7 8091 621
271 7 123 802 855 48 1656 315 1916 263 5727 715 6489 521 8760 526
272 8 230 914 381 104 604 884 1190 462 1202 905 6596 515 7040 355 9894 781
273 18 131 790 1299 484 1511 574 1870 69 2110 857 2319 545 2986 268 3469 933 3503 806 4436 830 4501 88 4619 190 6206 900 6458 302 7930 333 8755 582 8773 32 9811 304
274 6 70 714 539 917 857 633 1618 905 5463 785 8406 20
275 5 25 416 6045 769 8724 583 9211 330 9351 549
276 13 39 573 88 664 983 575 1801 120 2111 698 2403 159 2604 207 3447 908 6594 86 8830 768 8936 494 9019 151 9231 624
277 5 262 852 639 178 1122 288 7309 413 9105 699
278 9 262 458 658 160 1243 781 1705 924 1995 993 2253 31 2318 464 2489 992 4607 684
279 6 194 971 214 777 1010 444 1125 403 3275 93 3646 399
280 7 200 760 1059 407 1881 3 4110 84 4201 623 7319 182 8916 484
281 6 105 124 193 856 1138 442 1255 465 4410 287 8369 575
282 15 106 865 328 590 479 841 488 843 752 754 1817 291 2178 619 4749 463 4995 720 5827 996 5978 992 6432 166 7277 372 8272 665 9620 648
283 11 35 359 286 942 603 360 691 22 771 486 3770 671 4213 17 4539 833 5702 119 7744 586 7910 614
284 7 234 398 305 240 366 732 2491 731 2879 475 2972 389 5387 171
285 13 117 458 901 791 1104 780 1354 74 1864 110 2587 125 2875 224 3314 459 3675 659 6020 601 6823 318 7141 93 9330 787
286 7 283 942 287 207 890 149 2658 810 3051 285 4009 212 6556 479
287 7 286 207 321 372 1763 356 3029 629 7135 706 7309 464 7484 488
288 7 15 419 564 588 1281 799 5035 881 5274 189 6055 889 9231 779
289 11 53 881 301 46 1275 583 1657 635 1696 933 1809 481 1922 577 2946 313 3427 177 5449 540 9786 60
290 9 235 686 1357 359 1442 249 4744 497 5771 374 6870 450 7251 176 7636 162 8274 160
291 5 9 946 800 72 2457 808 2998 373 3129 591
292 6 206 832 610 977 903 451 1836 100 3183 433 6365 671
293 8 177 441 1109 364 1155 408 2817 220 3185 513 4439 465 6533 113 9693 177
294 11 101 289 722 219 1765 512 1971 644 2250 361 2600 94 2739 759 2996 754 3323 88 6207 96 6554 405
295 8 230 165 357 990 1903 701 3962 130 5028 479 5313 212 6790 652 8976 507
296 8 130 743 548 22 809 289 1130 984 2702 753 6737 243 9387 972 9453 634
297 4 127 10 4305 303 6243 571 9708 455
298 10 22 739 333 246 1204 223 1876 778 4349 431 5064 154 5975 896 7355 907 8143 605 8804 45
299 8 42 848 161 42 1060 137 1581 397 3165 176 3935 135 4473 365 7149 419
300 7 12 55 340 62 1952 119 2345 846 2909 582 4535 298 7233 475
301 15 289 46 391 947 428 1 432 421 690 471 1374 677 2949 624 3641 849 4247 591 4362 355 4898 744 5212 163 7080 687 7325 783 8780 199
302 10 70 304 195 935 527 2 972 594 1649 962 2078 90 3315 677 5989 73 7732 819 9811 531
303 12 96 355 511 944 742 41 770 945 1031 354 1953 872 2727 50 3071 219 3694 843 6676 601 7451 432 8824 956
304 8 148 842 1303 101 1582 698 2764 885 4625 107 7169 408 9294 892 9531 917
305 8 284 240 371 518 1316 823 2022 553 2998 268 7744 337 9301 647 9843 158
306 11 232 286 352 159 395 801 911 407 1072 295 1433 932 1615 773 1765 94 1847 2 2877 55 4674 354
307 13 119 942 352 920 675 309 951 274 1205 755 4988 240 6390 563 6785 834 6921 334 7637 925 8152 37 8865 106 9247 162
308 8 107 356 446 988 728 866 2566 638 3998 987 6593 720 8977 986 9954 892
309 11 174 245 267 372 854 675 1596 343 1954 368 2461 705 2637 13 4240 165 6699 189 8404 819 8489 548
310 6 202 784 209 155 772 454 7642 913 9546 68 9561 844
311 6 174 706 614 139 1531 296 6420 402 8329 657 9717 680
312 14 152 731 335 307 413 954 1092 818 1801 677 2160 726 2828 470 2873 5 2884 403 3220 808 3719 878 5019 556 7501 439 9830 486
313 11 73 945 94 421 363 678 1647 557 1976 999 3360 883 3985 533 4680 257 5538 835 5898 981 6359 978
314 11 48 318 451 56 1535 89 2662 296 3376 109 6634 802 6959 554 7395 687 7997 309 8797 172 8824 526
315 11 139 5 1134 346 1286 915 1565 632 2211 834 3055 451 3823 830 5478 103 6452 349 7669 522 8873 384
316 2 20 816 5355 319
317 8 46 47 1136 156 2939 326 3084 328 3163 625 4449 142 6876 597 8782 570
318 10 186 728 464 881 678 2 844 594 869 201 2135 345 4150 20 5160 299 6437 958 7080 606
319 9 108 673 607 882 1575 378 2827 372 3454 125 4880 273 4945 207 7660 297 8404 679
320 6 164 825 1300 453 2690 601 3893 602 5988 644 9171 97
321 8 287 372 707 2 2828 861 4229 271 5348 534 7188 434 7307 735 7343 127
322 9 182 84 461 838 4164 951 4951 927 5265 41 7328 933 7704 380 8792 96 8891 440
323 8 205 269 1803 912 2120 207 2899 82 3126 677 3241 723 3954 939 9905 249
324 12 19 623 950 671 1818 487 2106 850 2678 555 2765 927 3224 632 4377 890 5618 284 5749 829 7478 315 9545 716
325 6 263 969 265 285 1362 314 3595 354 5475 322 8901 571
326 8 19 675 478 967 508 564 513 91 1252 396 7203 67 7471 388 8018 920
327 5 156 840 361 80 680 294 4465 546 4671 701
328 10 282 590 1084 4 1407 420 1615 995 1877 603 3299 617 3495 937 3865 847 5313 604 8329 357
329 4 170 790 339 200 694 233 1732 732
330 11 123 531 624 873 1368 97 2516 600 5340 735 5496 381 6780 432 8109 486 8530 852 8866 749 9200 746
331 12 228 25 829 518 2181 69 2672 693 3230 705 3733 549 3920 275 4159 364 5969 36 7291 418 8470 533 9575 913
332 12 41 135 1429 531 3994 497 4364 61 5031 902 5841 793 6449 130 6744 464 7994 251 9220 831 9271 502 9896 956
333 9 298 246 521 727 696 637 2801 947 2950 427 4484 504 4818 107 5276 223 9084 197
334 11 212 302 358 857 387 191 1806 239 2424 96 3611 277 4838 694 4882 519 6026 723 6630 381 9919 119
335 13 312 307 397 838 884 627 896 631 1213 933 1912 531 4825 358 5122 457 5154 125 5675 405 6646 525 7851 816 9041 103
336 5 85 685 431 108 2599 818 3554 173 5850 757
337 10 13 306 755 740 1166 486 2377 536 2432 512 5087 865 5769 634 6675 17 6734 906 9618 420
338 8 37 341 178 898 544 136 1280 628 3616 166 5208 380 6090 560 8138 564
339 12 223 814 329 200 643 788 682 319 892 828 1514 921 1981 919 2344 151 3439 128 5526 869 7589 550 8309 212
340 10 300 62 443 527 625 756 727 896 1200 649 2020 658 6337 72 6455 198 8120 795 8515 658
341 5 260 583 3163 397 6836 920 8176 639 9483 975
342 6 52 187 416 507 2866 183 4750 375 5701 738 8817 61
343 5 41 711 4969 67 6397 438 7461 537 7806 226
344 7 236 888 2502 755 4754 887 4768 971 7418 777 8981 133 8998 406
345 8 196 121 1167 972 2318 311 6497 464 6752 742 7807 183 7877 879 8686 288
346 11 50 704 552 10 708 249 1289 538 1990 36 2035 772 3090 79 3357 719 5154 524 5676 149 7320 626
347 5 78 134 651 70 4167 323 4698 312 4711 532
348 10 54 476 874 892 1045 608 1081 254 1111 635 2019 723 2069 307 2127 366 2741 881 7488 946
349 4 45 285 6989 932 7724 343 7998 523
350 8 45 650 477 657 1878 293 2085 629 3206 341 4464 392 5017 890 5995 471
351 6 133 181 372 863 380 250 1376 468 2610 589 3697 443
352 11 306 159 307 920 771 98 972 40 2366 568 2819 445 3237 235 6250 401 7057 385 7425 875 9403 465
353 9 94 461 369 718 1571 257 2755 871 5008 947 5102 903 7171 401 7782 370 9683 231
354 8 97 9 2792 23 4578 643 4974 708 5394 531 6666 690 7776 396 9785 467
355 4 167 934 1267 735 4525 496 5118 333
356 5 232 925 1619 882 2451 336 3354 572 9706 211
357 8 295 990 368 783 3045 200 4111 543 4176 609 6845 104 8241 535 9410 495
358 12 334 857 359 146 1053 595 1229 670 1745 953 2652 264 3759 33 4554 989 4766 513 5318 910 5397 362 6584 774
359 6 358 146 579 306 868 550 4397 898 5016 37 7034 342
360 7 150 530 472 825 1054 60 1480 701 1730 977 3570 259 8520 57
361 10 327 80 520 955 672 194 2504 221 3212 133 3575 661 3958 557 7373 689 8988 661 9139 398
362 4 79 71 2328 953 4588 634 5854 671
363 8 313 678 737 165 2132 328 3130 163 3217 301 4555 15 8429 535 9826 729
364 8 254 972 596 194 1448 656 1558 978 1759 823 2320 338 5044 651 6010 356
365 8 151 679 473 77 1098 953 2941 576 3498 562 3650 803 4715 308 6625 183
366 10 284 732 933 392 1843 777 1916 434 3249 704 3308 19 4060 523 4832 766 5872 263 8452 608
367 10 223 722 1574 680 1773 201 4025 294 5061 289 7774 137 7831 25 7892 774 7972 730 8965 774
368 9 357 783 612 305 1020 596 1209 628 2596 697 5751 923 6778 595 6790 622 9124 944
369 8 353 718 427 790 1955 933 2663 692 2735 850 2781 43 3757 838 5235 673
370 7 1 875 749 542 1424 498 3313 561 5164 504 5974 884 8182 946
371 11 305 518 459 562 1080 694 1242 118 1415 945 1735 633 2635 371 4711 833 6369 452 6871 367 9121 701
372 6 220 643 351 863 1398 705 1563 548 4568 602 9427 908
373 9 150 553 620 189 1206 230 2017 968 2512 67 3600 730 4110 792 7096 447 7478 274
374 8 82 891 399 588 556 733 1287 641 3444 446 4384 302 6770 257 9762 89
375 8 126 273 411 448 1985 833 3674 255 3869 786 4709 42 6538 101 9305 853
376 7 3 282 200 38 1369 387 1868 175 2097 383 5002 194 8799 743
377 6 140 749 201 158 1488 259 2374 877 2423 58 6616 922
378 11 241 896 965 529 3969 248 4758 220 5111 892 5502 969 6372 185 6467 576 7439 420 8481 484 8844 206
379 13 99 611 493 323 836 756 1149 745 1705 324 1975 363 3318 685 3324 717 3685 176 3964 346 4339 876 4560 391 9602 145
380 10 351 250 862 555 2052 350 4236 635 5910 261 5930 292 7208 480 8255 838 8763 550 9953 433
381 7 252 317 272 104 1353 264 5250 458 8605 81 9781 644 9843 834
382 8 257 639 494 934 1450 520 2657 623 3693 899 3771 718 6242 732 9347 886
383 9 223 810 257 731 899 365 1079 970 1682 211 3610 303 7608 792 9045 951 9438 519
384 7 168 977 1174 220 2949 91 3524 865 4506 348 7766 706 9731 44
385 12 100 520 418 761 791 743 915 477 1068 754 2458 578 4681 533 6253 883 6970 90 8512 823 8866 467 9844 529
386 7 124 808 1982 45 3113 709 3686 342 4134 25 7914 230 9949 656
387 8 334 191 1327 132 2925 74 3096 622 3723 335 4754 398 8319 183 8699 486
388 8 189 152 1149 311 1633 576 1974 682 2556 917 3716 947 7153 112 9649 102
389 13 117 524 1036 830 1095 671 1311 560 1470 951 2221 233 2444 416 3747 613 4811 343 5168 131 5832 101 8040 969 8555 28
390 15 38 504 47 429 510 512 810 68 1555 681 2128 394 2239 237 2243 549 3703 278 4227 386 5495 120 5925 319 7126 526 8970 470 9782 527
391 9 301 947 811 278 1916 374 3102 825 3690 120 5648 925 6483 847 7077 801 9762 626
392 8 97 220 799 411 1401 999 1526 50 2772 834 5136 277 5495 553 8915 493
393 12 228 627 442 12 536 474 549 219 3214 163 3474 979 3776 38 4660 706 5210 247 7598 180 8179 496 9912 976
394 5 137 1 1341 633 1344 534 1467 346 4819 589
395 10 306 801 435 397 476 936 819 833 2634 2 2719 29 3415 733 5591 874 6688 510 9632 191
396 6 119 869 2062 756 3295 360 5818 998 8491 902 9636 858
397 12 335 838 426 40 1187 518 3973 663 5111 48 5935 856 7675 451 7823 942 7965 706 8219 325 8519 200 9590 621
398 12 31 523 400 282 419 660 1050 645 1382 623 1822 316 2565 201 2776 102 5358 832 8281 888 8952 842 9884 287
399 15 374 588 782 365 861 762 1472 542 3216 255 3399 333 3577 255 4395 139 5233 170 6299 383 7469 102 8468 357 9253 176 9775 996 9790 308
400 5 398 282 767 660 7123 164 7265 59 7663 388
401 8 56 425 447 837 592 394 1222 203 3670 631 4017 829 4225 93 8887 864
402 5 258 59 761 493 2142 895 5665 287 9381 660
403 4 61 159 455 868 8333 559 8425 17
404 6 269 913 916 36 1288 435 1847 961 2586 164 8633 856
405 11 171 467 177 971 243 486 414 708 652 569 932 73 1220 197 2534 654 4082 239 7553 745 9144 716
406 7 3 729 244 289 4004 615 4443 345 5012 218 6830 427 8899 220
407 8 229 812 444 559 647 899 1678 914 2145 47 3078 801 4025 111 6226 332
408 10 6 655 526 532 2721 727 3034 232 4528 130 5514 507 5725 30 6170 373 7043 733 9380 690
409 7 140 800 538 445 1366 101 1436 756 2157 715 3122 905 5793 856
410 5 117 967 1309 385 1754 30 4145 12 9083 103
411 6 375 448 579 453 1851 650 2841 31 5103 278 9030 429
412 9 32 194 85 67 1136 212 3470 947 4394 445 5590 873 6102 524 6139 619 7928 696
413 7 312 954 676 810 1226 547 2060 823 4948 454 5188 343 9592 4
414 13 405 708 723 130 1776 770 2192 204 3202 491 3498 957 4040 904 4785 733 4902 238 6076 373 7581 228 8960 894 9697 722
415 8 235 841 575 560 634 916 1560 724 2200 195 4161 725 4204 489 6795 900
416 6 342 507 445 57 748 35 1154 838 2944 441 4330 131
417 6 29 216 75 510 91 462 1801 379 1859 596 2077 465
418 7 385 761 1714 263 1940 797 2858 40 6977 116 6991 628 8971 470
419 9 201 306 398 660 438 384 2603 820 3932 336 4754 394 6763 247 6863 551 9595 406
420 11 226 123 234 290 496 375 2284 298 3197 893 4130 620 4742 707 6222 68 7237 783 8344 868 9314 640
421 7 268 307 609 826 974 729 1814 264 7771 707 9368 191 9967 292
422 10 168 819 880 517 893 630 2076 801 3760 132 3849 117 3852 51 4715 317 6783 99 8530 491
423 9 182 223 467 224 469 760 1068 840 1180 66 1353 492 1421 378 1631 225 4788 395
424 6 21 609 2195 38 2811 295 3369 78 6512 645 7846 270
425 9 13 28 1044 939 3571 467 3938 823 4145 213 6857 512 7610 133 7823 965 8698 63
426 8 121 103 397 40 858 554 1496 611 1926 457 7951 187 8208 426 9755 536
427 7 369 790 504 891 601 520 3831 933 4699 768 5958 851 9315 70
428 4 301 1 5853 683 9187 380 9832 351
429 8 33 532 779 607 825 49 1251 709 2137 810 5745 851 6724 832 8894 703
430 4 40 520 718 654 7669 615 8414 358
431 12 336 108 666 412 757 904 1201 641 1517 362 2317 987 3196 81 4850 175 5639 344 5994 181 6141 976 7486 17
432 7 301 421 866 176 1360 293 1853 254 4630 985 5521 531 6767 276
433 6 24 563 3982 482 4888 692 4945 436 7615 955 9817 335
434 7 200 636 632 934 1716 20 2239 443 5469 408 7627 44 9469 231
435 10 395 397 662 965 682 494 879 283 1594 992 1799 954 2373 646 6861 977 8142 100 9479 457
436 7 184 331 789 758 1236 113 1312 850 4205 544 7297 286 8805 621
437 8 16 274 450 346 1039 599 2178 836 5166 893 6881 899 8615 369 9764 707
438 11 419 384 1594 57 1984 78 2148 595 2314 781 2804 681 2915 400 4115 714 8765 824 9070 911 9875 126
439 11 240 430 953 215 1592 359 3257 706 4497 361 4506 748 4934 940 4967 270 5314 181 5776 903 6836 178
440 10 138 335 1078 844 1584 168 3331 843 3930 805 4841 230 7218 298 7585 689 8974 48 9789 988
441 6 247 517 1901 492 3160 895 4795 490 7070 933 9961 910
442 8 160 367 393 12 1669 949 3474 498 4947 64 5816 640 7843 530 8333 263
443 7 47 441 97 305 340 527 1433 530 2551 585 3973 111 9889 64
444 10 407 559 1102 670 1450 438 1748 118 2093 145 2628 973 4365 46 7401 169 8545 724 9166 301
445 8 416 57 487 263 721 961 1107 905 2648 724 3137 818 5546 885 8466 629
446 11 308 988 1505 869 1520 635 1643 953 1737 158 1742 662 2723 40 3615 56 7040 666 9106 169 9793 806
447 9 401 837 573 86 4201 920 4247 906 4918 765 8539 445 8578 641 8945 115 9847 887
448 3 75 515 2873 972 3394 432
449 6 44 344 631 539 670 195 2834 417 5999 324 9397 707
450 8 437 346 474 718 1736 893 5457 166 5497 390 7494 800 7719 14 9838 563
451 10 314 56 1301 762 1430 140 1501 244 2174 170 2683 332 5627 730 6961 326 7267 914 8674 339
452 7 57 206 533 961 934 183 5486 807 7617 387 7978 431 9594 563
453 8 105 141 724 802 1274 319 2349 372 3132 914 6348 772 7109 697 8735 334
454 4 213 431 498 333 2213 349 7228 434
455 9 403 868 757 733 2562 259 3973 118 4942 722 5495 884 6507 942 7955 724 8284 967
456 10 17 929 661 434 664 277 877 629 5187 387 6304 107 6531 560 8654 184 8658 379 9940 962
457 3 64 455 2042 278 3579 935
458 8 111 828 485 460 628 653 7024 649 7195 10 7427 145 7858 690 9191 977
459 8 371 562 1290 804 1310 311 2849 912 3260 437 3788 685 5128 276 8959 611
460 7 22 956 477 192 1128 407 1468 933 1872 439 3371 382 7158 987
461 8 322 838 570 77 626 103 1435 561 1625 550 6715 255 7459 338 9452 904
462 6 260 637 633 258 2149 230 2503 465 3611 297 5559 601
463 14 183 352 547 913 945 188 1027 852 1319 200 2017 834 5566 365 5755 982 5917 25 6703 638 6953 194 9147 541 9262 727 9859 24
464 2 318 881 9103 386
465 9 119 748 1081 255 2365 823 2465 477 2916 33 3684 432 3986 481 8575 269 9527 68
466 7 146 300 2758 815 2794 866 4035 466 4660 144 6166 646 7185 569
467 4 423 224 1773 72 2335 620 4160 324
468 8 147 166 2035 352 2797 773 3961 552 3968 850 4460 27 4864 496 9907 184
469 6 423 760 2299 51 3103 167 3219 657 4010 783 7144 33
470 7 65 899 135 449 1042 935 1229 393 2526 931 4156 282 4802 82
471 8 209 730 900 888 2519 477 4075 345 5278 793 7609 390 7940 220 9211 870
472 10 360 825 689 891 699 379 2198 669 6766 574 7222 47 8058 490 8710 411 8818 845 9466 413
473 7 365 77 1099 58 1597 498 1757 937 6556 790 7883 533 8374 174
474 11 245 384 450 718 681 648 828 53 865 407 1172 177 2412 144 5798 100 6428 485 7395 556 9069 924
475 9 190 556 838 800 1132 652 1727 246 1991 144 3641 211 7407 851 7410 146 8688 515
476 12 395 936 995 419 2007 686 2396 947 3297 196 3305 578 3346 191 5533 726 6178 105 8042 460 8544 913 9988 289
477 9 350 657 460 192 548 269 999 818 1956 484 4878 750 4995 698 5770 935 7837 300
478 4 326 967 2369 343 4968 482 7063 788
479 6 282 841 3298 599 3927 212 6922 423 8425 980 8623 142
480 11 185 458 769 458 841 592 1148 328 2478 177 3568 480 5074 930 6673 205 7713 297 7798 87 8109 270
481 6 15 878 1007 989 1225 481 3754 64 7737 348 9864 221
482 5 113 655 1087 94 4075 444 5676 595 6389 482
483 8 241 637 537 461 714 176 1444 154 2002 264 5652 793 9701 964 9744 844
484 5 241 46 2569 479 4567 11 7642 247 9422 564
485 9 458 460 817 328 1491 692 1623 484 2170 318 6508 459 6809 992 7456 147 7766 630
486 7 253 558 753 279 935 285 1013 367 1381 763 3601 264 8185 134
487 6 445 263 1395 745 2640 546 2988 444 4456 748 5335 70
488 2 245 394 282 843
489 2 46 336 2269 564
490 14 45 426 576 761 1534 286 3810 866 4408 197 4585 642 6227 816 6387 399 6814 46 7204 652 7214 641 7344 133 8037 859 9484 96
491 5 116 301 1485 901 1956 545 3054 384 5161 390
492 9 154 158 1189 379 2096 874 2256 655 2581 39 4606 568 6251 689 6654 83 7211 236
493 10 379 323 2089 53 3416 623 3949 362 5488 327 6394 658 7019 391 8889 959 9488 758 9865 669
494 10 382 934 706 433 1277 732 1385 576 1610 852 2394 559 2624 750 4058 470 4211 921 9126 62
495 9 44 409 694 293 844 989 989 560 1405 426 2013 533 3982 589 6983 362 9240 799
496 10 420 375 2092 826 2235 755 2907 67 3009 843 3181 331 4596 428 4888 665 6082 867 7712 226
497 11 270 703 815 862 907 827 914 666 1296 659 4713 340 4920 102 5234 339 7283 787 8079 256 8277 57
498 7 454 333 1495 634 3914 310 6605 884 8262 3 9184 141 9599 595
499 7 144 669 768 789 3094 38 5718 250 6521 634 9311 312 9761 87
500 8 212 349 1131 855 1446 350 1784 712 2203 684 3118 783 3919 738 7980 22
501 3 48 548 1257 951 4980 19
502 5 158 230 1071 620 2335 263 3395 75 7938 781
503 12 95 448 237 325 750 661 1144 383 1449 669 1506 698 6191 196 6506 910 6860 97 7189 355 7505 615 8532 444
504 7 96 380 427 891 814 24 2245 607 3700 716 3857 736 6318 103
505 5 223 698 2642 960 6601 735 7100 580 7303 38
506 10 216 106 1018 844 1065 25 1630 492 2253 504 5268 659 7372 620 8046 194 8631 834 8689 25
507 10 41 329 57 533 659 120 988 712 2283 988 3377 243 5125 485 5819 751 7766 425 7852 446
508 9 326 564 717 281 1210 333 1284 183 1334 376 2920 629 4032 2 5735 967 5893 334
509 6 206 206 1299 543 1300 672 2151 70 4031 612 5124 487
510 9 390 512 908 713 1324 542 1829 653 1893 350 2459 540 4582 237 6729 746 7586 286
511 7 303 944 1156 692 2569 36 6863 159 6872 114 7309 680 9212 546
512 10 26 25 3115 866 3873 515 4187 49 4360 129 4647 463 5285 583 5908 862 6039 658 8124 436
513 9 326 91 994 150 1105 341 1428 417 3210 401 6992 939 7177 977 7822 111 9241 710
514 5 268 934 698 724 3492 173 4376 981 5769 800
515 6 27 346 2215 840 5370 447 5612 350 8304 528 8731 282
516 9 69 76 241 392 1152 645 1218 795 1276 125 2413 533 2457 480 4826 568 5033 362
517 4 77 564 1274 191 1650 988 5584 497
518 11 87 369 1404 819 1496 790 2574 320 3206 414 4643 563 5877 507 6992 656 7167 33 8536 465 9495 497
519 7 164 392 692 881 2082 582 4041 631 7659 324 8027 604 9658 839
520 10 263 788 361 955 1706 359 2473 974 3067 877 5499 905 5978 691 9018 616 9065 727 9174 488
521 7 333 727 566 729 875 427 2553 283 3032 612 3157 788 3248 87
522 10 42 147 1197 304 1808 770 2231 319 4155 926 6099 124 6401 437 9439 106 9462 380 9667 857
523 4 20 55 856 270 1269 358 8482 477
524 4 211 85 746 724 1564 232 2384 706
525 3 243 383 962 586 1928 163
526 7 238 78 408 532 833 760 3339 662 3769 489 8820 141 9122 350
527 5 302 2 3058 790 4614 531 6883 354 7853 658
528 7 241 598 1949 946 3303 7 3853 69 5191 740 6064 626 7385 524
529 10 194 853 1631 315 4094 608 4214 438 4656 222 5367 464 5851 636 6851 858 7079 571 9243 815
530 10 9 393 182 170 583 81 641 550 2047 596 4217 247 4407 45 5549 173 6411 281 9607 940
531 5 132 836 3721 766 7300 678 7413 376 9428 852
532 6 212 340 1608 74 2958 616 3722 934 5025 427 9780 860
533 6 452 961 775 931 2128 551 2282 393 4975 578 8673 963
534 9 4 618 122 12 1208 63 2466 161 3427 266 5222 910 5657 678 6103 796 7432 629
535 8 72 636 2154 927 3422 621 3480 402 4281 688 4510 487 5326 588 5704 229
536 10 393 474 557 911 678 454 1585 48 2811 590 3539 942 3719 808 7324 406 7552 303 9426 838
537 8 483 461 558 166 831 466 909 894 1412 677 2162 654 3866 577 4474 567
538 8 409 445 732 560 1509 912 1927 968 2558 425 3213 345 5467 254 8004 28
539 10 65 814 274 917 643 461 1244 197 2994 232 3176 730 5470 877 6172 662 8102 386 9011 568
540 8 11 408 2718 531 3063 771 3481 334 3779 339 6156 608 7879 490 8782 364
541 4 229 495 3002 13 4714 981 9244 997
542 7 34 595 613 708 2545 457 2820 478 4720 911 5086 962 6597 505
543 7 153 427 216 339 969 428 2904 536 7756 914 7838 861 9614 444
544 8 338 136 1772 206 2134 70 2382 250 5391 435 7657 221 8644 728 9469 984
545 7 177 47 1556 370 1642 428 2630 642 3079 903 6695 874 6722 951
546 4 208 680 1276 644 4181 381 7863 829
547 9 181 799 463 913 1133 89 1914 307 2984 808 4119 125 4797 324 5642 125 8164 665
548 12 296 22 477 269 716 546 1313 963 1870 582 2509 158 3403 398 5892 800 5981 104 6726 275 7306 22 8776 729
549 8 393 219 572 796 1689 520 5545 136 7718 548 8070 797 9517 467 9862 898
550 9 76 781 1047 800 1753 498 1820 503 1999 190 3061 519 4065 556 8741 817 9030 260
551 8 209 40 3370 723 4047 699 5171 497 6368 326 6966 834 8110 656 8316 623
552 10 346 10 1292 765 1563 5 2734 651 3361 346 3396 23 5673 219 6442 989 7266 775 9902 563
553 6 119 15 609 885 910 359 4718 427 8565 712 9304 785
554 8 86 791 1958 960 2278 716 3017 476 6143 707 6418 552 8925 887 9594 149
555 10 124 702 805 390 831 298 4870 619 4974 289 5689 190 6932 236 7109 785 7169 448 8488 133
556 8 374 733 1107 371 1137 790 1889 554 5648 105 7467 930 8425 889 8703 126
557 8 536 911 1998 325 4062 5 6566 965 8664 207 9263 72 9637 924 9879 735
558 7 190 200 537 166 817 421 1356 250 2699 61 2965 958 9237 836
559 10 197 730 929 265 1248 479 3310 692 3352 145 3731 413 3978 247 5085 742 8116 520 8824 706
560 7 52 289 601 366 3202 527 4205 937 7009 783 7278 443 9995 338
561 10 139 184 792 487 857 667 2307 627 2559 401 2851 527 3135 932 6624 544 7293 374 9707 247
562 4 53 99 2468 249 3644 747 5403 537
563 11 248 987 749 314 781 546 990 60 1174 349 1181 762 2644 558 5071 47 8417 314 9925 165 9957 871
564 8 288 588 1489 416 3983 601 4031 471 4239 56 4280 81 4709 245 5899 410
565 5 36 15 587 716 2050 999 4900 843 8902 603
566 4 521 729 862 929 5969 372 9906 96
567 7 251 696 1963 719 2508 530 6202 276 6851 208 8039 337 8950 481
568 6 1 43 590 744 1233 889 1265 195 5621 551 6396 8
569 5 154 773 1385 985 3435 527 8245 168 8369 89
570 9 461 77 816 647 968 457 1950 91 2283 232 2651 780 2701 824 4221 500 5333 193
571 10 81 746 1311 31 1924 11 2896 288 3654 543 4499 218 6558 625 6963 419 8563 442 9116 849
572 5 549 796 1449 27 3068 246 3755 716 8953 662
573 7 447 86 1799 643 4452 327 5342 512 6613 320 6889 269 9112 713
574 8 76 314 673 793 1819 390 3382 642 4690 51 6328 776 6361 22 8001 932
575 8 415 560 1391 450 1524 420 2381 931 5276 716 7720 774 8792 290 8813 923
576 5 59 796 490 761 6514 27 6723 77 7559 501
577 3 154 392 997 46 2448 245
578 8 13 664 1325 963 2021 200 3295 77 4303 517 4329 971 7425 322 9967 36
579 9 359 306 411 453 655 877 1150 531 3542 584 5224 861 5823 613 8874 939 9465 909
580 7 182 239 884 35 1738 458 2389 409 2437 84 4660 380 8772 630
581 5 160 721 1146 345 2039 983 3726 253 5026 794
582 7 117 836 1545 806 1608 582 1629 390 3437 540 7746 296 9574 809
583 8 530 81 1063 995 2585 977 3455 153 3999 465 5355 914 6662 67 9310 634
584 6 2 524 887 343 3442 813 5884 53 6021 710 7320 81
585 13 246 790 988 406 1260 582 1434 563 3158 860 3252 399 3313 179 3437 187 3439 561 3459 734 4367 805 7438 791 8989 451
586 6 175 135 1897 171 1955 110 4035 692 4088 185 7301 832
587 11 197 499 565 716 650 803 736 779 949 945 1278 980 1394 633 1841 11 5396 544 7729 426 8920 117
588 4 198 270 2866 19 3466 548 8869 841
589 13 232 32 764 286 864 673 994 487 3959 469 4457 351 5947 428 6991 806 7489 465 8236 968 8555 967 8889 616 8959 704
590 8 258 984 568 744 1087 110 1165 954 4437 507 6969 178 7396 249 9743 46
591 12 187 319 941 541 1014 454 1051 164 2426 29 2988 81 3118 439 3428 475 5959 181 6400 501 6613 88 7712 267
592 7 401 394 666 89 923 659 1426 298 2524 886 3408 72 5249 594
593 9 120 419 1927 702 2743 913 2802 648 3371 404 4879 519 6575 17 7607 808 9363 258
594 7 162 811 790 978 2047 41 2625 492 2885 366 7221 353 9814 737
595 8 246 466 955 844 985 99 1898 747 3859 867 6086 75 7177 957 7363 660
596 13 364 194 684 156 1388 670 1663 684 1729 321 1839 724 2633 692 3472 661 4800 259 5059 104 8897 279 9129 65 9912 603
597 7 168 939 1962 397 2858 177 7621 781 7743 668 9060 528 9137 662
598 7 258 929 618 12 1899 607 1964 483 2250 806 3829 762 8511 403
599 10 5 375 685 372 715 96 780 314 1320 601 4010 819 4337 393 6259 710 6796 452 7327 739
600 4 253 922 784 114 9632 555 9992 396
601 4 427 520 560 366 2055 74 3862 750
602 9 4 914 629 329 846 945 1338 181 2647 620 2784 575 3077 912 3602 494 5223 469
603 8 174 561 283 360 2759 552 2992 711 3141 47 3311 747 4936 505 9788 979
604 10 272 884 645 371 1191 729 1215 404 1411 762 4328 965 5757 314 7726 954 8243 169 9845 90
605 6 213 699 919 779 2216 640 3105 737 3685 133 8318 202
606 6 46 908 873 487 944 307 4521 443 6398 148 9783 118
607 10 319 882 912 715 2066 411 2146 603 3233 570 5213 819 5814 217 5868 554 7416 372 8531 239
608 9 247 8 794 778 2869 288 4142 315 5097 159 5849 143 5860 702 6519 34 7552 955
609 12 421 826 553 885 1444 173 1695 816 1731 686 2191 305 2407 729 3015 81 3058 38 4231 554 5239 213 9035 42
610 5 292 977 3432 30 3628 60 4687 367 6711 496
611 12 10 425 1184 289 1266 869 4222 686 4563 191 4572 295 5032 648 5346 909 6838 783 8702 268 8860 654 9409 424
612 12 165 857 368 305 616 812 725 161 777 147 942 809 1324 694 2761 481 3973 48 4705 505 6626 568 8136 813
613 6 542 708 1129 326 1435 852 2083 907 4746 746 6622 988
614 6 311 139 732 159 803 935 1465 479 6954 987 7293 778
615 7 3 72 1030 38 1249 265 1843 326 4776 950 7347 905 7819 901
616 7 52 434 612 812 1367 268 2117 19 4508 450 4982 805 7412 248
617 6 183 658 904 50 932 759 1375 798 6341 930 9208 74
618 7 598 12 991 814 1006 246 1386 681 1679 388 5303 759 5648 770
619 7 92 286 258 604 1699 378 5074 891 5327 301 5471 251 9650 840
620 9 373 189 628 875 1142 68 1338 320 2136 460 5172 207 5973 457 7486 75 8650 747
621 12 148 3 712 574 746 354 762 561 2368 784 3144 976 3783 456 4501 373 4599 85 5347 945 5719 308 6266 767
622 6 224 914 974 120 2079 550 2501 177 5879 480 7262 89
623 7 173 494 747 447 2343 889 3489 886 6677 103 7139 414 7445 95
624 9 330 873 674 289 1211 787 1487 206 1534 441 1791 329 3512 485 6212 492 9221 781
625 9 340 756 2452 24 2628 235 3335 582 4083 70 4429 630 6859 267 7603 712 9863 313
626 8 461 103 1118 117 1494 953 1673 876 4331 600 5942 20 7006 31 7752 282
627 9 244 220 1939 968 2348 12 2798 933 2956 57 3523 959 4039 310 5124 625 8495 788
628 7 458 653 620 875 630 856 760 924 1800 87 4773 3 8858 392
629 5 602 329 1059 172 5877 472 6679 859 7431 467
630 8 202 223 628 856 807 647 1619 927 1677 115 3040 144 7270 922 9782 959
631 7 7 713 449 539 6092 271 7334 643 7370 766 8810 721 9544 505
632 10 434 934 1070 905 1647 77 1743 384 3386 657 4664 65 5626 876 8039 66 8513 624 9607 400
633 8 462 258 916 233 2665 664 2891 222 3561 161 6219 293 6452 281 9397 417
634 9 415 916 1652 605 1860 618 4069 964 4116 578 6070 828 7281 494 8038 681 9192 734
635 8 211 609 1291 969 2438 476 2729 385 4735 578 4897 481 8592 48 9822 524
636 9 72 386 854 636 3092 894 3859 398 4057 110 6181 434 7609 149 8464 746 9634 368
637 6 246 524 918 108 4066 838 4114 597 6259 10 9650 857
638 8 55 24 761 735 1239 60 3162 244 3639 460 5179 363 5419 633 8551 828
639 8 277 178 2173 747 2202 221 2391 57 2464 319 4205 483 6695 422 9221 101
640 12 33 254 646 492 654 592 853 107 3077 310 3757 838 4040 37 4080 927 6677 545 8002 649 8902 765 9976 812
641 10 530 550 1097 635 1376 392 1417 371 2669 714 5769 402 7728 292 7945 845 8194 674 9174 731
642 5 85 721 721 285 836 398 5964 671 6273 490
643 8 31 587 339 788 539 461 3160 704 4175 222 5073 904 6187 745 6218 904
644 8 40 930 739 827 1589 189 2001 725 2592 568 4431 447 5054 923 5211 541
645 5 604 371 1506 685 2028 944 4575 47 6989 304
646 12 640 492 915 943 1965 914 2557 210 3101 390 5702 488 6988 846 7933 140 8314 995 8679 95 9042 592 9316 462
647 4 407 899 1224 1 3108 258 8325 978
648 5 255 72 794 964 2142 481 7533 439 8303 799
649 7 53 652 802 969 2945 598 5420 619 6583 329 6644 110 7912 840
650 10 587 803 978 891 1032 248 1061 21 1336 570 1789 184 2859 813 3690 372 3738 517 5568 142
651 7 347 70 746 978 789 462 827 36 1690 333 2191 202 3595 369
652 6 405 569 1428 265 1431 692 4825 28 6779 249 7973 370
653 7 133 835 134 151 3981 328 5147 596 5882 19 8028 314 9238 579
654 10 62 999 640 592 665 1000 1238 697 1441 611 3598 849 6586 461 6719 752 9029 138 9308 324
655 6 579 877 824 420 2722 604 2789 709 3180 523 8633 744
656 6 68 662 77 340 819 75 1358 379 5926 335 9620 524
657 13 270 587 785 495 912 472 1025 94 1479 409 1591 20 4014 120 5406 99 6084 963 8878 178 9580 884 9678 419 9924 806
658 11 278 160 686 679 711 891 928 468 971 462 987 848 1484 316 4226 644 4654 401 7149 294 8032 745
659 9 507 120 1282 933 1835 13 4708 592 5122 915 5619 5 5933 291 8473 972 9451 300
660 5 39 138 860 315 2932 956 5142 164 7699 788
661 10 456 434 2190 570 3334 190 3528 418 4610 235 5425 134 5919 282 6992 200 7160 527 8330 63
662 4 435 965 2972 491 3650 320 4316 607
663 8 174 450 1915 447 2401 220 2576 154 3272 393 3793 800 5915 50 9743 650
664 9 456 277 1146 280 1841 672 4304 706 4981 396 5486 849 5964 140 6094 184 9060 711
665 4 80 342 654 1000 2839 182 6099 728
666 5 431 412 592 89 3070 553 4112 118 7080 498
667 7 211 23 1089 394 3773 802 4699 242 5623 575 7564 432 9384 414
668 7 41 322 3301 460 3730 845 4793 255 6014 973 7971 181 9152 478
669 11 101 457 1014 662 2802 433 3072 213 3127 626 3249 754 4596 937 4649 814 5072 952 5420 678 7430 751
670 4 449 195 1426 539 3328 82 4468 130
671 5 209 172 862 985 1610 767 2490 42 6609 83
672 8 361 194 1499 398 1912 380 4465 897 4622 24 5288 121 6131 622 8793 264
673 5 574 793 2396 546 3110 967 3927 640 6499 538
674 6 624 289 2420 643 2625 523 3774 267 8213 130 8930 124
675 11 141 746 307 309 2781 506 3020 101 3784 888 5021 203 5944 618 8234 689 8606 591 8958 617 9560 889
676 5 155 704 413 810 3885 372 4093 510 4358 779
677 12 91 510 250 665 1005 258 1011 398 2362 550 2532 795 3482 467 4095 742 5899 659 6648 129 7648 126 9126 947
678 13 318 2 536 454 895 6 2708 911 3182 159 3263 867 3347 245 3851 979 4145 38 5099 144 5835 418 7179 569 8496 727
679 10 160 846 783 763 1368 895 3439 983 4009 388 4125 850 4684 880 6252 488 6985 949 7236 14
680 9 327 294 725 586 745 121 1760 356 3807 605 3936 335 6235 109 6758 813 8314 287
681 8 160 60 474 648 1076 226 1349 548 4216 498 5195 820 5536 988 8359 368
682 4 137 811 339 319 435 494 811 905
683 6 79 394 1251 473 2017 793 2728 96 3404 935 9560 412
684 6 242 592 596 156 3364 513 5223 133 6730 431 9103 233
685 7 599 372 1170 23 1707 229 5950 68 6764 60 7242 826 8388 453
686 6 658 679 1820 984 3652 627 4542 263 6545 668 9606 722
687 3 80 495 4915 342 7568 316
688 6 145 276 1846 567 2269 784 4860 461 6315 396 8898 175
689 8 472 891 1930 543 3706 487 4431 122 5021 366 8202 267 8510 526 9924 450
690 10 301 471 1242 380 1585 502 3156 776 3774 190 5196 176 5264 890 7556 100 8110 854 8282 656
691 9 283 22 1049 207 2702 184 2976 355 4350 779 5103 565 5851 785 7124 579 7402 299
692 4 519 881 1094 181 2098 415 3024 584
693 6 197 268 265 193 2440 787 2575 455 3930 752 9818 338
694 9 329 233 495 293 1194 670 4542 61 6170 308 6210 692 7633 872 7831 119 9174 361
695 7 10 324 178 405 197 914 1331 314 1358 422 2291 73 6307 599
696 4 333 637 1453 44 5462 871 9943 999
697 8 259 509 1247 883 1354 107 1683 502 4744 479 6249 718 7309 719 8828 462
698 10 514 724 911 949 1634 217 2014 550 2048 103 2233 601 4806 292 4893 858 5135 36 9239 294
699 7 472 379 948 697 2215 109 2332 704 4552 185 6940 376 8655 473
700 7 203 581 245 494 2288 638 2331 476 2341 145 4179 95 7801 796
701 6 71 188 2846 212 5215 380 8593 775 8719 248 9878 925
702 6 247 788 2129 592 3046 640 3409 986 5230 709 8232 246
703 3 183 12 889 24 1383 552
704 7 136 217 1019 77 1659 861 6916 350 7863 221 9217 891 9883 193
705 4 36 955 765 985 2808 813 4076 563
706 5 494 433 1309 976 1974 320 2255 716 5990 709
707 6 321 2 3729 941 5702 311 6266 961 7555 172 8961 478
708 9 346 249 883 591 1037 795 1161 154 5088 849 5321 539 5612 924 7817 483 9201 632
709 4 39 348 1396 856 3749 164 3950 979
710 7 165 55 973 421 1266 482 1700 880 4464 414 4992 745 8351 469
711 7 226 689 658 891 1561 914 2823 40 4274 940 6041 248 7275 230
712 8 621 574 842 436 1209 994 1554 804 2600 974 2893 120 3913 287 7320 372
713 9 102 615 3176 916 3741 292 4533 84 5685 829 6002 779 6870 280 7520 797 8080 784
714 6 483 176 849 43 2901 818 8248 110 8255 457 9909 206
715 5 599 96 1528 22 2287 735 9378 234 9427 445
716 7 548 546 839 836 1981 720 2268 942 3402 978 6760 845 8604 636
717 5 11 903 508 281 5768 52 6725 658 7170 363
718 13 430 654 744 953 1250 460 1684 461 1739 162 2399 777 4885 261 5722 136 5747 836 5970 569 6126 39 8036 294 8279 455
719 3 144 383 6602 23 9407 918
720 12 114 296 923 498 1593 634 2390 532 3506 872 3586 713 3620 299 4921 49 6064 253 7847 43 8220 655 9947 879
721 10 445 961 642 285 1270 669 1550 271 2163 318 2494 527 3133 316 3701 963 4014 348 8043 387
722 6 294 219 754 741 1395 472 2803 848 4163 650 4705 823
723 9 414 130 1845 163 2101 48 3253 396 3643 944 7087 273 7289 104 8251 825 8363 408
724 5 453 802 2621 197 4260 255 4287 970 6084 534
725 11 612 161 680 586 821 975 1085 422 2803 230 2959 547 3127 836 4337 153 4784 881 6673 35 7786 300
726 4 190 188 1557 491 4297 734 5435 913
727 6 340 896 946 961 3826 264 5845 190 8185 884 9259 739
728 9 308 866 1075 249 1121 277 1211 126 1854 322 4000 96 5306 942 5659 676 6363 515
729 8 85 638 257 23 2362 669 2964 307 4299 908 4912 976 5269 747 6442 967
730 4 168 496 3561 172 7253 960 9492 337
731 9 133 972 826 646 2067 627 2091 762 2824 494 5720 6 6248 148 6424 241 6532 535
732 9 538 560 614 159 1321 327 4382 954 4804 506 5726 1000 6367 74 6496 359 9763 834
733 8 48 972 3042 376 3709 990 3970 48 4002 258 4819 365 6380 50 7860 598
734 7 80 576 220 53 235 408 2753 89 3256 203 3507 436 5051 904
735 8 63 969 1073 466 3151 877 3161 674 3426 335 5477 611 7376 192 8487 341
736 9 138 220 587 779 801 153 2142 519 2227 126 3000 586 3806 687 4001 313 5300 77
737 8 363 165 926 226 1931 117 3184 893 4455 563 5556 717 8149 785 9061 34
738 8 211 248 953 793 1017 687 1029 15 1392 956 8865 47 8926 744 9380 46
739 6 128 544 644 827 805 780 3002 540 4341 239 5930 375
740 9 29 676 243 760 1769 401 2843 844 2924 619 3042 115 3119 812 7791 882 9942 454
741 8 192 758 962 739 1096 167 3394 743 3533 145 3556 140 4937 147 7944 966
742 5 303 41 858 901 881 257 1743 113 9626 457
743 7 181 484 184 875 2475 956 5191 153 5549 881 7252 440 8992 601
744 11 718 953 1418 722 2082 749 2137 226 3190 614 3824 440 4145 929 4343 866 4368 762 6160 908 7875 549
745 8 135 249 151 712 680 121 1029 617 1175 162 1233 841 2357 632 7126 509
746 8 524 724 621 354 651 978 901 82 978 714 1796 658 2333 401 7285 73
747 9 623 447 3548 843 4090 230 4730 613 5024 182 6174 689 6399 612 6605 14 7855 505
748 12 214 442 416 35 1665 704 2713 932 3086 794 3596 524 3703 827 3946 536 4003 457 5034 175 6294 83 9162 912
749 6 54 864 370 542 563 314 2020 225 4282 249 8613 40
750 10 503 661 1703 151 2223 533 2987 470 3845 436 5511 756 5554 575 7882 592 9297 168 9992 207
751 3 112 781 918 423 1361 322
752 6 282 754 1028 283 1284 561 3820 951 6834 197 7487 403
753 12 486 279 893 782 1196 110 2091 811 2965 713 4331 360 4998 849 7688 782 8005 493 8346 719 8646 478 9345 218
754 7 722 741 977 175 7186 324 7580 67 7710 327 8450 700 8625 275
755 9 337 740 1157 529 1403 502 1733 697 1749 377 4742 726 6047 279 7275 477 9605 957
756 6 173 437 192 651 4127 127 5753 939 7523 341 7672 882
757 6 431 904 455 733 934 611 6102 656 6172 685 6424 323
758 4 84 436 2928 850 3185 716 7675 975
759 8 88 403 778 280 1684 798 1849 334 2262 206 2313 964 3248 618 8161 442
760 10 628 924 1047 389 1178 860 1778 320 4261 511 4867 151 8596 929 9533 733 9638 894 9839 932
761 11 402 493 638 735 961 575 1091 395 2618 115 4100 699 5272 644 5555 48 5580 700 6447 828 7601 378
762 6 621 561 1330 274 4510 863 7882 206 9666 156 9824 934
763 5 72 283 2889 669 4147 396 6333 521 8959 460
764 10 266 309 589 286 3054 48 3321 647 3832 747 4899 341 6118 259 7342 961 7886 691 8127 226
765 8 705 985 1252 530 1793 513 3752 192 4724 959 5113 615 8686 723 8864 865
766 6 114 502 986 939 1845 21 4555 819 5154 884 6403 382
767 10 400 660 891 978 995 71 1536 745 1688 485 2811 321 4032 958 4991 143 5617 485 6850 935
768 9 499 789 967 19 2841 807 3724 66 5627 517 6389 518 7226 249 7276 85 9403 300
769 5 480 458 2971 362 3342 113 5491 641 7631 971
770 11 303 945 2340 922 3255 12 3371 885 3453 654 5446 696 6429 210 6540 588 7589 505 9312 805 9918 558
771 8 283 486 352 98 1750 163 1996 823 2179 910 2645 680 3358 113 6066 681
772 7 310 454 2477 783 3091 438 3521 54 4446 542 4748 968 5083 542
773 10 32 872 957 164 980 953 1046 673 1887 642 4769 336 6269 353 8905 609 9343 561 9676 550
774 11 124 621 1058 734 1372 994 3973 790 4084 464 4143 1 4480 498 4836 477 5300 347 6949 490 9161 97
775 8 533 931 1221 513 2198 939 2696 879 3521 859 4429 514 6895 63 9404 979
776 9 233 743 1362 699 1397 532 2385 964 5459 932 6095 870 7580 937 8132 949 9983 611
777 11 612 147 954 897 1425 456 2611 363 3261 675 3336 836 3794 585 4784 595 5923 378 7553 954 9325 860
778 5 198 267 759 280 1994 65 2434 190 7621 692
779 5 429 607 3508 145 3697 67 7423 715 9104 611
780 10 113 789 599 314 822 951 1198 690 1973 532 4242 876 6202 476 6342 749 8851 323 9851 790
781 11 563 546 1181 222 1216 492 1983 113 7161 717 7421 835 8017 631 8460 300 9029 558 9184 935 9338 824
782 3 399 365 1326 339 4570 945
783 12 232 730 679 763 958 580 2249 979 2398 230 2793 417 4283 641 6954 594 7480 52 8084 586 8153 383 9544 33
784 6 600 114 1106 633 1883 401 3454 568 6342 539 6753 882
785 5 657 495 906 425 2219 318 4241 782 9898 58
786 13 150 641 820 995 933 274 960 791 1576 692 3338 192 4533 33 6153 229 7112 961 7347 922 7608 799 7799 651 9988 266
787 2 131 757 235 96
788 5 136 40 1093 138 5374 50 6965 554 7518 347
789 4 436 758 651 462 819 80 9227 712
790 15 594 978 918 884 952 909 1240 603 1626 39 2170 130 3601 926 3860 659 5597 21 6199 495 6233 746 6779 124 7490 572 7638 516 9130 394
791 9 385 743 1090 751 2434 609 2878 280 4467 746 5056 786 6075 551 6313 618 7460 374
792 7 561 487 1325 346 1831 106 1895 771 5576 200 6969 560 9715 261
793 10 27 748 1168 482 1377 496 3666 611 4352 483 4979 321 5374 555 8298 506 9049 211 9190 705
794 6 608 778 648 964 1053 635 1232 367 2252 652 9385 214
795 13 43 226 73 606 1266 730 1481 68 1750 539 2481 251 2554 917 3088 863 4185 777 6060 148 8406 171 8894 356 9449 606
796 5 196 746 5242 323 5641 402 5830 462 7028 681
797 9 173 853 853 408 951 525 1402 235 2864 771 7826 94 8279 339 9472 989 9758 516
798 4 48 695 959 456 1583 95 4054 939
799 8 34 179 392 411 980 549 1717 938 3999 502 4267 218 4971 503 9522 909
800 9 291 72 1461 519 3230 588 4015 140 5824 37 7051 742 7811 89 8461 813 8696 921
801 10 736 153 1566 116 1573 587 2872 78 3667 291 3733 345 5009 106 5802 377 7232 617 9647 387
802 7 649 969 1961 323 3226 619 3769 991 5504 632 5819 931 8213 81
803 8 140 195 614 935 1530 547 3980 141 6417 603 6454 97 7619 631 9508 350
804 7 151 770 199 744 1283 882 2244 394 3213 644 8852 666 9182 678
805 9 14 404 555 390 739 780 888 754 1381 690 1495 770 2794 360 3591 839 9298 7
806 8 143 104 1178 600 1444 247 1936 967 2652 649 5625 156 8654 767 9270 719
807 6 630 647 2033 682 4198 186 4216 965 8517 369 8975 935
808 4 104 225 5057 577 5184 948 8962 231
809 5 296 289 3201 244 5763 100 6386 800 8598 312
810 11 390 68 1343 169 2070 885 2182 545 2264 327 4853 103 4986 96 5574 249 5982 689 7490 121 8731 59
811 10 391 278 682 905 950 813 1122 3 1137 722 2281 113 2975 621 5526 642 5535 209 7039 719
812 8 250 64 1048 931 1569 145 3052 724 5637 691 5704 803 6291 694 7708 27
813 10 210 762 1144 561 2334 843 2424 268 6578 693 6649 16 6785 583 7334 847 8613 579 8989 653
814 6 504 24 1010 508 2210 555 2964 418 6537 368 7094 27
815 7 497 862 1128 103 1136 555 1261 84 7653 66 8038 186 8525 699
816 7 570 647 897 735 5153 597 5870 722 7921 895 8608 732 9009 828
817 11 22 542 485 328 558 421 902 35 4297 362 4997 384 5133 891 5170 302 6456 288 8082 205 9933 764
818 6 47 554 3110 644 6913 632 6935 395 7566 833 7780 758
819 8 395 833 656 75 789 80 894 690 1207 601 4403 766 7782 43 8424 256
820 11 786 995 1791 800 2978 357 3433 883 5584 86 6276 828 6602 868 7013 990 8239 588 9130 329 9946 530
821 7 725 975 1151 150 1676 193 3400 847 4048 432 4215 726 8582 23
822 12 4 182 780 951 975 580 1129 991 1578 718 1900 982 2511 759 3875 368 4907 358 6821 264 6941 618 7634 81
823 8 153 272 1104 262 3096 963 5048 536 8035 861 8317 208 9180 569 9785 629
824 5 655 420 1072 487 2648 312 2929 246 2992 343
825 8 35 995 66 58 429 49 3725 31 5718 724 7108 642 7410 736 8570 288
826 7 731 646 6346 617 6663 637 7431 71 8555 769 9447 261 9580 531
827 6 651 36 1156 723 1836 15 6333 878 7087 995 7754 269
828 10 474 53 1234 565 1427 472 1672 612 1875 156 2502 221 4012 787 4078 967 8517 290 8812 369
829 6 331 518 1804 825 4129 230 4807 77 6069 571 7059 915
830 5 103 658 2391 506 6198 295 7675 421 8635 218
831 11 537 466 555 298 896 751 1223 812 1553 463 2478 910 3829 8 4172 2 5177 617 5862 759 7746 819
832 6 249 816 1722 887 2897 779 3707 531 8682 16 9072 478
833 10 526 760 1472 739 1609 515 2825 210 4288 593 4389 541 5541 11 6658 173 6846 992 8291 123
834 8 102 199 943 500 1024 214 1264 278 3254 390 4433 1000 5304 307 9864 843
835 9 100 970 2196 821 3307 708 3629 534 3741 471 4462 198 5783 683 6170 457 7015 134
836 12 379 756 642 398 1018 635 1918 76 2039 262 2835 513 5560 761 6314 586 6746 724 6973 572 7558 742 9489 801
837 9 96 902 1103 403 2009 753 2598 534 3477 982 5552 809 6141 176 7656 667 7785 287
838 5 475 800 1422 409 1861 816 5811 709 9214 198
839 3 716 836 1351 794 2243 565
840 7 100 710 1073 475 1387 165 1855 41 3659 884 4242 323 5666 333
841 13 480 592 940 496 1693 897 2102 31 3188 361 4183 133 4468 978 4936 480 5699 661 6980 689 8453 508 8762 45 9980 410
842 10 112 402 712 436 1199 379 2164 29 4247 884 4454 490 6379 798 6473 465 7174 695 7810 215
843 8 44 997 2056 30 3048 29 3806 880 4708 990 6334 531 6927 469 9183 35
844 6 318 594 495 989 1443 886 2128 381 2328 532 8512 984
845 3 72 509 3126 822 3364 79
846 6 602 945 1713 920 1978 25 2303 831 2360 504 6791 121
847 6 178 875 863 355 2547 506 3203 854 6387 853 6437 443
848 6 7 736 2694 724 3825 82 5047 129 5704 965 8511 55
849 5 714 43 3874 945 4311 808 5443 558 7110 494
850 6 128 681 4427 336 6673 452 6982 838 7705 556 9632 552
851 8 199 165 2737 122 3549 859 4470 647 4515 456 7617 644 8318 284 8599 924
852 6 49 634 2047 549 3458 293 6107 390 6939 816 9560 379
853 10 96 991 640 107 797 408 1063 354 1834 944 2204 114 5870 355 6038 308 6135 827 8202 503
854 11 309 675 636 636 1247 749 1399 938 1671 171 2545 176 2795 253 3480 531 6800 62 8023 674 9360 833
855 7 271 48 1608 929 1646 846 3279 702 4132 566 4723 401 6482 260
856 6 523 270 1064 386 3456 158 4979 172 5159 834 9534 911
857 8 274 633 561 667 982 720 1751 322 3025 520 4289 856 5980 465 7854 990
858 10 426 554 742 901 1096 210 4849 243 5104 408 5272 327 8365 526 8870 127 9269 691 9349 730
859 11 104 992 905 173 1015 382 1477 965 1772 926 2150 219 4218 831 4713 995 6326 194 7240 768 7812 388
860 8 660 315 924 221 1409 358 1980 974 2372 501 4371 214 5850 135 7320 348
861 4 399 762 3633 427 5951 17 8434 580
862 13 380 555 566 929 671 985 1604 388 2315 885 2486 621 2876 453 4980 25 5111 4 5373 463 5747 969 6276 695 7544 744
863 12 847 355 1124 594 1254 395 1518 671 2335 492 2388 133 3140 260 3752 650 3762 34 3926 644 4055 331 5006 969
864 7 589 673 1063 954 1668 786 2444 647 2810 383 5509 154 5796 849
865 6 474 407 1397 793 4235 192 6879 987 7603 570 9220 695
866 6 432 176 1183 129 4498 757 5156 420 5362 891 6080 22
867 10 172 872 178 213 1030 446 1332 14 3079 10 3629 69 4763 3 4957 353 7723 811 8969 597
868 5 359 550 2621 936 4068 741 7239 491 9811 203
869 9 318 201 969 418 993 257 1109 40 1343 159 1454 332 4948 176 5430 416 6918 532
870 11 148 332 2161 69 3758 182 5429 905 7330 329 7714 437 7969 627 8777 993 8812 767 9072 177 9496 559
871 10 18 723 913 206 2068 571 2311 689 5063 836 5182 670 6626 690 7634 791 9696 520 9861 771
872 6 74 27 1761 498 1977 14 7312 254 7595 278 9308 606
873 9 606 487 1670 107 2397 945 2769 883 3102 757 4479 636 7393 573 7845 156 8416 506
874 5 348 892 1783 986 2958 291 5135 385 7258 579
875 2 521 427 8489 889
876 10 152 716 1012 378 1792 249 3036 93 4114 42 4934 238 5572 476 6019 462 8483 227 9186 307
877 10 456 629 2145 271 4162 32 5564 108 5600 167 6049 157 7783 646 7914 986 9400 350 9420 728
878 11 149 916 172 975 1145 696 1264 714 4675 741 5042 692 6762 325 7092 81 7260 1000 7801 175 9572 930
879 10 435 283 896 874 1204 97 1442 260 2527 993 5473 19 6379 596 7290 669 8729 412 9997 745
880 6 422 517 1023 594 2140 790 2468 991 8386 225 9274 530
881 6 742 257 1830 542 2920 769 3225 187 8533 660 9366 287
882 8 79 818 5211 168 5273 846 5692 642 5722 103 6007 90 6868 109 8637 212
883 10 708 591 886 592 898 251 1923 618 2389 33 2530 975 2726 52 3731 331 4304 399 9298 704
884 8 335 627 580 35 1241 914 1323 578 1431 416 2392 514 4205 451 8071 409
885 7 3 776 2710 500 3504 570 3953 970 5483 158 5942 13 8696 435
886 6 883 592 3037 781 5139 52 5517 116 5686 451 6470 702
887 8 584 343 1002 830 1482 409 4502 899 5743 595 7071 545 7304 167 8580 134
888 5 805 754 5571 53 5597 474 5638 151 8089 831
889 10 703 24 1410 445 1686 964 1933 66 2911 677 3187 276 3613 344 4453 156 6747 552 8345 226
890 4 286 149 927 880 3111 398 7667 981
891 5 767 978 1114 530 3722 557 4876 476 5736 850
892 4 339 828 7314 838 7739 64 8070 491
893 10 422 630 753 782 1119 361 1857 717 4056 370 4550 934 5665 470 8592 365 9036 889 9132 139
894 11 819 690 1408 282 2061 520 3084 407 3521 464 5093 572 6384 437 6477 54 7177 670 7933 541 9471 616
895 5 678 6 1285 380 1624 231 3245 131 8064 353
896 11 335 631 831 751 879 874 1317 673 1508 747 1702 526 4386 86 5243 293 6406 283 8995 844 9578 284
897 8 816 735 936 971 938 372 4163 788 6149 799 8183 21 8206 16 9209 6
898 10 170 164 883 251 1477 760 2685 656 4462 202 5199 972 6154 926 6436 839 6887 915 9189 262
899 15 196 287 383 365 1080 887 2057 165 2112 618 2293 523 3042 388 3789 198 4353 860 4887 144 5627 628 6724 18 8080 515 8960 616 9897 708
900 8 471 888 1219 743 1623 317 3263 337 3754 117 4642 704 6444 344 7487 999
901 7 222 578 285 791 746 82 2615 373 3260 836 3899 77 7898 830
902 7 817 35 1083 568 1880 323 4310 183 6825 428 6883 442 9707 59
903 9 53 302 292 451 1622 542 2467 710 3386 527 4389 192 5624 859 7087 113 8624 938
904 7 617 50 1342 87 1715 761 2752 768 5583 670 6674 823 7048 175
905 7 240 949 859 173 1354 980 1438 199 1520 232 7574 434 7839 262
906 9 785 425 970 963 2332 455 2344 814 3171 636 5665 384 7283 308 8661 560 8959 640
907 15 497 827 925 135 1337 45 1728 524 2378 129 2456 299 3240 826 5690 276 5796 358 6275 199 6755 572 6874 893 7596 189 8509 147 8680 594
908 8 510 713 1391 713 3160 148 4400 242 5093 755 5579 412 6777 55 7689 959
909 10 144 559 537 894 1901 518 4014 805 4059 484 5186 592 7030 161 7666 814 7855 502 8776 92
910 6 553 359 1419 952 1423 381 3005 834 3204 394 5260 420
911 6 306 407 698 949 1046 786 5705 324 6771 506 6936 790
912 5 607 715 657 472 1098 277 2689 581 6997 353
913 8 231 63 871 206 2027 847 3076 238 4941 446 7146 12 8007 160 9842 528
914 11 172 495 497 666 947 286 1137 72 2026 869 2589 155 3475 175 5281 659 6026 193 7208 236 7840 954
915 10 385 477 646 943 1873 750 3192 542 4872 749 5005 670 6233 656 6604 530 7012 984 8977 702
916 11 404 36 633 233 928 493 2186 154 2580 19 2666 604 3011 234 4314 177 5221 638 7081 456 9620 503
917 8 73 405 1255 103 1590 180 2976 626 5193 284 6245 367 6869 268 7849 37
918 7 637 108 751 423 790 884 3069 381 4171 1 7459 438 8633 790
919 6 605 779 1273 346 2677 766 3686 148 5399 907 7405 688
920 9 47 726 1979 423 2287 879 2352 726 5603 138 6255 195 7291 933 7321 475 7409 303
921 10 38 108 1748 713 1775 318 1910 250 2016 631 4638 208 5571 27 5623 973 7050 75 8050 925
922 8 147 453 149 6 251 934 1460 957 1829 261 2474 292 8353 936 8358 845
923 12 592 659 720 498 1055 587 1258 198 2114 522 2125 535 2724 68 2771 257 2897 610 4668 946 5830 177 7815 566
924 7 860 221 964 554 2433 827 6476 725 8398 730 9287 579 9769 886
925 6 907 135 1094 154 3357 814 4359 240 4459 988 4757 89
926 6 737 226 1066 507 4391 994 4627 575 4709 672 9338 970
927 7 890 880 1149 534 2453 464 2921 32 3333 163 3738 495 7605 145
928 7 658 468 916 493 3117 497 3913 280 6886 914 7493 453 8311 581
929 9 559 265 2030 82 2406 183 2917 829 2976 614 6678 784 7333 110 9036 651 9981 564
930 5 115 200 1565 301 2506 742 3208 329 8961 881
931 8 89 575 1102 91 1869 166 1890 495 3268 864 3884 542 5773 772 7534 488
932 8 405 73 617 759 1548 885 2531 487 5376 654 5396 484 6905 777 7827 298
933 11 366 392 786 274 1181 986 1515 118 2126 873 2441 626 5376 670 5633 767 5664 109 6444 485 8721 912
934 5 452 183 757 611 2165 898 7386 578 8126 289
935 6 486 285 995 479 1494 293 1563 251 2772 847 5651 227
936 7 191 286 897 971 4307 928 6414 436 7495 852 8704 536 9989 884
937 5 99 857 1370 36 1882 191 4611 1000 4634 596
938 9 94 187 188 419 897 372 3056 717 3564 191 4326 407 6263 731 7418 284 8775 191
939 6 24 382 1279 470 3948 880 4028 420 4781 54 5905 22
940 6 33 765 841 496 1138 75 2246 913 2372 691 3991 780
941 5 591 541 1026 115 1062 169 1327 199 3818 125
942 4 35 738 612 809 2538 4 4015 151
943 7 834 500 1307 984 1469 618 3932 738 5196 690 5986 362 6986 325
944 8 606 307 1214 478 3057 788 4415 671 5198 150 5694 333 8650 220 9504 273
945 12 463 188 1488 39 2033 674 2170 841 3824 314 4587 758 6817 494 6850 606 8281 78 8613 835 8899 129 9342 975
946 12 727 961 1004 715 1140 902 1304 254 1612 36 1701 141 1721 294 2333 596 5306 328 5614 794 5735 419 7701 825
947 7 914 286 1540 307 3558 422 6660 494 6696 117 7939 762 8783 612
948 12 699 697 1086 681 1623 683 2272 735 2472 423 3024 979 3309 265 3355 801 6491 269 8002 348 8767 558 8932 969
949 10 587 945 2048 983 2057 690 2305 391 3764 599 6575 916 6976 128 7069 52 8544 734 9970 375
950 8 324 671 811 813 2487 121 5364 971 6310 703 7969 746 9739 935 9796 431
951 11 307 274 797 525 1635 25 4090 182 5289 876 6745 392 6971 250 8849 129 8981 752 9574 142 9824 931
952 8 790 909 2358 469 3364 789 4013 238 4140 889 4176 648 4288 158 6531 929
953 13 439 215 738 793 989 759 2383 644 2513 772 3111 349 4871 598 5473 366 7705 271 8116 499 8189 239 8471 987 9348 833
954 7 777 897 1243 221 1948 962 6953 654 7356 822 7486 674 8284 892
955 9 595 844 4633 625 5522 711 6470 223 6495 844 8332 412 8484 226 9379 864 9969 115
956 7 79 547 2257 953 3169 923 4030 713 4980 175 5263 517 6046 246
957 5 773 164 4398 428 5211 54 6756 530 8443 650
958 11 783 580 981 158 1020 971 2091 82 2290 806 3590 106 4494 284 6209 90 7549 267 7830 130 9129 634
959 6 798 456 1687 518 2171 29 2393 955 3141 470 4628 998
960 3 786 791 2185 985 5250 74
961 13 174 489 177 334 761 575 3896 994 4321 957 4347 667 6811 405 7026 222 7666 215 7963 610 8997 281 9453 770 9714 895
962 7 525 586 741 739 2336 116 2419 636 3161 264 7998 934 8719 291
963 7 191 742 1355 952 4564 953 5984 240 7616 845 8656 204 8872 54
964 3 924 554 1456 8 2767 649
965 7 378 529 2480 804 3370 269 6441 770 6898 361 9045 813 9288 910
966 4 214 197 8299 135 8877 409 9357 475
967 5 768 19 1295 85 5904 828 9122 923 9849 619
968 4 37 266 570 457 5733 834 8885 342
969 7 543 428 869 418 1176 270 1614 506 5773 966 6863 264 9982 789
970 13 69 177 906 963 1000 450 1022 963 1350 572 1691 494 1785 446 2090 344 2930 716 4655 947 4715 923 5330 794 5945 948
971 10 658 462 1162 577 1755 332 2521 989 4355 386 4553 950 7856 501 8273 519 9536 521 9916 269
972 9 302 594 352 40 1179 35 1398 292 3689 102 4158 914 4904 538 6081 930 9904 197
973 6 710 421 1065 53 1328 478 1795 625 2381 590 3087 949
974 9 421 729 622 120 1171 715 1534 300 4066 977 7174 406 7270 481 7972 286 8081 238
975 6 211 693 822 580 1570 785 7666 926 8159 556 9884 389
976 7 58 105 4359 110 6842 723 7266 832 8309 631 9227 895 9792 380
977 9 109 749 754 175 1030 801 2835 960 5325 838 6087 980 6112 508 6496 325 9233 658
978 8 650 891 746 714 1832 192 1873 465 3428 515 4099 330 5011 936 7520 682
979 8 151 373 1967 857 2494 253 2518 694 4204 258 5408 331 7124 954 9559 807
980 7 773 953 799 549 2977 937 4111 714 6949 651 7759 497 9921 627
981 10 958 158 2071 14 2675 924 2723 428 2812 873 6381 759 7782 587 7996 361 9318 848 9615 401
982 7 857 720 1680 354 3482 916 6051 475 6794 294 8136 571 9947 973
983 9 276 575 1524 105 2966 187 3067 272 4202 947 4605 264 5923 583 6967 456 9647 530
984 9 11 725 1060 150 1197 4 1333 106 1595 267 3763 968 6450 395 6709 351 7132 61
985 9 247 250 595 99 1352 907 1839 375 3194 718 6510 39 6709 660 6867 462 8669 959
986 6 766 939 1277 215 1996 466 2530 692 4142 970 8252 552
987 6 658 848 996 925 2031 70 2230 700 2470 62 3381 694
988 7 507 712 585 406 1367 917 2119 684 2251 366 8131 106 8622 804
989 7 495 560 953 759 1513 839 2636 715 3433 156 6244 668 7341 864
990 5 563 60 4330 537 6536 729 7320 945 7406 355
991 5 618 814 1469 855 1845 34 4000 430 6383 1
992 9 229 133 1501 355 2504 808 2549 238 3932 692 4271 930 7381 585 7688 508 9077 990
993 7 869 257 1396 813 1922 511 2325 382 3268 724 5400 238 8895 57
994 6 513 150 589 487 2438 708 3210 924 3804 864 5584 505
995 11 476 419 767 71 935 479 1145 955 1580 751 2677 7 2679 882 2809 962 3776 360 4101 692 4581 647
996 10 50 308 987 925 1314 472 1567 332 1780 446 1881 655 2515 940 4427 282 7441 44 8459 207
997 7 577 46 1234 275 1549 399 1969 716 2072 422 8922 667 9274 93
998 12 237 685 1111 900 1385 537 2405 823 5680 328 5713 261 5895 746 5936 898 6124 698 7269 960 7889 554 9875 271
999 9 477 818 1490 533 1983 70 6570 191 6770 682 7148 364 7752 331 9012 751 9990 668
1000 5 970 450 1034 568 1544 297 5899 647 6478 406
1001 8 50 1000 1271 661 1980 324 2693 540 6392 769 6456 564 8659 608 9342 156
1002 3 887 830 3125 390 8627 260
1003 5 10 558 2918 946 3653 349 4479 338 5634 617
1004 8 946 715 1308 180 1475 297 3022 691 4977 536 6220 31 8498 26 8691 373
1005 16 260 191 677 258 1263 140 1692 135 1850 580 1861 600 2073 456 2713 915 3729 83 4177 344 4404 282 6077 97 6114 749 7432 344 7654 800 7793 706
1006 11 101 671 618 246 1330 674 1379 596 2210 895 2425 685 4481 451 6544 202 9276 238 9397 499 9428 230
1007 4 481 989 1559 128 5440 576 9603 14
1008 11 233 196 1886 768 1980 232 2268 403 3903 890 7894 140 7975 809 8194 505 8204 636 8415 160 8427 367
1009 4 210 908 4822 436 5793 614 8121 874
1010 11 279 444 814 508 1126 793 1726 998 2481 257 2909 307 4252 23 4556 665 4994 97 7649 797 8875 684
1011 6 677 398 4020 14 5880 404 8984 541 9232 683 9619 668
1012 6 876 378 3045 574 4456 666 4627 441 7039 68 7547 38
1013 5 486 367 1081 472 1389 395 4688 878 9535 774
1014 6 591 454 669 662 2266 741 2321 599 3263 591 8231 807
1015 10 165 904 213 882 859 382 1502 410 2885 272 3905 4 4729 624 6719 112 6746 552 8932 820
1016 6 76 215 1493 901 4124 712 4671 239 5847 697 7933 472
1017 4 738 687 3975 293 5965 967 7450 804
1018 10 506 844 836 635 1160 277 1303 789 2608 514 3413 498 4330 456 4758 128 6866 529 8220 950
1019 9 231 325 704 77 1339 137 1856 287 2650 970 4382 931 6490 427 8410 48 9279 39
1020 8 368 596 958 971 1293 631 1572 674 4866 271 5565 361 6929 855 9895 298
1021 8 140 845 1685 831 3778 219 4462 896 5378 533 6561 386 8165 54 9658 797
1022 7 99 839 970 963 5573 592 6399 678 7232 709 7549 321 7655 586
1023 9 880 594 2492 619 3931 753 5022 752 5293 719 6401 392 6625 696 6928 611 7938 340
1024 7 834 214 1551 850 2780 808 5177 551 6259 184 6783 566 9104 878
1025 9 657 94 1840 593 4557 377 5553 230 6615 323 6704 1000 6712 902 7164 962 7463 897
1026 8 941 115 1297 505 1305 276 1390 71 3891 822 4139 259 4880 150 5479 516
1027 4 463 852 6957 450 8984 446 9547 701
1028 6 752 283 1029 353 1440 683 1884 180 2733 142 3905 54
1029 9 738 15 745 617 1028 353 1566 365 1669 648 4248 165 4638 274 9718 697 9990 698
1030 10 615 38 867 446 977 801 1402 141 3176 592 3713 9 4479 239 7686 742 8663 956 8956 471
1031 6 303 354 4583 481 5926 368 6263 572 7097 806 7708 357
1032 7 650 248 1378 719 4228 35 4488 525 4699 76 4967 895 8930 182
1033 7 189 827 1209 867 1447 93 3552 347 4983 715 6388 961 6871 610
1034 7 1000 568 1206 434 1664 284 2682 192 5672 582 7379 834 9777 684
1035 8 202 203 1084 344 1138 452 1864 163 3513 213 4100 21 6251 588 9743 501
1036 7 389 830 1645 20 3165 11 4143 142 4299 458 5843 464 6757 651
1037 9 708 795 2122 217 2532 932 5704 831 6771 561 7427 794 7626 278 7860 748 8667 799
1038 10 23 745 1085 225 2005 2 2738 622 2881 789 5277 509 7632 232 7656 672 8229 45 9002 767
1039 7 437 599 1432 147 1504 211 1711 542 3295 708 4333 655 9065 918
1040 11 268 746 1552 252 1667 23 1813 738 3084 158 4262 721 4476 643 5638 357 6333 431 6688 933 7328 240
1041 13 231 359 1117 833 1127 69 1166 410 1879 117 3002 609 3574 37 4681 917 5620 622 6805 450 8205 231 8304 132 8827 61
1042 7 470 935 1558 644 3610 224 4767 828 6480 386 8696 158 9103 87
1043 8 1 741 3102 827 3927 530 3989 976 4134 735 6366 145 6755 964 9907 448
1044 5 425 939 1191 868 5044 762 8537 333 9814 43
1045 4 348 608 2121 799 2459 611 3318 177
1046 9 237 341 773 673 911 786 1294 654 1424 749 2497 794 2704 220 7733 580 8376 925
1047 11 550 800 760 389 1273 414 2724 115 2961 722 3065 586 3198 286 4243 909 4297 357 5252 782 7156 181
1048 12 812 931 1712 144 4341 619 4500 78 4543 988 5914 380 6128 37 6473 918 6883 18 7030 649 7544 835 8681 156
1049 9 691 207 1577 574 1651 246 2029 392 4439 986 6271 129 7079 140 7623 255 9751 415
1050 6 398 645 2711 914 4128 429 5874 476 8069 433 8258 980
1051 6 591 164 5350 544 5444 839 5452 251 5459 811 6782 501
1052 15 5 475 207 6 1100 804 1237 204 1515 119 2327 888 3312 26 3434 752 4305 305 5177 795 6404 32 7105 554 7348 998 8980 109 9289 545
1053 10 131 478 358 595 794 635 2237 59 3635 513 5793 890 6068 656 8078 555 8738 714 8866 722
1054 5 360 60 2927 82 4589 499 6937 936 9959 728
1055 8 923 587 1132 592 1140 133 1228 802 1478 128 1596 905 7591 35 9183 938
1056 4 65 385 1779 897 3046 580 6629 344
1057 4 221 671 1937 4 3001 168 9608 425
1058 9 774 734 1652 417 1741 845 2023 25 3654 457 5949 275 6126 689 6639 646 9331 293
1059 8 280 407 629 172 1663 591 1725 908 2193 954 2770 23 5475 856 9497 78
1060 7 299 137 984 150 7820 233 8093 764 8498 712 9258 780 9946 539
1061 8 650 21 2505 693 2519 564 4059 949 4375 597 4939 28 6735 643 8625 566
1062 7 214 50 941 169 1339 174 1821 384 2419 413 3961 734 5181 933
1063 6 583 995 853 354 864 954 1299 939 1676 390 9913 920
1064 8 856 386 1480 830 1942 701 2405 701 2834 556 3501 277 7619 753 8807 516
1065 8 506 25 973 53 1570 113 4028 560 6679 351 7576 49 9099 831 9462 959
1066 8 926 507 1949 292 2821 549 3609 237 4963 900 5499 486 5529 586 5628 240
1067 12 30 607 1788 609 1992 716 2042 471 2095 550 2447 149 2645 547 3559 639 4928 393 6762 538 6782 429 9213 876
1068 8 385 754 423 840 1194 90 2289 972 3691 627 4289 713 6303 588 7579 673
1069 7 102 984 1243 442 2221 66 2640 144 4614 106 7186 408 7674 697
1070 8 632 905 1607 601 1907 811 2484 935 2579 942 2592 479 6298 148 9048 968
1071 7 502 620 1332 144 1365 61 1725 687 5614 217 6251 704 7691 130
1072 7 306 295 824 487 1462 237 2442 562 5549 183 6460 581 7563 583
1073 5 735 466 840 475 1116 11 3778 9 5777 639
1074 3 105 111 1812 770 5202 770
1075 7 728 249 1272 780 4016 170 6846 23 7396 613 7667 62 8220 779
1076 8 681 226 1928 320 3434 484 4623 976 6533 13 7383 264 7393 737 7460 578
1077 3 167 938 3238 621 5965 509
1078 6 440 844 1804 823 2238 700 5570 177 6884 111 7784 336
1079 5 383 970 3426 883 3938 982 5200 154 8049 459
1080 10 188 316 371 694 899 887 1616 750 1750 365 2737 55 3274 788 4128 230 5311 746 8308 586
1081 7 348 254 465 255 1013 472 1762 464 6453 981 6880 174 9861 436
1082 4 181 8 1581 915 6132 608 9381 136
1083 4 902 568 4861 452 5366 944 9222 45
1084 4 145 625 328 4 1035 344 1909 277
1085 5 725 422 1038 225 1193 470 2511 977 7994 289
1086 6 948 681 2047 646 2243 971 4036 664 4534 891 5898 128
1087 8 482 94 590 110 3322 64 3997 538 4519 615 4850 655 6929 563 9492 330
1088 8 33 155 2293 19 3833 399 4916 132 7596 60 7755 4 8384 545 9807 245
1089 6 667 394 2400 166 4343 136 4663 428 7684 857 9117 449
1090 9 163 690 791 751 1679 123 1716 925 3165 578 3218 818 4386 543 4712 310 8102 784
1091 3 761 395 2405 588 2958 29
1092 8 312 818 1115 544 1130 388 1542 580 4588 320 7105 308 9821 75 9850 459
1093 9 788 138 1492 635 1984 110 2141 241 2445 161 5027 635 7165 375 7317 410 8408 767
1094 10 692 181 925 154 1449 828 1538 450 2266 658 3497 117 3840 605 4422 813 5484 423 6622 324
1095 4 389 671 1658 167 4708 65 7954 720
1096 7 741 167 858 210 3320 374 3447 765 4776 221 6249 681 6617 314
1097 8 641 635 1227 690 1641 373 2578 501 3470 974 3764 135 4601 339 7180 122
1098 5 365 953 912 277 6345 301 7500 966 9467 726
1099 6 473 58 1454 825 2191 168 2547 278 5477 808 7499 623
1100 8 1052 804 1718 723 2961 984 3543 497 5355 369 7117 892 8726 55 9351 138
1101 5 183 547 1121 171 3469 51 7929 48 8163 479
1102 6 79 33 444 670 931 91 3388 828 5312 326 8400 740
1103 4 837 403 1628 246 4693 636 6824 670
1104 9 285 780 823 262 1443 330 1737 588 1747 499 3898 349 7391 690 7954 944 9190 14
1105 7 125 204 513 341 3028 129 3114 50 6570 460 9163 947 9740 272
1106 7 784 633 2291 723 5110 552 5315 789 5410 336 5472 345 8130 206
1107 6 445 905 556 371 1176 363 5678 79 6426 211 9150 277
1108 5 127 38 2129 213 6260 868 6474 438 7941 577
1109 8 293 364 869 40 1882 489 1935 768 7315 888 7524 348 7577 753 7757 729
1110 6 207 158 1774 539 4425 166 9559 886 9679 404 9798 760
1111 10 149 978 348 635 998 900 3003 484 3082 126 3699 804 5884 564 8204 293 9142 420 9477 128
1112 7 267 282 1409 375 3852 879 5571 122 6278 647 7020 795 7155 229
1113 4 93 343 2324 127 6293 817 8473 369
1114 5 891 530 2034 781 2567 732 4229 583 8998 616
1115 7 1092 544 2407 138 2438 878 3244 904 4679 221 5463 333 8719 455
1116 8 1073 11 1135 188 1192 890 1662 708 1906 414 3083 359 4188 784 6215 960
1117 9 1041 833 1153 641 1215 673 1463 892 4147 666 6517 660 7926 219 8549 367 9536 233
1118 7 626 117 2018 455 3461 546 3946 475 3975 808 4019 146 9019 144
1119 5 893 361 1455 660 1556 466 3331 405 3438 517
1120 5 254 703 6359 414 8265 659 8823 63 9206 783
1121 12 268 244 728 277 1101 171 1622 56 1802 153 1990 538 2585 876 2979 815 3649 451 4271 409 5599 692 8459 475
1122 13 277 288 811 3 1655 155 2387 942 3026 810 3313 509 3687 22 4116 871 6631 781 7181 317 7911 304 8459 871 9823 417
1123 4 184 861 2186 160 2463 532 5647 546
1124 7 863 594 1879 205 2455 893 2886 550 4046 877 5826 959 9396 739
1125 5 279 403 2446 185 4188 148 5827 939 6633 348
1126 4 1010 793 1865 198 4688 876 7931 476
1127 7 1041 69 3686 81 5667 787 6295 359 7257 619 7771 305 8743 844
1128 9 460 407 815 103 1552 46 3384 910 4367 64 5159 953 5789 624 8772 557 9801 114
1129 9 613 326 822 991 2741 248 3576 558 5118 562 6856 337 8378 959 9041 220 9713 777
1130 8 296 984 1092 388 1484 609 1884 489 3004 724 4571 512 5732 890 6691 517
1131 5 500 855 1364 448 3876 846 4834 688 6295 260
1132 6 475 652 1055 592 1527 267 3642 87 3839 467 6643 702
1133 4 547 89 2339 102 3619 190 8757 671
1134 6 315 346 1786 2 3013 233 5080 86 5519 115 6906 808
1135 7 1116 188 1858 556 2151 176 3512 446 3715 577 6479 810 9959 13
1136 9 317 156 412 212 815 555 1562 394 2277 370 2553 340 3514 944 4957 309 7671 892
1137 9 556 790 811 722 914 72 2849 528 6037 352 6867 87 7728 104 7896 925 9492 445
1138 11 281 442 940 75 1035 452 1793 64 4674 416 5043 179 5551 156 6007 882 7783 284 8794 190 9164 606
1139 8 48 342 1366 237 1550 911 3321 385 6928 129 7487 608 8081 181 9302 933
1140 12 946 902 1055 133 1431 15 3136 741 3658 27 4741 409 5054 831 6165 120 6604 21 6854 583 7039 644 9713 787
1141 3 210 154 1797 736 7170 572
1142 4 620 68 2640 725 3711 694 6269 441
1143 4 177 411 3582 531 3825 27 4146 258
1144 9 503 383 813 561 2297 987 2763 825 3755 337 4034 831 5017 487 8708 805 9431 863
1145 3 878 696 995 955 1256 229
1146 10 581 345 664 280 1823 785 2314 300 4167 697 4822 998 6620 174 7561 147 7866 217 9847 850
1147 7 12 439 1568 680 3395 145 4686 646 5326 594 6114 312 8411 646
1148 7 480 328 4721 315 6367 841 7880 187 7995 710 9024 372 9293 422
1149 3 379 745 388 311 927 534
1150 3 579 531 1644 87 9228 590
1151 6 821 150 1857 164 4668 372 4799 332 6499 709 6664 177
1152 10 516 645 2644 399 2842 479 3581 797 3924 201 4176 117 4632 531 4662 738 4801 634 9584 588
1153 5 1117 641 1413 81 2978 444 3125 841 7443 599
1154 4 103 672 416 838 1286 415 4192 696
1155 5 293 408 3063 627 4119 79 7011 695 8752 999
1156 3 511 692 827 723 2632 93
1157 3 755 529 3033 631 8479 594
1158 7 69 297 75 111 1434 154 1880 528 7406 406 7513 967 7727 771
1159 6 11 689 2175 446 2827 572 3164 649 7135 561 8792 880
1160 7 1018 277 2776 890 4285 240 7059 598 7431 179 9681 551 9821 71
1161 12 88 475 123 948 708 154 1912 901 4122 484 5197 33 5491 263 6694 680 8174 730 8458 781 9073 63 9158 726
1162 15 971 577 1182 218 1186 778 1376 754 1419 700 2188 611 2648 409 5322 238 5883 419 8347 939 8401 705 8891 48 9248 770 9334 138 9423 554
1163 5 262 211 4225 678 8591 236 8857 735 9910 870
1164 6 188 592 2661 154 4315 81 5038 746 6936 504 7282 483
1165 4 590 954 4755 156 5442 500 8632 957
1166 8 337 486 1041 410 2671 80 3531 871 5857 371 8193 834 9300 672 9782 731
1167 7 133 989 345 972 1466 836 2382 380 5063 832 7932 993 9880 185
1168 9 793 482 1513 951 3801 197 3975 832 4238 680 5482 432 6377 805 8100 256 8356 83
1169 10 159 871 1762 625 2306 706 2380 586 2763 514 2903 795 4460 386 4971 77 7112 820 7387 1000
1170 6 94 245 685 23 1911 85 2472 434 5605 556 8249 709
1171 8 974 715 1255 241 1406 13 1977 498 2600 525 4786 341 5861 840 8775 81
1172 2 474 177 6945 195
1173 2 27 689 8112 427
1174 7 384 220 563 349 2404 118 2419 285 7629 296 9097 897 9506 953
1175 10 203 275 745 162 1372 411 1741 700 1892 710 2099 244 5102 176 5729 9 8969 739 9484 100
1176 6 969 270 1107 363 1739 765 2263 669 2695 613 3918 700
1177 10 219 397 1783 47 1928 217 2998 919 3466 203 5249 958 5334 909 6680 133 8952 425 9691 716
1178 11 157 236 760 860 806 600 2139 674 2405 268 2723 889 5327 540 5886 19 6516 240 6732 514 9178 418
1179 6 972 35 2086 232 3910 800 6849 64 7145 256 7425 765
1180 3 423 66 1969 949 6329 31
1181 12 563 762 781 222 933 986 3784 207 3821 965 4090 591 5249 933 6315 107 6370 598 6745 66 7080 354 9072 871
1182 4 1162 218 1395 743 3003 2 4003 833
1183 7 138 967 866 129 2628 213 2689 302 5360 362 5726 554 9779 121
1184 3 611 289 3089 475 3667 371
1185 7 110 434 254 894 2299 978 2400 957 2466 741 5759 568 8108 468
1186 8 1162 778 1512 665 4410 570 4615 828 4890 125 5610 515 6101 707 9255 237
1187 7 397 518 1548 173 2234 685 5039 68 6020 780 7866 847 9418 607
1188 5 29 882 5418 93 6280 11 8051 890 8608 537
1189 6 492 379 4093 806 4583 120 7001 86 7368 674 8789 44
1190 8 272 462 1762 303 1787 765 4870 430 5051 780 5376 662 7159 805 8032 748
1191 5 604 729 1044 868 4357 290 5869 801 6733 38
1192 6 1116 890 2231 855 2939 924 5989 541 6291 860 6302 267
1193 9 1085 470 2046 735 2076 845 2927 610 3299 793 4783 245 5606 74 6507 169 9893 182
1194 9 192 11 694 670 1068 90 1628 799 2930 682 7852 846 8349 492 8627 370 9937 210
1195 4 236 224 1627 617 1855 273 7172 615
1196 5 753 110 3279 497 4508 706 5076 979 6321 872
1197 10 522 304 984 4 1526 241 2448 966 2867 888 3883 238 7367 603 8341 279 8840 647 9647 21
1198 5 780 690 1722 355 2718 990 6529 658 8386 945
1199 7 204 480 842 379 4530 607 4929 129 5083 507 5467 361 7942 953
1200 6 340 649 1357 376 3602 288 5289 35 6352 46 9568 830
1201 3 431 641 2924 132 6260 368
1202 8 159 90 272 905 5660 658 5825 388 7243 624 7263 46 7522 75 7592 675
1203 8 78 656 2118 853 4698 667 5187 851 6758 255 7717 618 7895 586 8285 804
1204 8 298 223 879 97 1544 867 3784 591 6093 992 7442 466 9051 889 9575 237
1205 7 36 666 307 755 4377 241 5822 648 6402 960 7633 834 9694 77
1206 7 373 230 1034 434 1527 319 1777 793 3349 625 6642 983 9758 516
1207 7 819 601 5893 526 5957 716 7625 114 7827 183 8955 271 9229 6
1208 7 161 995 534 63 1452 64 2657 518 3560 689 5145 242 6107 802
1209 12 368 628 712 994 1033 867 1504 863 1519 783 2166 186 2455 999 6581 385 6818 423 7287 206 8552 906 9440 654
1210 7 243 642 508 333 1440 429 1462 869 2500 921 3918 106 5968 896
1211 4 624 787 728 126 3503 288 4943 347
1212 8 218 225 2273 349 2647 241 5388 14 6639 131 7536 176 8384 844 9175 780
1213 11 177 178 335 933 1323 617 2575 123 3384 644 4194 612 4207 648 4807 350 7347 539 7584 114 9194 494
1214 4 944 478 3297 327 8057 912 9617 430
1215 5 604 404 1117 673 5268 367 6384 168 7560 336
1216 6 781 492 1707 704 2088 222 5463 514 7973 187 8133 773
1217 7 217 986 2398 274 3528 766 7363 599 8889 788 9502 618 9770 734
1218 7 516 795 1851 657 2100 420 3068 699 4535 633 6944 61 8659 68
1219 5 900 743 2487 338 2827 989 6545 632 9716 904
1220 8 405 197 2044 340 2747 440 3131 16 5383 766 9140 971 9527 282 9743 794
1221 4 775 513 1464 418 5775 878 7355 521
1222 7 401 203 2036 7 2451 381 2619 504 5140 567 5278 892 9864 487
1223 3 831 812 1632 96 6089 902
1224 6 647 1 2795 931 4782 912 5210 228 7163 332 9679 328
1225 7 481 481 1306 116 1640 90 2632 971 5453 522 7984 48 8642 250
1226 4 413 547 3624 232 3804 101 9975 761
1227 6 1097 690 1520 817 2364 620 3487 817 8888 295 9971 960
1228 6 1055 802 1558 680 1844 486 2322 728 2361 565 6581 901
1229 6 358 670 470 393 3515 791 4777 781 5735 343 9299 601
1230 9 244 806 5072 666 5443 983 5884 395 6882 152 7135 64 7309 94 8254 945 8778 383
1231 3 137 684 2787 352 7091 463
1232 3 794 367 4085 476 6381 485
1233 5 568 889 745 841 7296 184 8332 819 9108 436
1234 8 828 565 997 275 1405 438 2211 17 2296 123 3592 995 6025 370 7276 988
1235 5 78 961 1371 636 1420 218 4936 536 8700 566
1236 7 436 113 1691 956 4323 317 5122 970 5195 275 6461 705 9648 728
1237 9 1052 204 1571 823 1822 531 1885 768 4013 33 6579 869 6857 363 7146 26 7463 767
1238 7 654 697 2498 233 2526 459 3438 829 3806 165 8083 748 9249 76
1239 5 638 60 2019 194 3150 544 4132 695 5201 202
1240 4 790 603 2075 404 4081 344 9470 220
1241 6 884 914 1387 471 2913 372 3202 83 3225 7 8018 105
1242 7 371 118 690 380 1315 873 4157 878 6358 908 8605 143 8648 389
1243 13 278 781 954 221 1069 442 1827 765 2363 595 3637 160 4712 599 5567 248 6898 460 6923 462 7199 416 8317 38 9621 712
1244 4 152 692 539 197 1942 323 4707 917
1245 9 43 510 100 271 2286 511 3816 678 4275 846 4727 720 4755 988 5526 257 6348 724
1246 5 198 421 1314 935 2045 245 4518 786 4794 410
1247 14 697 883 854 749 1640 981 1871 220 1986 221 2259 50 3214 390 3243 390 4020 684 4593 707 6148 109 7022 494 7829 874 8393 483
1248 5 559 479 3494 858 5895 364 6345 717 9267 332
1249 7 244 934 615 265 1761 220 1823 957 2150 833 2495 922 6090 926
1250 5 718 460 1503 222 2944 199 4135 763 8576 956
1251 6 429 709 683 473 2924 622 3219 748 3255 955 4121 323
1252 3 326 396 765 530 4728 366
1253 6 3 728 1305 563 2051 693 3222 42 4991 754 5310 873
1254 10 86 170 863 395 1363 52 3624 524 4269 365 8596 641 9386 239 9532 941 9609 829 9844 99
1255 9 281 465 917 103 1171 241 1318 154 3965 138 4973 555 5767 643 5820 515 6948 512
1256 7 1145 229 1555 779 3441 50 3563 56 6603 551 8639 406 9803 110
1257 4 501 951 2199 618 4162 473 6490 187
1258 4 923 198 3808 912 4962 133 5486 534
1259 6 141 876 153 235 3768 996 3914 346 5362 575 8031 586
1260 9 10 533 585 582 3080 456 4015 497 4239 943 4935 826 6299 27 7373 478 8864 788
1261 9 815 84 2271 330 2688 423 3276 879 3854 781 4797 895 5373 421 8933 593 9347 487
1262 5 260 309 1537 960 1989 224 6384 500 8108 718
1263 6 1005 140 2013 216 2285 479 5097 854 7085 524 8416 42
1264 7 834 278 878 714 6624 559 6932 883 6941 310 7884 487 8766 854
1265 7 568 195 1698 830 1828 358 2948 292 3031 604 8430 170 8442 308
1266 6 611 869 710 482 795 730 3122 70 4926 591 8565 849
1267 11 50 689 355 735 2496 187 3002 725 3135 651 6409 780 6715 362 8226 675 8501 43 8855 933 9666 569
1268 5 210 424 1355 363 1533 719 6510 25 7559 200
1269 8 523 358 1604 910 2799 603 3216 322 4502 685 4971 889 6065 571 6232 724
1270 6 721 669 1441 788 2226 46 3940 753 4111 56 7157 181
1271 10 1001 661 1439 842 1762 518 1894 689 2636 555 3408 941 4089 32 4330 860 4529 356 6192 456
1272 5 1075 780 1374 65 2126 263 7462 942 9054 432
1273 7 919 346 1047 414 2073 189 2785 330 4786 780 4899 816 9389 862
1274 11 453 319 517 191 3362 179 6159 521 6755 432 6807 133 7117 800 7336 589 7722 802 8298 967 9096 902
1275 7 289 583 1400 216 3289 742 7990 20 8541 562 8889 552 9050 139
1276 6 516 125 546 644 2298 295 3228 832 4446 757 6106 73
1277 7 494 732 986 215 3516 137 3532 278 3693 535 5419 603 6318 51
1278 8 587 980 1298 359 2911 16 4634 734 5498 892 8189 632 8348 270 9128 333
1279 10 209 659 939 470 1628 613 2104 577 3583 553 4805 736 4894 349 4897 976 5384 21 7898 365
1280 10 214 401 338 628 2197 294 4903 102 7141 852 7346 830 7657 265 7846 325 8457 302 8506 914
1281 4 288 799 2960 184 4463 678 8677 299
1282 7 659 933 1427 440 2285 929 6191 903 7203 370 8241 976 9959 761
1283 5 804 882 1393 46 3492 257 6997 720 8313 251
1284 8 508 183 752 561 1674 120 2700 322 5123 601 7708 343 7738 317 8213 456
1285 4 895 380 2431 355 3831 330 7952 912
1286 8 315 915 1154 415 1459 725 1804 743 2372 421 5817 333 7585 250 8691 765
1287 7 374 641 3179 345 5399 965 5865 754 7721 19 8889 69 9517 578
1288 7 404 435 2115 570 2538 662 3068 206 3298 181 3762 697 6786 529
1289 8 346 538 2123 78 4480 982 5635 626 6051 293 6920 300 9237 118 9319 814
1290 9 459 804 1972 68 4895 589 6863 121 7174 399 8570 541 8891 365 9147 445 9292 528
1291 7 35 941 635 969 1548 292 1755 797 4165 901 8290 634 8639 708
1292 6 552 765 1477 218 1796 618 2652 702 2871 390 5684 822
1293 10 1020 631 1316 627 1785 585 2267 480 2338 244 6106 363 7493 757 7638 910 9373 485 9511 976
1294 5 1046 654 2260 533 3436 411 5027 662 7037 897
1295 9 967 85 1836 457 3673 783 3886 585 4402 2 7238 36 7976 253 8805 351 9295 390
1296 7 264 507 497 659 2010 864 2310 784 3292 71 6160 987 9687 90
1297 9 1026 505 1852 369 2265 44 4415 991 4889 346 5138 256 6186 471 6934 40 8535 113
1298 4 54 160 1278 359 6052 331 8975 616
1299 8 273 484 509 543 1063 939 2747 224 3740 611 6011 914 6826 1000 7010 862
1300 11 320 453 509 672 1333 511 1484 627 3342 715 4240 347 5484 382 6673 114 7050 499 8011 829 8953 44
1301 8 451 762 1646 282 1763 209 2591 709 4199 599 4225 242 4752 282 6206 939
1302 14 205 417 1779 870 3907 422 4103 893 4566 830 5031 28 6078 770 7004 238 7323 303 8115 970 8396 401 9551 262 9793 794 9864 310
1303 2 304 101 1018 789
1304 6 946 254 1568 223 5168 895 6351 684 6986 324 7108 69
1305 9 119 705 1026 276 1253 563 2868 11 5029 464 5240 499 6348 290 8943 579 9363 99
1306 5 1225 116 2849 370 3442 614 3541 972 6608 414
1307 8 943 984 1988 159 2590 731 4453 595 4842 294 5976 257 7176 908 7632 581
1308 4 1004 180 7883 740 7898 363 9452 906
1309 8 410 385 706 976 2447 795 6747 431 7265 781 7673 58 7761 186 9695 682
1310 9 162 290 260 391 459 311 1558 130 1571 299 1694 112 1764 829 1951 55 5253 957
1311 10 389 560 571 31 1771 858 2021 263 5492 535 5935 205 6023 570 9243 674 9815 250 9961 363
1312 7 436 850 2198 666 3091 544 3104 16 6585 296 7640 547 7996 12
1313 10 548 963 1329 500 2531 810 3886 332 4125 798 8874 524 8912 906 9154 244 9855 665 9937 306
1314 9 996 472 1246 935 1486 646 1680 609 2978 613 4466 694 4938 894 7739 453 9142 772
1315 3 1242 873 1563 304 2780 623
1316 8 305 823 1293 627 1347 220 1825 202 2758 155 3599 583 8295 503 8343 964
1317 5 122 117 896 673 3787 964 3956 642 6464 768
1318 6 1255 154 4861 870 7966 327 8572 502 8675 982 8966 30
1319 7 463 200 1437 36 2898 190 3477 756 3827 634 4392 37 7458 948
1320 4 599 601 3337 145 4967 762 8489 133
1321 6 732 327 2319 68 3101 20 7413 245 7839 883 9469 641
1322 5 125 791 1458 867 1910 740 3783 383 7192 70
1323 11 884 578 1213 617 1701 789 1818 604 2154 374 3294 522 3636 593 4341 395 6177 652 6589 371 7295 693
1324 8 510 542 612 694 1445 780 1652 973 2312 211 4129 59 6375 92 9596 156
1325 8 578 963 792 346 1452 331 6758 871 7033 899 7400 804 8498 411 8785 65
1326 5 782 339 2366 580 4019 172 6008 982 6895 764
1327 15 387 132 941 199 1588 952 1756 572 2623 462 2851 726 7065 753 7361 250 8367 37 8601 416 8695 470 8862 773 9259 575 9412 308 9474 79
1328 11 973 478 1618 183 2356 785 2429 94 3047 150 3193 411 3469 169 3629 907 4196 32 4209 97 6045 108
1329 7 244 823 1313 500 3805 788 4444 82 4865 113 7360 985 8951 422
1330 4 762 274 1006 674 1798 438 3020 942
1331 8 695 314 1543 11 3036 457 4566 298 5219 727 6640 645 7695 291 9645 57
1332 12 48 264 867 14 1071 144 3190 893 3311 362 3523 877 4144 231 5211 869 5960 138 7565 399 7749 398 9019 683
1333 6 984 106 1300 511 1497 38 2907 718 5146 868 6091 135
1334 4 23 902 508 376 4995 576 7185 644
1335 5 35 210 153 903 2169 680 5475 952 6454 522
1336 12 650 570 1498 723 1794 765 1913 363 2912 504 3809 841 4580 67 6868 404 7688 606 7857 85 7890 737 9752 829
1337 5 79 701 907 45 5315 806 7451 592 7747 167
1338 5 64 499 602 181 620 320 1971 457 9556 626
1339 9 1019 137 1062 174 2153 14 2222 825 2363 43 2559 967 2786 189 5563 6 8145 22
1340 4 241 795 3259 820 6787 939 8203 604
1341 7 394 633 1400 860 1921 419 2542 290 3202 133 4125 753 7087 943
1342 12 72 40 904 87 1457 876 1811 341 1863 316 3041 50 3745 88 3930 201 4659 713 5080 543 7310 727 7938 313
1343 5 810 169 869 159 2597 275 3468 259 4740 431
1344 2 394 534 5785 405
1345 1 105 633
1346 8 247 207 2742 837 3475 248 6602 660 6877 730 7184 170 7612 634 7734 795
1347 4 1316 220 3166 971 4986 157 9329 873
1348 9 57 666 1449 563 2893 348 3040 681 3752 273 4057 261 4707 612 6509 104 8498 996
1349 5 681 548 2213 702 2595 159 7082 502 7619 127
1350 7 970 572 3552 112 5986 785 6559 22 8060 163 9408 768 9630 935
1351 7 839 794 1690 782 3783 59 5550 956 6725 918 8055 172 8881 941
1352 4 985 907 2680 676 2953 359 5720 88
1353 7 381 264 423 492 1654 285 3577 200 3904 196 6363 216 7546 982
1354 6 285 74 697 107 905 980 1726 433 5905 590 9574 481
1355 11 25 514 51 121 963 952 1268 363 1446 380 1963 551 2192 510 4917 262 6566 424 8860 742 9083 42
1356 6 558 250 4890 410 5748 689 6345 686 6610 106 8197 943
1357 7 290 359 1200 376 2462 40 2632 565 3066 69 7187 100 9254 86
1358 6 656 379 695 422 2882 363 4301 860 6760 99 9623 918
1359 6 216 597 3226 977 4880 743 6127 18 8347 145 9790 491
1360 8 432 293 1945 943 2123 895 5025 243 5371 690 5926 997 8547 647 9114 914
1361 9 751 322 3317 271 3653 139 4577 857 6478 609 7175 619 7477 648 7963 460 7969 444
1362 5 325 314 776 699 6796 204 8431 260 9206 871
1363 3 1254 52 2137 620 7013 760
1364 7 1131 448 2122 534 2532 633 2865 584 6973 411 7647 991 9866 232
1365 9 1071 61 1601 168 2210 37 3051 518 3180 408 6035 596 6216 54 7133 539 9699 376
1366 5 409 101 1139 237 2182 62 2706 54 9076 137
1367 5 616 268 988 917 2205 947 4512 178 7215 393
1368 6 330 97 679 895 1592 265 2856 665 3529 647 4343 623
1369 11 376 387 1584 685 1677 730 1744 203 4438 941 4809 852 6130 607 7316 841 8129 955 8713 377 9575 505
1370 5 937 36 2736 784 2790 961 7544 119 9956 495
1371 3 1235 636 3216 973 8383 964
1372 4 774 994 1175 411 2354 181 9252 161
1373 6 55 874 3186 147 3853 571 5714 934 7799 907 8823 200
1374 7 301 677 1272 65 3347 893 4420 535 7172 321 9698 112 9955 204
1375 9 617 798 1586 702 1987 857 3838 992 5529 442 5538 615 8516 610 8827 773 9454 607
1376 13 351 468 641 392 1162 754 1648 590 2262 89 2550 661 3028 764 3568 961 6033 81 6574 806 6586 998 7126 68 8936 633
1377 5 793 496 4786 217 5186 977 5874 59 9130 654
1378 8 225 78 1032 719 1689 928 2132 91 2208 390 3440 439 3630 475 4171 64
1379 4 1006 596 4695 976 4776 652 4982 768
1380 8 8 724 1805 999 2391 280 3716 551 4326 465 4416 717 8367 469 9870 415
1381 3 486 763 805 690 8094 575
1382 7 60 240 398 623 2554 266 6117 72 6458 909 7262 263 8155 409
1383 10 703 552 1541 349 1861 361 3028 813 4217 429 4599 455 5422 442 7869 564 7963 407 9571 730
1384 10 17 762 2800 997 3315 502 4348 350 6235 637 6995 682 7245 72 8334 42 8495 101 8506 124
1385 10 494 576 569 985 998 537 1414 459 2468 374 2558 357 2962 692 3025 77 4776 898 9941 503
1386 8 618 681 2008 479 5081 561 5875 945 8248 760 8249 178 9329 136 9512 687
1387 8 840 165 1241 471 3636 627 5940 426 6262 848 7716 595 7892 793 9319 99
1388 7 596 670 2540 851 4117 583 5922 993 6262 164 6481 251 7154 13
1389 7 1013 395 2570 926 2997 886 5159 998 5363 435 6431 662 7638 387
1390 11 266 348 1026 71 2202 502 2905 696 4609 23 6940 86 6962 16 8031 758 9111 310 9577 375 9960 771
1391 8 575 450 908 713 2240 132 4224 938 4340 250 6343 229 7239 181 9973 574
1392 4 738 956 1840 511 2649 68 8691 68
1393 7 252 218 1283 46 2740 477 4581 690 6818 378 8284 385 9060 665
1394 7 587 633 4055 550 5546 7 6215 589 6983 243 7452 301 7852 525
1395 8 487 745 722 472 1182 743 2469 471 3820 577 4070 748 4846 93 5099 552
1396 7 709 856 993 813 1586 65 2294 608 4511 628 4945 840 9216 259
1397 4 776 532 865 793 2218 310 6279 706
1398 7 124 516 372 705 972 292 2919 168 5782 167 6479 779 7448 512
1399 6 854 938 3547 296 3790 406 5986 715 7508 449 9055 943
1400 9 1275 216 1341 860 3878 276 4353 454 5042 313 5316 63 6538 222 7682 67 8191 481
1401 4 392 999 1617 498 3817 668 7572 391
1402 5 797 235 1030 141 1451 745 4666 876 5968 221
1403 4 755 502 1529 593 3271 274 4411 10
1404 6 518 819 2086 880 2627 875 4409 131 5003 48 7728 985
1405 9 495 426 1234 438 3074 910 3442 509 5532 93 5856 463 7778 421 8476 652 8743 497
1406 7 1171 13 2449 688 5393 641 6602 387 9101 49 9244 397 9528 461
1407 5 328 420 4155 707 6911 69 9818 651 9926 662
1408 8 267 581 894 282 2030 648 3797 467 4940 155 6173 180 6974 668 7932 595
1409 5 860 358 1112 375 2782 957 2789 96 6679 210
1410 6 889 445 3033 767 4339 290 5121 470 6589 58 6653 823
1411 10 604 762 1606 724 2334 781 3009 604 3323 795 5647 962 6668 75 7064 152 8834 662 9107 916
1412 4 537 677 5493 561 6433 785 8603 927
1413 7 1153 81 1479 97 1671 988 3016 577 6415 556 7981 680 8069 70
1414 4 1385 459 2899 285 4308 574 8799 683
1415 10 371 945 1724 573 2815 537 3956 349 5237 777 5668 277 6357 124 6411 849 6593 946 9872 639
1416 8 34 85 3460 789 4279 270 4757 962 5416 92 5559 237 8948 514 9176 391
1417 5 641 371 2359 27 2685 309 4116 989 6312 529
1418 4 231 820 744 722 3664 88 5379 107
1419 3 258 478 910 952 1162 700
1420 8 1235 218 2187 987 4594 232 5849 190 6970 341 7889 881 8653 897 8816 687
1421 6 423 378 2276 312 2458 256 2863 576 3288 81 4785 976
1422 5 838 409 1698 351 5485 262 6669 269 7986 613
1423 4 910 381 5788 48 6994 643 9730 519
1424 7 370 498 1046 749 1671 818 2925 752 3937 735 6049 929 6664 27
1425 6 249 675 777 456 1790 432 2753 246 4175 707 9795 428
1426 8 592 298 670 539 2614 208 3561 237 6983 697 7033 744 9120 581 9944 91
1427 9 110 271 828 472 1282 440 1781 478 1932 551 3428 825 6875 104 7813 591 8617 117
1428 7 513 417 652 265 2172 508 4653 287 4989 784 7832 660 9917 658
1429 6 332 531 1468 600 1720 119 5157 198 6939 249 8449 638
1430 8 451 140 2563 182 4924 652 5352 775 6550 83 7386 876 7648 872 7687 732
1431 12 652 692 884 416 1140 15 1455 962 1534 350 2167 773 3236 805 3345 27 4584 274 5568 271 7472 116 9155 619
1432 8 1039 147 1610 900 2707 717 4248 17 4928 451 5305 83 6604 44 7716 666
1433 13 105 326 306 932 443 530 1507 639 1967 338 1999 346 3185 784 3275 528 3599 187 5672 47 5798 363 8615 918 9129 679
1434 9 585 563 1158 154 1532 94 1703 376 1936 159 2825 688 4678 525 8448 806 8539 194
1435 8 461 561 613 852 3713 652 5587 265 6073 826 7181 805 8076 120 9961 837
1436 7 409 756 2938 133 3218 626 7188 168 7846 399 7852 265 8510 996
1437 14 1319 36 1680 490 1782 688 2019 588 2343 653 3464 796 4103 296 5655 89 5779 334 6161 802 7144 425 7996 181 9205 799 9893 217
1438 6 905 199 2347 904 5048 145 7965 35 8681 773 9344 404
1439 5 1271 842 2179 236 3280 410 4177 384 9296 912
1440 5 1028 683 1210 429 4359 607 5594 593 8258 457
1441 8 654 611 1270 788 2204 335 4525 64 4733 691 5605 487 7562 468 8906 587
1442 10 290 249 879 260 1483 974 1550 56 1646 439 1704 434 2855 181 3039 498 3097 768 4572 700
1443 4 844 886 1104 330 1893 143 3013 216
1444 7 483 154 609 173 806 247 2525 147 8156 622 8336 568 8523 348
1445 12 43 32 1324 780 1722 258 2003 309 2411 123 2543 216 4565 362 5283 331 6477 451 6534 826 7423 430 8232 917
1446 12 500 350 1355 380 1577 889 2261 136 2265 353 3309 812 3703 422 6883 189 6975 359 7272 967 9651 393 9714 669
1447 7 1033 93 1560 47 2387 252 2657 900 3397 48 7521 4 9134 491
1448 6 175 841 364 656 3426 447 5271 451 7045 18 8066 590
1449 8 503 669 572 27 1094 828 1348 563 2572 334 3518 500 8501 728 8668 328
1450 6 382 520 444 438 2064 443 2861 494 4532 14 7053 132
1451 6 100 554 1402 745 4037 94 4266 430 7114 856 7699 754
1452 6 1208 64 1325 331 1758 1000 2116 606 6822 941 7907 862
1453 7 696 44 1602 326 3574 229 4872 67 5674 485 8647 156 9123 637
1454 5 869 332 1099 825 1791 180 2937 753 6011 203
1455 3 1119 660 1431 962 8184 875
1456 7 964 8 3269 458 4152 863 4869 845 5731 724 6257 67 6443 631
1457 2 1342 876 5031 693
1458 11 1322 867 2417 427 2573 120 3759 734 3863 30 4922 991 5613 720 6974 476 7060 143 7836 804 8438 601
1459 6 1286 725 3637 831 8088 422 8697 86 8762 492 9143 502
1460 9 922 957 1462 471 2059 987 3199 279 4005 106 4408 18 5708 834 6540 619 8534 989
1461 6 800 519 2560 308 2715 102 3569 819 5122 550 9547 528
1462 6 1072 237 1210 869 1460 471 3410 382 5968 130 9370 328
1463 12 36 106 1117 892 2138 709 2894 349 2946 78 4691 491 5156 155 5816 939 5906 682 6553 237 7942 780 8520 670
1464 4 1221 418 2120 108 2600 371 9412 455
1465 5 614 479 1904 722 2414 869 6993 859 8473 747
1466 9 100 73 1167 836 1600 450 5734 684 6159 240 7488 786 8028 800 9360 561 9807 892
1467 6 394 346 4281 940 5674 896 6499 79 7520 365 7771 368
1468 5 460 933 1429 600 1700 381 5827 970 8705 943
1469 6 943 618 991 855 1951 234 5697 285 6723 228 7838 452
1470 8 389 951 2987 575 3195 892 3472 672 4565 542 6894 73 7687 970 8962 661
1471 7 73 168 3109 193 3452 334 3815 835 5504 457 6079 388 7707 549
1472 11 399 542 833 739 2176 233 2328 774 2824 399 3155 591 3332 2 3351 705 4151 99 5698 988 6088 259
1473 10 54 854 2386 787 2535 914 2673 791 3033 592 3616 603 4123 405 7161 564 7494 195 9725 562
1474 5 149 919 3831 286 4141 934 5738 510 6382 713
1475 8 1004 297 1547 353 1805 710 2302 230 4586 383 7518 789 7675 183 8329 900
1476 4 162 435 2805 995 5404 137 7878 975
1477 6 859 965 898 760 1292 218 6081 787 6231 168 8105 150
1478 7 1055 128 1710 316 1831 776 2295 753 6405 931 7609 916 9782 31
1479 11 86 518 657 409 1413 97 1609 729 1737 949 2353 216 4190 200 4407 786 5409 277 6222 247 6563 964
1480 6 360 701 1064 830 4317 552 5116 593 6405 343 7179 807
1481 5 795 68 2560 64 4867 795 5971 191 7026 688
1482 9 887 409 2459 431 3445 230 4553 195 6274 425 7620 894 7996 784 8976 327 9564 899
1483 3 1442 974 7924 468 9246 310
1484 8 658 316 1130 609 1300 627 3576 882 5083 156 6163 841 7425 677 8167 949
1485 7 491 901 1752 794 2976 123 8382 183 8711 224 9798 546 9928 887
1486 6 1314 646 2742 646 3133 288 3501 110 4958 671 6808 642
1487 4 624 206 2370 691 3392 113 4503 215
1488 8 377 259 945 39 2562 889 3114 583 3270 867 4594 50 5056 214 5423 717
1489 7 564 416 1557 154 1620 515 2143 879 3465 329 3627 363 4722 26
1490 9 999 533 1947 390 2235 380 2633 823 3599 224 4173 507 4828 370 5377 866 7308 565
1491 3 485 692 2043 124 3363 461
1492 12 197 342 1093 635 1832 586 1864 11 2126 152 2141 393 2906 467 3017 546 4968 946 9068 444 9151 716 9324 640
1493 4 1016 901 2256 289 4262 228 5014 236
1494 7 626 953 935 293 1523 914 3529 81 9110 379 9462 660 9569 204
1495 9 498 634 805 770 1758 344 3866 591 4307 469 7065 615 7243 870 8856 324 8963 499
1496 6 426 611 518 790 3487 293 3942 819 6920 894 8886 593
1497 6 123 553 1333 38 1723 86 2957 912 7746 859 9800 847
1498 11 1336 723 1898 8 2152 700 2642 657 2660 350 3076 298 3807 383 4416 614 4782 441 6630 433 7508 610
1499 11 672 398 1686 436 2287 733 4581 950 4781 384 5511 485 6385 392 8094 428 8405 222 8809 789 9084 882
1500 12 257 165 1917 374 2598 252 3038 1000 3432 488 4793 239 6290 765 6533 158 6566 268 7782 97 8568 450 9832 485
1501 10 451 244 992 355 2326 255 2521 970 3152 248 3468 746 6831 684 7327 883 8735 179 9848 970
1502 8 1015 410 2153 392 2786 558 3080 772 3400 801 4194 932 5637 363 9966 25
1503 2 193 38 1250 222
1504 8 1039 211 1209 863 3426 809 4403 38 4817 854 6547 77 8647 524 8723 507
1505 11 179 825 446 869 1829 924 2974 482 3423 135 4494 679 4552 533 4737 857 5540 348 8555 720 9399 445
1506 5 11 952 503 698 645 685 1621 797 4885 602
1507 9 1433 639 1605 544 3149 49 6797 196 7472 151 7854 829 8622 159 8855 996 9702 856
1508 8 26 45 896 747 1955 610 2655 257 3910 852 6706 633 8214 419 8388 695
1509 6 538 912 1535 844 1607 862 1947 548 3293 437 8560 871
1510 5 268 620 1834 261 2506 410 2591 698 6246 69
1511 7 273 574 5340 301 5989 627 7976 941 8230 214 8836 542 9458 771
1512 5 1186 665 2569 390 2712 194 3431 47 4126 718
1513 11 26 432 989 839 1168 951 2202 418 4268 495 4368 253 4967 88 4992 22 5290 399 5400 394 9412 609
1514 7 339 921 1636 827 2260 3 5605 491 6630 291 9189 51 9353 399
1515 8 933 118 1052 119 2593 511 3254 618 3552 176 6913 520 7194 225 9896 354
1516 5 29 454 66 600 6205 466 8838 158 9331 607
1517 11 431 362 4514 822 5618 642 5921 883 7278 154 7562 153 7749 124 7857 332 8127 337 9161 225 9915 918
1518 4 863 671 5617 355 8585 813 8757 741
1519 6 1209 783 1995 634 3304 131 5587 998 8482 343 8613 810
1520 5 446 635 905 232 1227 817 8999 428 9651 686
1521 5 137 775 2337 528 2427 671 4668 775 5106 751
1522 6 245 887 1740 20 4316 180 6466 869 8050 381 8545 906
1523 6 1494 914 3354 300 3395 718 4528 37 5800 708 9144 742
1524 6 575 420 983 105 1959 464 5933 392 7906 548 9180 442
1525 7 96 179 147 756 1867 176 2790 235 3278 247 8210 498 9001 568
1526 7 392 50 1197 241 2118 12 3163 173 5651 733 6039 838 8452 533
1527 6 102 294 1132 267 1206 319 3416 462 4219 59 6136 657
1528 7 715 22 2023 848 4114 427 5627 527 8537 339 8761 441 9857 520
1529 1 1403 593
1530 3 803 547 1894 261 2928 761
1531 3 311 296 2668 278 8736 976
1532 8 1434 94 1618 935 2876 483 2956 607 5188 790 9295 902 9571 875 9878 527
1533 8 105 190 1268 719 2017 363 2159 77 2555 372 3072 416 3287 593 7639 224
1534 8 199 763 490 286 624 441 974 300 1431 350 2330 567 2684 335 5450 86
1535 4 314 89 1509 844 4897 773 8950 393
1536 6 767 745 1960 861 1973 568 2733 608 5239 146 5863 925
1537 7 1262 960 1982 726 5580 736 6542 482 7613 939 8628 954 9578 358
1538 2 1094 450 8132 138
1539 13 178 603 2191 785 3325 492 4074 557 4128 105 4553 245 4618 355 4643 387 5757 881 6455 905 7315 423 7532 896 9580 442
1540 10 2 710 947 307 2505 435 3201 732 3851 395 5833 858 7458 962 7850 401 8962 165 9619 159
1541 4 1383 349 5737 797 5920 196 8277 87
1542 9 1092 580 1651 231 1825 918 3041 818 3684 382 3688 674 4328 572 6805 373 7426 979
1543 6 191 537 1331 11 2217 479 6318 225 6473 351 9038 544
1544 5 1000 297 1204 867 4530 638 4796 428 8470 376
1545 2 582 806 8235 293
1546 4 147 416 1556 15 2740 130 9102 245
1547 5 223 44 1475 353 4911 432 6658 997 7709 419
1548 8 91 827 932 885 1187 173 1291 292 5147 953 5684 948 5733 872 5889 470
1549 7 997 399 3143 973 4249 887 4861 5 6034 758 9322 14 9764 111
1550 10 721 271 1139 911 1442 56 1626 713 1801 129 1905 311 2003 168 2035 591 6791 360 8719 127
1551 8 1024 850 1667 450 2418 810 3419 194 5331 225 5624 177 5991 444 6264 555
1552 9 1040 252 1128 46 1746 963 3713 617 4168 525 4390 515 5178 211 6371 845 7700 914
1553 8 831 463 1724 153 2501 378 3192 586 4827 523 5098 318 6337 503 8764 943
1554 4 712 804 4198 499 4595 529 5555 639
1555 5 390 681 1256 779 1613 874 2798 139 5170 880
1556 10 139 729 545 370 1119 466 1546 15 2003 605 2103 220 2115 835 3621 936 4905 270 5772 84
1557 7 726 491 1489 154 2161 856 2172 858 2181 491 3044 928 4317 893
1558 5 364 978 1042 644 1228 680 1310 130 1637 988
1559 2 1007 128 2653 578
1560 7 69 192 415 724 1447 47 1731 409 2264 292 3326 527 9721 699
1561 11 21 463 711 914 2448 982 3181 464 4530 754 6236 854 6327 844 7806 843 9170 84 9431 257 9904 999
1562 7 1136 394 2238 540 2378 844 5378 672 7129 127 7637 755 8087 43
1563 7 372 548 552 5 935 251 1315 304 3450 9 4977 949 9619 378
1564 7 209 755 524 232 1729 719 5306 346 5360 395 5390 784 7262 325
1565 9 315 632 930 301 1581 655 2866 278 3411 599 5352 648 7721 367 9614 859 9879 288
1566 8 801 116 1029 365 1920 107 4425 575 6933 302 7225 860 9085 483 9845 800
1567 5 113 593 996 332 3154 487 4626 501 6358 79
1568 6 1147 680 1304 223 3265 365 5696 282 7400 680 9944 177
1569 7 812 145 1675 918 1952 426 3351 102 3356 793 3982 827 6300 615
1570 5 975 785 1065 113 1701 26 8153 633 9484 972
1571 11 353 257 1237 823 1310 299 3453 457 3661 355 3678 956 5974 466 6305 733 6656 540 9422 667 9449 904
1572 7 117 254 1020 674 2830 981 3578 970 4816 427 5961 936 9773 323
1573 9 801 587 2011 280 2122 823 3718 684 4308 749 4997 821 5706 30 6450 58 8771 767
1574 5 367 680 3471 898 4880 804 7091 407 9517 705
1575 8 319 378 2154 348 2869 917 3380 97 3712 959 7344 857 7503 586 9105 427
1576 7 786 692 3149 723 3359 237 5822 14 8275 678 9724 145 9921 173
1577 4 1049 574 1446 889 5794 990 5987 804
1578 5 822 718 4234 352 6015 908 6244 667 9625 13
1579 4 127 742 4174 445 4883 315 6524 970
1580 12 995 751 1719 122 2850 971 3418 668 4784 742 5135 433 5807 555 6051 418 6957 218 7732 757 8356 746 9458 332
1581 7 299 397 1082 915 1565 655 4822 244 5791 423 6988 831 9314 304
1582 7 304 698 1814 632 2934 305 4202 569 5355 848 5713 910 6248 540
1583 4 140 709 798 95 3484 403 6168 697
1584 7 440 168 1369 685 2231 787 3462 728 3710 675 5263 903 9126 565
1585 7 536 48 690 502 1837 686 2311 595 3619 846 3824 290 5031 342
1586 9 1375 702 1396 65 1591 227 1943 385 3427 103 3979 229 4208 109 6678 270 8381 42
1587 6 35 990 90 400 2815 504 3436 808 3847 423 4466 632
1588 7 1327 952 1697 920 1842 54 2016 821 2749 151 3631 520 7431 270
1589 11 644 189 2065 304 2423 808 2451 925 3113 83 3677 567 4673 777 8466 286 9051 853 9261 621 9958 669
1590 11 917 180 2228 921 2764 565 3436 289 4003 512 4319 628 4448 122 4835 206 5997 729 6277 333 9677 745
1591 5 657 20 1586 227 2119 347 6315 536 6776 500
1592 9 439 359 1368 265 1782 114 2659 393 3313 368 3825 789 4466 311 5319 878 8080 945
1593 4 720 634 1989 465 2587 671 9503 750
1594 4 435 992 438 57 3883 815 6945 952
1595 6 984 267 2709 856 5707 602 7072 273 8554 631 9560 546
1596 10 309 343 1055 905 1810 138 2418 634 2545 987 4590 564 4727 576 5775 394 8185 963 9908 104
1597 10 113 185 473 498 3119 261 4232 893 4660 179 5290 443 6564 506 8588 271 9014 879 9519 728
1598 4 260 86 2601 357 5915 186 6044 148
1599 3 266 499 2859 419 4829 830
1600 8 1466 450 6685 76 7191 253 7307 265 7907 769 8699 46 8971 789 9704 831
1601 4 1365 168 2199 565 2813 900 9720 94
1602 8 1453 326 1855 908 1900 404 3106 901 3927 768 3993 279 6235 417 7650 750
1603 4 104 486 220 951 5009 701 9158 346
1604 10 53 803 242 363 862 388 1269 910 2058 903 2205 664 4013 726 6048 653 7468 223 8937 240
1605 8 1507 544 2908 796 4189 687 4546 734 6551 863 7522 81 9100 68 9268 354
1606 7 1411 724 2329 204 2581 604 4891 789 5004 433 6330 480 6489 961
1607 5 1070 601 1509 862 5418 30 5733 219 7524 998
1608 9 532 74 582 582 855 929 4903 437 6279 331 6773 583 8623 233 8999 560 9715 159
1609 10 833 515 1479 729 2001 657 2533 624 3166 743 3896 695 4922 4 5981 549 6662 46 7870 764
1610 15 494 852 671 767 1432 900 1633 757 2513 640 3631 109 4191 281 4779 20 5137 847 6134 957 6605 591 8388 208 8497 709 9314 711 9943 382
1611 6 2 355 2313 445 3726 260 4930 539 7520 907 8210 109
1612 5 946 36 2234 495 3834 380 5949 345 7949 234
1613 8 147 290 1555 874 1748 863 1851 700 5063 922 5247 538 8494 292 9322 116
1614 3 969 506 1660 415 4067 93
1615 9 306 773 328 995 1956 843 3286 645 6732 516 6894 44 7115 187 7763 439 8492 285
1616 12 1080 750 2425 667 2562 125 2698 138 2773 298 2776 242 2883 788 3066 32 6172 90 8056 941 8821 307 9183 742
1617 10 1401 498 2080 254 2889 778 3845 663 3848 531 3941 494 4037 114 4667 203 4845 362 5453 39
1618 6 274 905 1328 183 1532 935 6354 752 7491 64 8588 264
1619 4 356 882 630 927 8238 771 8834 161
1620 6 1489 515 2355 298 4467 218 5660 179 8417 355 8947 52
1621 7 1506 797 1893 809 3622 178 4063 153 5746 794 5802 991 6155 459
1622 8 903 542 1121 56 1875 794 2209 719 3483 629 4130 324 5351 457 5924 70
1623 10 485 484 900 317 948 683 2027 366 4003 462 6431 651 6547 699 7303 341 8048 843 9180 96
1624 4 252 201 895 231 2960 216 9867 348
1625 5 461 550 2534 90 7505 244 8210 834 9053 209
1626 8 55 567 790 39 1550 713 1830 277 2480 703 5345 937 6177 698 8656 968
1627 7 1195 617 3888 773 4433 616 4551 890 8332 340 9317 927 9821 190
1628 13 1103 246 1194 799 1279 613 1907 820 2094 346 3460 984 4781 593 5136 172 5750 52 6280 988 6697 203 7150 290 9898 689
1629 9 582 390 2196 830 3946 301 6139 191 6274 39 7358 118 7755 346 8653 741 9054 585
1630 7 506 492 2288 495 5234 802 7352 663 7551 783 8624 683 9691 687
1631 9 253 927 423 225 529 315 4136 543 5546 244 7211 244 8878 878 9283 983 9683 571
1632 13 1223 96 2910 842 3484 51 3566 23 4223 77 4332 522 5687 543 6110 523 6301 503 6493 950 7760 599 9046 513 9419 121
1633 10 112 556 388 576 1610 757 1702 773 1957 910 1962 540 2275 393 3007 534 5514 78 8590 514
1634 4 698 217 3490 188 4312 431 9969 986
1635 3 951 25 4404 596 9758 533
1636 9 1514 827 3245 530 4083 223 4852 803 5554 480 6227 55 7110 636 8450 489 9629 670
1637 5 1558 988 2742 605 3132 9 8050 810 8961 765
1638 6 158 235 1919 592 3297 987 3555 299 5757 392 9773 658
1639 7 43 875 1661 972 2024 160 2909 887 3284 589 3599 508 6039 222
1640 15 1225 90 1247 981 2187 146 2322 837 2332 297 2701 505 4327 392 4699 725 5223 747 6333 200 6875 706 8739 642 8870 333 8872 533 9183 574
1641 10 1097 373 2443 995 3175 735 3606 845 4434 807 4942 852 7811 505 8297 9 8701 666 9813 419
1642 9 545 428 1768 777 1983 410 2319 712 2415 613 4419 801 4821 72 5291 873 7918 383
1643 6 446 953 3307 590 3914 813 4523 613 4676 754 8595 673
1644 5 1150 87 6633 947 7813 465 8446 728 9852 460
1645 8 149 347 1036 20 1652 811 2667 993 5144 291 6237 400 8046 519 9485 93
1646 8 855 846 1301 282 1442 439 1934 672 2380 801 2829 261 3338 999 7918 597
1647 6 313 557 632 77 1815 448 3612 31 7907 507 9760 937
1648 6 1376 590 1935 16 4825 86 5435 903 7145 772 9138 600
1649 8 162 358 167 558 302 962 1820 300 2981 245 3359 820 6112 590 7304 954
1650 8 517 988 2793 147 4205 496 5481 326 6496 158 6708 945 7676 876 8208 840
1651 4 1049 246 1542 231 2499 761 8644 603
1652 12 210 733 634 605 1058 417 1324 973 1645 811 2386 84 3175 771 3598 870 4844 206 6147 243 7783 276 8018 594
1653 11 176 612 3323 408 3827 192 4278 745 4787 190 4789 406 5309 960 7519 83 8157 391 8746 167 8944 584
1654 9 199 539 1353 285 2760 186 4440 144 4838 389 5793 378 6829 694 6910 314 9378 34
1655 4 1122 155 2254 748 3089 340 3260 632
1656 7 271 315 2422 397 2613 691 2646 106 4911 898 7584 597 9921 251
1657 7 289 635 2170 426 2580 657 2671 722 3283 31 3435 41 9497 438
1658 5 1095 167 4291 182 4840 734 6737 618 8570 197
1659 8 704 861 1835 211 2801 189 4546 993 5499 42 5603 577 6133 45 9835 557
1660 3 1614 415 8080 697 8820 764
1661 10 1639 972 1946 224 3490 269 3524 223 3991 202 5477 203 5551 499 5641 439 6014 927 8944 274
1662 6 1116 708 1709 977 2048 371 7344 558 7611 418 9192 916
1663 10 596 684 1059 591 3123 664 3926 73 4059 222 4147 128 4419 823 4913 901 4949 749 6527 265
1664 4 1034 284 2740 733 2948 75 3896 618
1665 6 748 704 1944 563 2000 937 5685 43 6543 776 7348 962
1666 7 59 750 1878 872 3702 347 3881 160 4564 498 6681 916 7242 231
1667 8 1040 23 1551 450 2346 476 3168 413 6058 325 6910 492 7658 394 8444 263
1668 5 864 786 1861 373 3074 697 5943 783 7932 657
1669 10 442 949 1029 648 2074 244 2977 224 4027 52 4116 721 4566 375 4677 90 9166 907 9480 125
1670 7 83 262 873 107 5839 334 8170 465 8919 396 9262 114 9354 939
1671 5 854 171 1413 988 1424 818 3778 821 4467 362
1672 11 828 612 2054 929 2967 301 2970 8 5135 950 6551 362 7330 731 7375 13 7737 683 9304 632 9898 251
1673 5 626 876 2853 616 3801 121 5491 205 8878 13
1674 1 1284 120
1675 4 1569 918 1682 972 6018 77 7305 101
1676 9 821 193 1063 390 4570 697 6145 321 7240 302 7420 941 8457 805 8999 677 9738 945
1677 6 630 115 1369 730 2889 588 4292 664 4465 123 7303 33
1678 5 407 914 5620 241 7757 188 8047 599 8810 731
1679 7 618 388 1090 123 1777 881 1888 2 2436 223 3417 334 6038 813
1680 7 982 354 1314 609 1437 490 2514 942 3682 856 6711 815 7359 864
1681 8 264 641 3344 31 3873 235 4253 419 4406 41 5825 479 6028 80 9293 494
1682 6 383 211 1675 972 2245 537 7378 752 9226 214 9860 971
1683 2 697 502 2471 729
1684 7 718 461 759 798 2941 160 3267 958 6052 464 6579 165 7553 266
1685 6 1021 831 4340 157 4393 55 4791 333 6910 367 7643 971
1686 7 889 964 1499 436 2449 427 2900 247 4813 319 5554 479 7041 134
1687 4 959 518 2799 240 2982 423 3011 397
1688 6 767 485 2502 371 2964 710 4575 101 5253 272 6916 612
1689 5 549 520 1378 928 2483 354 2627 164 7768 133
1690 4 651 333 1351 782 6302 754 9988 679
1691 10 970 494 1236 956 1836 358 1904 322 1966 46 2751 434 5235 833 5569 568 6184 89 6543 696
1692 4 1005 135 3327 515 6076 194 6239 136
1693 4 841 897 2709 880 2732 193 8094 707
1694 8 243 606 1310 112 1888 925 4233 795 5541 217 6457 602 6769 668 7931 139
1695 7 609 816 2431 609 3086 752 4683 277 5425 361 5929 883 9079 82
1696 2 289 933 5820 755
1697 7 1588 920 3015 920 3941 599 4728 256 6595 926 7242 941 7533 620
1698 10 1265 830 1422 351 4323 664 4445 557 4875 107 6161 413 6823 398 7950 754 8523 772 9784 911
1699 6 619 378 2439 989 2577 650 2902 731 4700 50 5983 458
1700 7 710 880 1468 381 2540 218 2783 960 4909 735 5451 886 6388 277
1701 8 946 141 1323 789 1570 26 3158 62 3248 156 6384 699 8935 556 9833 7
1702 4 896 526 1633 773 2207 86 6880 514
1703 5 750 151 1434 376 1874 827 6062 480 9127 135
1704 4 1442 434 2089 18 4492 798 9809 232
1705 6 278 924 379 324 3326 230 4615 286 7453 448 9179 20
1706 8 228 897 520 359 2510 4 2538 146 3567 65 3916 662 5132 667 6089 597
1707 8 685 229 1216 704 2212 215 2488 811 2638 922 4505 434 6076 920 6078 947
1708 3 53 334 5590 183 9446 927
1709 4 1662 977 5778 138 6173 80 6878 876
1710 8 1478 316 1941 960 2075 345 3976 3 6339 370 7454 290 8233 130 8907 618
1711 4 1039 542 8495 722 9049 217 9493 150
1712 5 1048 144 1952 339 3008 149 5409 28 9746 283
1713 3 846 920 2170 836 7382 193
1714 5 418 263 2183 393 2615 34 5304 4 6828 686
1715 7 254 490 904 761 2555 543 2853 646 5441 651 6393 976 9220 67
1716 8 67 127 434 20 1090 925 3244 831 4769 282 5456 678 6168 354 7375 735
1717 4 1 839 799 938 3474 889 7829 578
1718 10 1100 723 1992 92 2053 51 2168 804 3414 926 4418 792 6057 35 6217 635 6271 729 9012 733
1719 10 1580 122 3606 132 3748 78 5745 622 5864 39 7494 665 7543 441 8029 673 8829 613 9411 269
1720 6 265 426 1429 119 4205 557 7861 770 7955 537 8677 451
1721 10 946 294 1973 730 2568 176 2746 139 3023 273 4644 105 5389 493 5791 724 5802 676 6514 190
1722 7 832 887 1198 355 1445 258 2087 851 3746 17 6820 104 8946 788
1723 7 1497 86 2454 346 2957 828 6697 342 8170 603 8358 920 9478 445
1724 9 1415 573 1553 153 1833 883 2249 106 3499 802 4487 887 5037 837 5354 878 5670 880
1725 4 1059 908 1071 687 4104 869 4758 360
1726 8 1010 998 1354 433 5670 79 5770 135 7054 269 7458 97 8233 258 8864 948
1727 4 475 246 2012 718 6136 247 7734 710
1728 7 907 524 2656 16 3423 671 3729 617 7043 784 7866 215 9621 324
1729 8 596 321 1564 719 2379 942 3475 175 4050 477 4693 979 4869 151 9297 806
1730 3 360 977 4161 204 8990 238
1731 3 609 686 1560 409 5288 246
1732 5 329 732 1734 657 3561 842 3677 25 7088 428
1733 7 755 697 3863 696 3988 703 4388 522 4692 823 5131 550 7658 864
1734 6 1732 657 2068 957 2895 999 3457 98 7703 885 9489 540
1735 7 371 633 2126 230 3847 540 6754 363 6998 388 7950 993 9734 492
1736 8 450 893 2629 433 2806 529 3366 28 3410 645 4172 536 6169 706 7583 101
1737 7 446 158 1104 588 1479 949 4999 792 5645 293 7220 273 8253 932
1738 6 580 458 1785 399 2964 918 3348 798 8160 838 9604 365
1739 8 69 867 718 162 1176 765 1793 225 1810 633 5380 651 6938 216 7641 862
1740 11 235 805 1522 20 3142 518 3189 756 5054 403 5774 213 5868 455 6819 986 7048 365 8751 711 9998 304
1741 5 1058 845 1175 700 3169 30 5996 770 9708 344
1742 9 446 662 1793 671 2323 872 2840 460 6166 913 7039 55 7390 334 7497 356 8225 400
1743 8 170 145 632 384 742 113 2505 80 4717 888 5583 368 5783 863 9729 945
1744 10 1369 203 2194 808 2503 911 3586 441 4132 13 4288 486 4948 985 5772 396 8038 489 8885 799
1745 4 358 953 1881 708 5893 988 6151 241
1746 13 1552 963 1953 114 2063 792 2157 454 2694 813 3080 875 3985 667 4428 654 4855 770 5615 781 6047 929 7936 831 9703 290
1747 6 1104 499 1817 550 3528 509 6107 912 6123 950 8430 18
1748 7 444 118 921 713 1613 863 2871 725 3550 71 3643 683 8404 48
1749 3 755 377 9214 55 9923 710
1750 10 771 163 795 539 1080 365 2290 254 3165 624 3293 21 6403 181 6456 27 8670 805 9124 759
1751 5 857 322 2637 130 3835 775 5693 715 6103 521
1752 7 1485 794 3444 888 4762 89 5638 423 5858 886 6223 607 8641 499
1753 8 550 498 2212 566 4007 788 5582 64 6526 729 7171 89 7426 303 9960 524
1754 9 410 30 3662 759 5000 786 5236 923 7724 910 8085 415 8559 720 9398 987 9846 621
1755 7 971 332 1291 797 2217 656 4265 207 4930 166 6981 416 9950 934
1756 7 1327 572 3250 400 3526 236 3779 663 3867 339 5013 366 5874 593
1757 4 473 937 1836 261 1938 244 2475 168
1758 9 1452 1000 1495 344 1965 559 2436 542 2744 950 3993 446 4226 808 9041 87 9179 604
1759 3 364 823 6434 550 7582 216
1760 8 680 356 2082 74 5658 531 5996 669 7257 691 7712 901 8685 501 9586 58
1761 7 104 825 872 498 1249 220 1892 981 2220 720 5343 729 6786 874
1762 8 1081 464 1169 625 1190 303 1271 518 3192 302 4901 440 5122 382 8360 998
1763 9 37 949 287 356 1301 209 2237 433 2729 650 5120 100 5751 804 5768 51 7486 262
1764 5 1310 829 2387 559 4271 902 5650 586 7532 952
1765 6 294 512 306 94 4431 468 8070 456 8351 67 8533 929
1766 8 63 967 2206 608 2619 861 3215 213 5653 362 6672 822 7460 712 7873 48
1767 7 149 889 154 8 2307 599 3285 990 3969 84 6407 223 6840 582
1768 6 1642 777 4463 108 5923 228 6032 655 8733 212 9330 331
1769 9 740 401 1850 657 2450 594 3343 195 6505 495 6673 231 6674 14 8371 756 9110 377
1770 6 45 881 4223 895 5373 553 6842 320 7848 474 8318 812
1771 4 1311 858 4006 519 6046 164 8043 685
1772 4 544 206 859 926 5012 86 9393 479
1773 11 367 201 467 72 2126 528 2223 218 2716 701 2850 395 4589 111 5886 514 6148 101 6435 349 8926 208
1774 5 1110 539 2149 77 4455 595 4988 597 5062 276
1775 8 921 318 2032 327 2281 653 3973 740 4509 533 6638 714 7282 500 9402 780
1776 8 414 770 2876 636 5985 783 6644 316 7130 905 7939 172 8983 244 9335 749
1777 10 1206 793 1679 881 3824 170 5064 813 5991 585 6218 400 6383 815 8603 921 9066 246 9603 871
1778 7 760 320 4196 855 4874 53 5105 351 6506 251 6775 36 7887 734
1779 8 82 896 1056 897 1302 870 2970 195 3378 283 5244 703 5609 820 8026 341
1780 7 996 446 2758 189 4037 583 4346 740 6800 218 7572 601 8049 918
1781 3 1427 478 5303 949 7867 942
1782 10 1437 688 1592 114 2091 152 3293 104 3424 212 3540 50 3685 960 4107 734 6884 826 9270 791
1783 7 874 986 1177 47 1902 391 3266 842 4161 945 4906 962 7619 134
1784 8 500 712 3451 520 3727 563 3947 267 4014 878 4130 273 8744 94 9642 765
1785 10 91 987 970 446 1293 585 1738 399 4343 212 5975 220 6905 647 7323 366 9010 922 9110 294
1786 11 1134 2 1873 6 2158 271 2866 912 3181 81 3700 935 4051 727 6106 855 7329 337 8407 763 9010 226
1787 5 1190 765 2812 457 3479 964 3845 574 4256 419
1788 7 158 134 170 807 1067 609 2362 61 7813 606 8885 514 9249 929
1789 3 650 184 1942 462 3454 885
1790 5 1425 432 3429 401 3506 310 5963 102 7669 553
1791 8 624 329 820 800 1454 180 6426 972 8217 211 9383 142 9656 687 9774 269
1792 3 876 249 3276 412 9093 142
1793 6 765 513 1138 64 1739 225 1742 671 2552 520 8762 396
1794 6 1336 765 1926 564 2305 758 4261 216 4603 356 7757 625
1795 3 973 625 3126 442 7540 62
1796 4 746 658 1292 618 1993 551 4913 900
1797 5 1141 736 5414 466 6029 216 6661 79 8864 311
1798 4 1330 438 2271 547 6880 464 9531 51
1799 10 435 954 573 643 2559 24 4883 189 5964 614 6148 290 7277 636 8050 545 9182 667 9227 610
1800 7 628 87 5819 899 6361 532 7095 313 8044 292 8093 198 8191 709
1801 9 276 120 312 677 417 379 1550 129 3231 541 3445 867 8606 240 9266 749 9457 779
1802 8 90 2 1121 153 2399 565 3667 887 4787 510 5631 590 9021 705 9780 417
1803 3 323 912 2615 927 4750 604
1804 14 829 825 1078 823 1286 743 1806 591 1936 833 2200 230 3643 555 4386 102 6083 580 6469 903 6935 732 6948 245 7002 311 9622 552
1805 7 1380 999 1475 710 5370 708 7003 753 7195 632 7605 577 8979 838
1806 8 334 239 1804 591 1807 708 2151 555 4834 46 5422 579 5799 298 6156 274
1807 2 1806 708 2946 391
1808 6 71 148 522 770 2792 110 4605 368 6932 926 9473 548
1809 6 289 481 3270 668 5773 489 5829 499 6285 488 9032 51
1810 8 1596 138 1739 633 2560 995 2596 783 6012 346 6621 609 6794 672 7999 994
1811 5 1342 341 2942 939 5748 915 6808 597 7162 967
1812 4 1074 770 5030 361 7256 607 8722 582
1813 4 1040 738 3913 595 7805 170 8692 95
1814 7 421 264 1582 632 4203 45 5441 515 6460 610 7718 943 8815 948
1815 3 221 142 1647 448 2281 339
1816 5 230 220 2768 582 3408 110 4043 671 9454 553
1817 6 282 291 1747 550 2472 404 3177 806 7617 873 9166 477
1818 5 324 487 1323 604 1992 979 5872 815 8319 423
1819 4 574 390 6860 624 8556 375 8845 604
1820 11 550 503 686 984 1649 300 2697 927 3937 107 4115 16 4822 329 6067 777 6629 140 8483 527 8565 699
1821 6 1062 384 3067 450 4489 815 5837 478 6885 715 7046 506
1822 8 398 316 1237 531 5262 882 5465 92 6347 935 7946 253 8853 186 9072 458
1823 7 120 599 1146 785 1249 957 2487 774 3961 997 6471 401 6746 518
1824 9 23 689 30 107 2196 76 2580 908 2816 579 7424 189 9345 152 9672 909 9769 995
1825 4 1316 202 1542 918 2220 148 6705 185
1826 2 75 876 4927 464
1827 10 104 473 1243 765 2304 341 3831 526 5558 961 5667 800 6054 452 6332 714 8804 828 8856 399
1828 4 1265 358 3278 467 8956 165 9987 55
1829 9 510 653 922 261 1505 924 2801 566 4991 33 6459 602 7448 338 7489 222 9948 637
1830 3 881 542 1626 277 2048 225
1831 5 792 106 1478 776 2761 178 4189 7 7320 174
1832 11 978 192 1492 586 3689 132 4135 728 6252 179 7052 130 7618 585 7854 13 8508 361 8867 426 9475 258
1833 9 1724 883 4052 464 4125 556 4369 832 4408 126 4856 839 5117 108 6611 330 6936 248
1834 5 853 944 1510 261 4313 595 5734 368 7376 559
1835 5 659 13 1659 211 1925 57 6627 899 7429 943
1836 11 292 100 827 15 1295 457 1691 358 1757 261 1931 442 3284 185 4767 78 6581 301 7510 649 9452 387
1837 3 1585 686 7700 191 8900 564
1838 4 131 706 3198 61 5397 848 9809 31
1839 9 166 72 596 724 985 375 2040 179 4021 46 5505 786 5604 128 5926 550 8289 867
1840 9 1025 593 1392 511 1852 316 2350 710 2507 52 3832 275 5710 80 6825 110 7229 409
1841 9 587 11 664 672 2421 131 3464 846 3842 49 4483 803 4826 306 4978 570 5312 438
1842 7 1588 54 1853 283 2211 55 5014 459 5377 780 5483 743 9167 246
1843 3 366 777 615 326 2117 261
1844 9 1228 486 2124 14 2201 507 2512 291 2549 375 2717 720 3021 652 5100 982 5435 4
1845 6 723 163 766 21 991 34 2903 19 6495 642 9240 920
1846 6 688 567 2177 850 2225 703 7890 532 8803 823 9225 133
1847 9 306 2 404 961 1959 271 2269 130 2523 567 2712 538 3551 995 5197 848 8526 214
1848 10 191 500 2120 990 3562 616 3765 43 5024 243 5048 251 5398 837 5532 898 6049 18 8715 808
1849 6 160 409 759 334 1874 8 2957 421 3491 744 7283 822
1850 6 1005 580 1769 657 2092 475 2900 760 3154 146 6541 604
1851 11 411 650 1218 657 1613 700 1899 423 2607 731 3812 695 3931 640 5079 808 5180 199 7805 134 9756 367
1852 9 1297 369 1840 316 2649 819 3771 518 4396 225 6608 815 7357 984 8690 162 9199 687
1853 5 54 459 432 254 1842 283 5246 196 9678 824
1854 9 728 322 2594 548 3449 55 3634 258 4540 532 4862 166 6877 260 7417 734 9177 704
1855 6 840 41 1195 273 1602 908 4877 997 9029 24 9985 972
1856 4 1019 287 4320 925 4648 27 9017 984
1857 6 893 717 1151 164 2952 540 3166 478 5842 289 6513 683
1858 5 1135 556 3273 7 5297 66 6180 337 8284 123
1859 7 417 596 2286 988 2725 731 2777 585 3681 630 6604 35 6726 513
1860 7 634 618 2309 254 4759 463 5384 900 5882 238 7570 931 8018 437
1861 9 838 816 1005 600 1383 361 1668 373 2191 951 2815 40 4258 305 5516 503 6938 237
1862 3 126 450 173 832 8048 770
1863 7 152 473 1342 316 3100 508 5733 648 8674 806 9090 429 9653 238
1864 13 285 110 1035 163 1492 11 2170 107 2655 40 2825 169 3337 766 6462 616 6904 535 7899 763 8793 903 9404 545 9913 928
1865 5 1126 198 2204 879 3253 892 5400 318 8771 853
1866 3 171 69 7526 708 9151 198
1867 6 246 42 1525 176 2932 657 5256 316 5677 761 7893 298
1868 6 376 175 2655 318 4023 533 4201 458 5896 803 8269 45
1869 3 931 166 6803 422 7806 488
1870 8 273 69 548 582 2075 511 2241 310 2412 444 2602 171 7406 711 7596 432
1871 8 1247 220 2743 417 2928 498 3110 568 5492 4 8234 606 8582 774 9100 234
1872 2 460 439 6260 591
1873 9 915 750 978 465 1786 6 2676 689 3085 935 4158 109 6646 168 7497 532 8050 706
1874 7 1703 827 1849 8 2107 255 2717 713 3239 293 3250 729 6013 208
1875 5 828 156 1622 794 5310 462 5529 919 6409 995
1876 8 298 778 3987 607 4647 207 5181 743 5741 992 6217 592 8256 507 9161 119
1877 7 328 603 2795 473 2909 54 4817 315 5791 7 6225 488 7172 416
1878 5 350 293 1666 872 2933 268 5926 498 7900 706
1879 4 1041 117 1124 205 3216 1 3614 676
1880 12 902 323 1158 528 3544 21 4029 970 4710 602 4798 468 4826 328 5546 80 5931 937 7032 461 7293 190 9085 48
1881 6 280 3 996 655 1745 708 8434 991 8558 581 8690 993
1882 10 937 191 1109 489 2870 777 2872 946 3706 843 5310 954 7608 219 7856 943 8275 72 9489 808
1883 7 784 401 4280 201 4453 22 6839 925 6916 216 7848 463 8618 636
1884 3 1028 180 1130 489 6568 561
1885 7 1237 768 2470 94 3027 110 3585 151 4785 41 6341 213 6824 778
1886 5 1008 768 6315 970 7659 892 8659 704 8734 725
1887 5 773 642 4398 748 4887 108 4942 122 6571 849
1888 5 1679 2 1694 925 2952 695 8387 394 9058 248
1889 9 556 554 2673 96 6043 623 6302 267 6460 31 7744 773 7863 333 9354 35 9462 264
1890 11 931 495 2071 122 2639 527 3597 714 3632 93 5930 974 7673 564 8050 736 8791 239 8812 120 9277 247
1891 9 85 303 2422 892 3286 229 3634 296 6121 792 6271 338 7388 496 7396 541 9235 876
1892 6 1175 710 1761 981 3642 934 4429 715 6201 712 6622 247
1893 9 510 350 1443 143 1621 809 3348 705 3867 337 5189 274 5484 234 8982 416 9062 596
1894 10 1271 689 1530 261 2438 269 2602 319 3765 242 4089 329 4401 106 8568 840 9483 603 9595 98
1895 6 792 771 4095 988 4385 744 6488 410 7077 353 7796 126
1896 7 85 706 1956 22 2060 2 2233 150 3314 369 3486 796 3665 87
1897 7 586 171 2913 484 5390 212 5642 467 6362 524 8146 860 9368 590
1898 9 45 613 236 616 595 747 1498 8 2147 204 2258 605 2487 937 3331 402 8337 702
1899 9 4 81 598 607 1851 423 2605 277 3147 899 4251 932 7014 500 8555 821 8715 564
1900 5 822 982 1602 404 4441 643 8279 828 9195 493
1901 10 441 492 909 518 3451 833 3836 992 4171 638 5782 320 6113 389 7551 276 8706 547 8904 387
1902 2 1783 391 9854 839
1903 4 295 701 2741 811 3506 967 7442 226
1904 6 1465 722 1691 322 3458 332 4672 250 6868 693 9054 480
1905 8 1550 311 3358 193 3435 459 3607 667 3703 476 3875 631 8487 655 8933 745
1906 4 1116 414 2844 735 5004 411 9224 354
1907 4 1070 811 1628 820 4763 138 9088 220
1908 7 168 211 2030 800 2566 26 2837 54 5260 522 8745 865 9728 975
1909 8 171 134 1084 277 2459 686 2768 520 7007 155 7460 934 9314 951 9952 726
1910 5 76 908 233 241 921 250 1322 740 5913 79
1911 4 1170 85 2053 714 5703 981 5769 541
1912 11 107 175 133 54 335 531 672 380 1161 901 2109 600 2228 594 2903 14 3768 335 6206 157 7955 40
1913 8 1336 363 2840 912 3021 597 4013 9 5792 609 6254 166 7421 458 8823 860
1914 10 547 307 4636 438 5488 602 5573 988 6712 858 8595 194 8654 861 8777 650 8850 431 9126 429
1915 7 663 447 5070 365 5574 43 7242 302 7271 728 8397 343 9141 605
1916 8 271 263 366 434 391 374 2856 997 3982 64 4433 215 5584 112 5740 94
1917 5 1500 374 2910 126 3441 352 3931 153 4926 818
1918 6 836 76 2544 877 2996 492 4678 751 7688 551 8737 105
1919 12 87 259 94 868 1638 592 2680 633 3146 413 4883 53 4917 289 5817 287 6318 452 8252 821 8788 648 9951 111
1920 3 154 478 1566 107 2108 819
1921 7 1341 419 1968 505 4902 227 5303 587 6468 198 6655 613 8540 442
1922 10 115 509 289 577 993 511 5020 357 5813 865 6417 157 7026 468 7695 28 8820 152 9663 596
1923 5 883 618 2000 746 5221 799 7351 968 9403 174
1924 2 571 11 6384 205
1925 6 54 180 144 653 1835 57 7435 845 7597 716 8183 541
1926 6 426 457 1794 564 2067 765 7091 282 7554 537 9293 107
1927 4 538 968 593 702 7906 302 9575 712
1928 3 525 163 1076 320 1177 217
1929 6 185 320 2122 543 3044 700 5971 117 6636 495 8945 169
1930 5 689 543 2081 17 2316 271 3430 987 7454 290
1931 8 737 117 1836 442 2063 262 5427 735 5636 615 7107 67 7219 666 9102 488
1932 3 1427 551 3126 645 9319 544
1933 7 889 66 3044 661 3100 107 4175 47 8659 680 9157 962 9687 332
1934 7 1646 672 2059 414 2955 289 4521 828 5800 298 7358 844 8601 706
1935 5 1109 768 1648 16 3962 453 6151 459 9827 413
1936 9 806 967 1434 159 1804 833 2520 399 4717 258 5103 782 6339 160 8395 377 9148 894
1937 8 1057 4 2041 276 5060 868 5638 373 7069 737 7586 737 8073 256 9618 626
1938 8 1757 244 2014 893 4383 599 4709 627 5385 194 8768 417 9731 843 9902 919
1939 7 627 968 2063 387 3785 155 5626 763 6423 647 8065 684 8067 929
1940 6 418 797 3513 743 4388 357 7609 291 8054 435 8287 532
1941 5 15 534 1710 960 2565 456 4613 612 5268 468
1942 7 1064 701 1244 323 1789 462 2612 804 3062 557 5025 752 6876 178
1943 5 1586 385 3340 29 4825 804 5058 419 7697 908
1944 4 1665 563 5346 271 5681 195 6744 795
1945 7 1360 943 2823 40 2857 348 3019 63 3348 270 3680 324 6097 132
1946 4 1661 224 4724 324 7410 354 7708 359
1947 8 1490 390 1509 548 4399 611 5026 495 6451 450 7801 275 8210 581 9930 587
1948 5 954 962 4839 684 6908 77 8213 186 9488 248
1949 7 528 946 1066 292 3499 529 3582 36 3594 301 5174 224 9588 281
1950 7 570 91 2113 558 3194 486 4512 902 5092 668 9309 180 9536 647
1951 3 1310 55 1469 234 4392 894
1952 5 300 119 1569 426 1712 339 5456 948 7604 142
1953 7 303 872 1746 114 2007 938 5192 362 5642 669 8355 806 9266 868
1954 7 309 368 1968 692 2845 366 3944 718 4645 659 6552 74 8393 16
1955 6 369 933 586 110 1508 610 4793 548 5776 678 9303 926
1956 8 477 484 491 545 1615 843 1896 22 5015 48 5307 64 7172 475 9731 358
1957 3 170 378 1633 910 2523 634
1958 3 554 960 4481 855 9163 376
1959 7 1524 464 1847 271 3272 11 5527 894 7538 333 7578 794 7690 518
1960 11 1536 861 2522 617 2667 479 3188 869 3902 912 4097 382 4461 516 4767 642 6824 112 7610 784 9254 81
1961 6 97 785 802 323 1970 937 2700 779 4836 374 9451 900
1962 9 597 397 1633 540 2421 80 2650 531 4492 603 4972 674 6313 164 8400 286 9614 814
1963 11 567 719 1355 551 2247 797 2248 200 2617 525 2826 414 3454 719 3480 367 4892 797 6525 907 7654 222
1964 12 598 483 1997 882 2055 555 2711 442 3242 750 3829 762 6395 710 7251 268 7994 370 8145 483 8329 107 9243 907
1965 6 646 914 1758 559 2582 268 4820 483 5450 210 5848 359
1966 8 1691 46 2637 759 2712 558 3009 702 4502 873 4665 433 7117 453 7152 987
1967 9 176 919 979 857 1433 338 2085 50 3332 686 3867 570 6754 371 7277 597 7620 304
1968 7 1921 505 1954 692 2085 784 3981 400 6309 332 6527 788 8176 349
1969 10 997 716 1180 949 2142 814 2850 420 2860 486 2992 934 4154 317 4961 965 8685 372 9880 473
1970 3 1961 937 2312 264 6301 165
1971 8 294 644 1338 457 1991 203 3730 766 3827 64 6292 29 9183 26 9968 79
1972 5 195 191 1290 68 2269 854 3720 685 5000 705
1973 8 17 517 780 532 1536 568 1721 730 3262 451 3375 574 5700 695 6529 30
1974 4 388 682 706 320 6395 85 7213 493
1975 5 379 363 2252 679 4587 172 4846 874 6675 491
1976 7 313 999 3251 926 3322 498 4387 770 5105 566 5366 493 7040 404
1977 8 872 14 1171 498 2578 647 2957 522 3073 10 3889 770 5101 136 9799 522
1978 4 846 25 2395 634 5190 746 6810 120
1979 3 65 235 920 423 3910 642
1980 9 860 974 1001 324 1008 232 2263 741 3842 207 4949 790 5560 548 9125 117 9678 993
1981 8 339 919 716 720 5834 439 6441 477 6495 205 7353 820 8136 471 9356 761
1982 4 386 45 1537 726 8181 754 9084 68
1983 5 781 113 999 70 1642 410 6951 470 7438 575
1984 7 438 78 1093 110 2014 56 3328 53 5405 760 6193 685 7089 817
1985 5 375 833 2015 223 2795 514 4655 22 6045 631
1986 8 1247 221 2167 983 2348 122 3293 303 4627 176 5781 797 6981 705 8298 79
1987 6 1375 857 2830 818 3682 687 4686 175 7001 253 9386 532
1988 8 1307 159 2848 606 3804 810 4781 511 6530 989 8660 663 8895 716 9133 426
1989 6 1262 224 1593 465 2048 869 7111 285 9219 668 9498 505
1990 8 223 572 346 36 1121 538 2180 740 2351 247 2452 192 5125 297 9052 901
1991 6 475 144 1971 203 2410 815 3631 447 5140 305 5698 489
1992 4 1067 716 1718 92 1818 979 7277 22
1993 6 1796 551 4797 462 4996 431 5258 498 6841 636 8052 626
1994 7 778 65 2316 474 2416 565 3728 660 4533 54 6021 524 7238 755
1995 9 278 993 1519 634 5688 513 6049 918 6515 721 7095 387 7420 2 8845 780 9642 385
1996 9 228 853 771 823 986 466 3197 210 3841 231 3869 293 5152 127 9609 989 9804 908
1997 4 1964 882 3321 551 6376 59 7914 118
1998 4 137 26 557 325 3223 571 3257 853
1999 9 550 190 1433 346 2430 838 2692 422 3287 782 6648 181 6772 950 7160 109 7587 544
2000 4 1665 937 1923 746 3011 388 5570 872
2001 5 644 725 1609 657 6453 612 9445 405 9911 521
2002 6 483 264 2583 285 3869 876 4309 958 6152 503 7697 309
2003 8 1445 309 1550 168 1556 605 2664 75 3830 423 4764 458 6248 649 7338 783
2004 3 205 582 3517 268 4461 390
2005 2 1038 2 7984 460
2006 2 8 709 2253 111
2007 7 147 884 476 686 1953 938 2894 34 5336 121 5612 711 8610 16
2008 7 1386 479 4502 832 4821 778 5373 660 5479 104 7663 514 8805 254
2009 4 837 753 3385 193 5399 987 9307 366
2010 3 1296 864 2566 532 4606 411
2011 7 154 762 1573 280 3595 850 6166 557 6409 622 7350 390 7770 470
2012 4 184 207 1727 718 2130 868 8754 793
2013 6 75 918 495 533 1263 216 3018 742 3792 424 8910 756
2014 5 698 550 1938 893 1984 56 4152 305 5343 662
2015 3 1985 223 4984 473 5111 21
2016 7 125 110 921 631 1588 821 2481 945 3646 84 4628 352 9777 740
2017 11 373 968 463 834 683 793 1533 363 2213 130 2259 570 2769 916 4823 290 7071 613 8683 492 9795 336
2018 6 218 697 1118 455 4925 237 4938 332 7371 394 8708 135
2019 10 348 723 1239 194 1437 588 2376 549 4338 290 4754 191 5961 303 6056 565 7885 180 9715 985
2020 5 340 658 749 225 2169 729 4861 604 9287 390
2021 5 578 200 1311 263 3960 568 5911 688 9899 180
2022 5 305 553 2163 246 2224 423 8719 169 9765 228
2023 8 1058 25 1528 848 2337 205 3140 342 3404 871 3668 953 4521 570 5491 863
2024 5 1639 160 2260 278 7893 44 8689 43 9872 95
2025 8 77 65 2373 597 2669 647 3796 265 5337 110 6587 667 7788 710 8275 336
2026 6 131 377 914 869 2241 809 3708 352 9439 23 9918 548
2027 9 913 847 1623 366 2242 772 4000 35 4592 545 5065 460 5396 529 7021 806 8214 754
2028 6 196 40 645 944 5504 704 6798 640 9568 720 9874 615
2029 7 1049 392 2575 527 4575 834 5934 361 6256 297 8713 692 9904 445
2030 6 929 82 1408 648 1908 800 2062 609 5786 732 6115 749
2031 4 987 70 2324 25 2649 80 3966 423
2032 3 1775 327 6849 552 7003 653
2033 5 807 682 945 674 2277 120 2842 258 3247 233
2034 7 91 657 1114 781 2105 477 2932 564 3892 495 6067 865 7707 753
2035 8 346 772 468 352 1550 591 2642 932 7256 632 8570 727 8634 341 8843 695
2036 5 1222 7 3446 985 3687 496 4633 890 9356 961
2037 7 244 515 2595 268 3623 767 5125 794 5169 330 5453 539 7270 594
2038 5 23 502 3508 45 4751 702 4933 942 5417 330
2039 9 22 700 581 983 836 262 2176 429 2609 232 3800 172 5259 255 6894 184 8552 968
2040 10 1839 179 2326 405 3864 459 5893 895 6723 312 6912 685 7365 707 7418 555 8946 192 9205 341
2041 4 27 866 1937 276 3014 240 4315 313
2042 8 457 278 1067 471 4548 802 4775 617 4948 600 6563 757 7544 996 8847 570
2043 8 1491 124 2193 980 2787 464 3615 139 6866 500 7655 980 8780 818 9756 657
2044 2 1220 340 3764 748
2045 4 1246 245 2812 583 5203 831 7637 481
2046 6 102 171 256 678 1193 735 4123 534 5505 872 5702 492
2047 9 530 596 594 41 852 549 1086 646 2791 805 4542 78 4988 273 5263 391 5451 649
2048 9 194 34 698 103 949 983 1662 371 1830 225 1989 869 5286 305 6608 667 7440 358
2049 8 191 770 3120 630 3714 737 6387 190 6487 137 7970 212 8034 157 8842 24
2050 3 565 999 5808 478 7792 743
2051 4 1253 693 6478 749 8604 165 9868 884
2052 7 141 999 380 350 2153 221 2601 719 6557 598 7470 680 9287 966
2053 13 124 262 1718 51 1911 714 2674 544 3634 425 3771 683 3928 730 3933 191 3981 833 4622 360 5604 264 8738 118 9702 31
2054 2 1672 929 3041 206
2055 4 601 74 1964 555 3255 777 9970 378
2056 6 843 30 2108 941 3411 335 3915 728 4786 796 6108 649
2057 8 899 165 949 690 2510 98 3735 352 5594 595 5884 659 8742 84 9172 60
2058 7 1604 903 2541 241 2654 705 5434 297 6548 302 7109 96 8166 293
2059 8 142 435 1460 987 1934 414 3510 720 4709 91 5388 365 6909 472 9213 975
2060 9 413 823 1896 2 3099 624 3420 118 3566 575 4677 868 5365 678 7631 573 9949 413
2061 4 894 520 2816 393 6002 777 7816 763
2062 12 396 756 2030 609 2081 275 3234 868 3264 586 5977 871 5988 886 6810 172 7069 311 7969 375 8437 231 8465 838
2063 7 1746 792 1931 262 1939 387 2134 839 3468 816 6826 379 9334 979
2064 8 1450 443 3403 370 3446 43 4019 342 4471 535 5396 411 5397 957 9763 367
2065 7 1589 304 5173 696 5918 99 6117 907 6662 388 7631 152 9689 616
2066 3 607 411 5639 233 7976 122
2067 4 731 627 1926 765 3938 169 4038 954
2068 7 871 571 1734 957 2402 410 6285 200 7182 219 8004 7 8789 183
2069 4 348 307 4296 72 6277 545 7086 95
2070 7 810 885 2131 673 2482 928 5092 517 6408 715 6582 381 7340 743
2071 5 981 14 1890 122 3299 406 6355 747 8870 283
2072 4 268 435 997 422 3619 27 3818 499
2073 7 1005 456 1273 189 2168 588 4083 990 4888 928 5409 739 8465 727
2074 6 1669 244 2104 985 6489 63 6808 72 8086 566 8649 154
2075 8 1240 404 1710 345 1870 511 5460 408 5803 846 7850 556 8950 295 9603 246
2076 4 422 801 1193 845 3884 220 9065 766
2077 10 18 840 417 465 2082 533 2528 355 3324 626 3461 880 4483 663 4525 113 5907 67 7632 697
2078 8 235 577 302 90 3059 303 6351 650 7874 786 8802 105 8890 704 9848 570
2079 8 622 550 2826 86 4325 391 4761 666 5095 295 6080 342 8172 754 8735 911
2080 5 210 133 1617 254 5209 357 6052 903 8111 518
2081 8 94 919 1930 17 2062 275 2427 900 3601 231 4170 626 4972 939 9557 56
2082 10 519 582 744 749 1760 74 2077 533 2266 731 2409 708 2478 329 4751 716 6153 764 6562 515
2083 7 92 161 165 170 613 907 3998 179 6822 509 7676 939 7788 744
2084 5 241 589 3037 967 4164 347 6723 760 6789 901
2085 8 83 974 350 629 1967 50 1968 784 2111 705 3560 24 6582 862 9504 69
2086 8 1179 232 1404 880 4875 408 5417 920 7027 817 7106 764 7150 454 8099 631
2087 6 1722 851 3669 305 4238 328 4430 825 6490 474 7790 453
2088 3 1216 222 3959 808 8983 942
2089 6 493 53 1704 18 3138 615 4325 292 7726 112 8807 720
2090 5 970 344 2238 268 2766 348 3637 932 7052 908
2091 8 162 617 731 762 753 811 958 82 1782 152 2720 456 3347 403 5351 841
2092 4 496 826 1850 475 6718 299 7361 731
2093 4 444 145 2827 693 5348 429 8634 134
2094 6 34 381 1628 346 4535 682 6015 373 6184 419 9386 571
2095 9 1067 550 2495 549 2865 20 3183 163 3233 857 3251 403 3997 430 4768 575 5696 976
2096 2 492 874 9131 335
2097 5 376 383 4909 352 6458 187 7371 93 9682 915
2098 2 692 415 5640 120
2099 7 1175 244 3350 778 3538 876 4422 335 6264 717 6683 390 9437 923
2100 5 1218 420 7012 446 7798 800 7888 270 9969 908
2101 6 723 48 2110 58 2836 176 4652 86 4829 242 5598 561
2102 6 157 83 841 31 2538 343 6354 206 6655 491 8383 639
2103 8 1556 220 2323 925 2671 18 2822 641 3803 533 5410 783 9434 945 9558 549
2104 5 1279 577 2074 985 2430 995 2488 674 5793 7
2105 5 2034 477 2806 856 3659 827 5324 237 7940 906
2106 3 324 850 5114 773 5464 215
2107 1 1874 255
2108 5 1920 819 2056 941 2450 933 4128 513 7062 325
2109 5 1912 600 4224 898 4276 238 9378 706 9643 176
2110 8 273 857 2101 58 3240 527 3291 173 3732 931 3841 813 8180 734 9738 182
2111 10 239 367 276 698 2085 705 2280 760 4518 121 4656 391 5845 169 6751 290 7588 601 9509 610
2112 6 899 618 3124 295 5643 169 8731 657 8926 461 9092 144
2113 4 1950 558 4792 582 7656 419 8490 795
2114 3 923 522 4018 95 7247 999
2115 13 1288 570 1556 835 2232 273 2798 101 3049 363 3064 835 4755 868 4837 617 5215 110 5414 207 6741 697 8987 343 9808 801
2116 8 1452 606 2952 427 6231 250 6692 424 7039 97 7770 706 7911 614 7980 449
2117 4 616 19 1843 261 5606 125 7632 5
2118 8 149 974 1203 853 1526 12 2659 156 6935 286 7833 381 8074 819 8164 271
2119 8 13 265 988 684 1591 347 2982 143 3480 12 3688 64 5066 77 7857 882
2120 6 323 207 1464 108 1848 990 3104 354 5252 872 9306 506
2121 6 1045 799 2845 768 3155 973 5079 524 5422 374 6927 12
2122 9 1037 217 1364 534 1573 823 1929 543 5119 226 6331 317 6574 769 8930 284 9243 682
2123 8 243 84 1289 78 1360 895 2352 871 4516 976 7878 173 8518 434 9658 176
2124 4 1844 14 4741 688 5482 125 8873 178
2125 6 923 535 4394 785 4406 674 7650 876 8558 838 8926 470
2126 9 933 873 1272 263 1492 152 1735 230 1773 528 5825 629 5859 465 8354 940 9430 758
2127 8 91 338 348 366 2279 699 3046 260 4093 581 6204 731 6792 950 8787 810
2128 6 390 394 533 551 844 381 6585 165 6809 282 7594 877
2129 7 702 592 1108 213 3948 118 4410 180 4731 711 6006 692 9900 82
2130 3 2012 868 4245 542 5743 451
2131 5 2070 673 4325 819 4577 664 6360 247 9816 167
2132 8 363 328 1378 91 2547 54 3968 443 4773 668 7392 165 7736 661 8983 564
2133 6 236 683 2745 303 3493 545 3612 777 4624 8 6476 820
2134 5 544 70 2063 839 5960 482 8825 76 8866 639
2135 11 235 914 318 345 2599 534 3188 334 3269 801 3861 107 4182 40 5298 203 6008 517 9198 693 9565 938
2136 10 620 460 2671 131 2784 897 4138 94 4247 88 5623 948 6917 936 7938 291 8084 946 9526 213
2137 6 270 907 429 810 744 226 1363 620 2741 599 3467 795
2138 6 1463 709 2686 416 3041 66 4503 559 7357 693 7370 688
2139 4 1178 674 2342 81 4961 6 9957 534
2140 9 880 790 2490 885 2888 39 3139 41 5358 22 6485 549 7286 273 8516 819 9622 721
2141 5 1093 241 1492 393 4902 719 5586 571 5963 640
2142 13 402 895 648 481 736 519 1969 814 3161 814 3740 761 5373 978 6291 571 6509 932 6762 858 7556 649 7691 346 9952 470
2143 12 1489 879 2198 713 2937 911 3148 932 3150 577 3375 17 3605 573 4277 894 4417 899 5183 134 7493 682 8553 777
2144 4 29 440 2485 720 7897 972 9913 745
2145 4 246 273 407 47 877 271 7368 904
2146 5 607 603 3982 822 5344 436 5468 817 8021 951
2147 6 1898 204 3281 823 5286 899 5501 787 6738 920 7903 523
2148 2 438 595 3269 307
2149 8 68 623 462 230 1774 77 2403 248 3367 252 4225 173 5630 189 8018 69
2150 5 200 658 859 219 1249 833 3064 189 8034 49
2151 4 509 70 1135 176 1806 555 2637 596
2152 4 1498 700 3370 502 5799 703 6842 759
2153 6 1339 14 1502 392 2052 221 5812 291 6105 168 9802 960
2154 8 535 927 1323 374 1575 348 2995 907 3583 127 4600 817 5593 601 7132 49
2155 6 73 459 4376 301 4847 829 5382 184 6948 190 9278 157
2156 6 73 467 250 333 3621 364 5175 377 5577 530 6144 147
2157 6 409 715 1746 454 2247 750 4686 267 6256 540 8601 430
2158 3 1786 271 7507 507 9162 912
2159 4 1533 77 4795 119 8496 728 9372 17
2160 6 312 726 3075 32 4440 473 5065 418 6416 535 7125 444
2161 6 870 69 1557 856 3016 338 5057 162 5339 479 8477 595
2162 8 187 436 537 654 2476 701 2507 880 4820 429 8236 220 8698 448 9078 949
2163 11 721 318 2022 246 2788 769 4391 16 4768 525 5109 922 5995 317 6398 630 7134 44 7671 211 7893 898
2164 5 217 623 842 29 4067 274 6291 830 8355 64
2165 6 934 898 2272 468 2678 81 3935 353 6084 670 9427 122
2166 7 1209 186 2705 894 4133 97 4157 492 5742 845 6265 9 9591 638
2167 7 1431 773 1986 983 2329 954 4096 676 6653 875 7255 233 8023 980
2168 6 1718 804 2073 588 3856 667 6615 384 8141 742 8424 662
2169 7 1335 680 2020 729 2490 433 3196 625 6642 425 7486 353 7814 796
2170 13 485 318 790 130 945 841 1657 426 1713 836 1864 107 3019 772 5017 380 5948 489 6862 544 8497 572 8632 1 8991 20
2171 12 125 703 255 381 959 29 2267 40 2986 823 3887 572 4354 978 4641 929 5237 725 5349 745 6855 328 7701 289
2172 7 1428 508 1557 858 3663 344 4811 476 7539 731 8354 654 9138 62
2173 5 639 747 5964 128 8058 411 8574 279 9727 817
2174 4 451 170 4249 967 4519 514 9654 250
2175 6 1159 446 2518 453 3240 224 3896 483 5160 834 9501 677
2176 8 1472 233 2039 429 3153 705 3372 700 3705 458 7668 261 8177 218 8639 293
2177 3 1846 850 9038 671 9045 307
2178 5 282 619 437 836 4543 616 6005 276 6752 310
2179 6 771 910 1439 236 3275 877 3365 131 5626 148 7365 953
2180 3 1990 740 5504 823 8032 912
2181 6 48 884 331 69 1557 491 4644 497 6071 818 6106 289
2182 5 810 545 1366 62 3593 86 7049 250 9127 720
2183 10 1714 393 2632 226 2768 713 2778 953 2901 221 5484 515 7076 976 7223 702 7372 412 8678 169
2184 5 14 935 2542 359 4253 60 8229 237 9738 640
2185 8 960 985 2441 596 3306 229 4076 56 4403 815 8943 973 9019 588 9382 897
2186 6 916 154 1123 160 5360 894 5401 657 7697 793 8937 420
2187 9 1420 987 1640 146 2195 609 2775 436 3672 182 5430 180 6617 376 7099 155 7914 190
2188 5 1162 611 2381 202 4042 152 4077 447 7131 441
2189 9 28 841 197 616 199 635 2724 898 3581 441 5680 251 5806 905 7786 606 8173 163
2190 5 661 570 4031 973 5868 554 6060 407 7292 176
2191 9 609 305 651 202 1099 168 1539 785 1861 951 2270 195 4513 241 5799 12 7198 548
2192 12 414 204 1355 510 4403 487 4521 442 4995 820 7015 762 7058 779 7476 228 7493 957 8501 140 8939 86 8962 781
2193 7 1059 954 2043 980 2996 162 4005 880 4216 522 6401 267 7680 742
2194 6 182 395 1744 808 4940 656 5228 116 5706 501 8643 490
2195 4 424 38 2187 609 3871 5 5801 313
2196 8 835 821 1629 830 1824 76 4048 642 4585 468 7938 946 8816 137 8854 303
2197 6 224 240 1280 294 2385 630 5746 823 5862 158 8510 408
2198 9 472 669 775 939 1312 666 2143 713 3222 618 4192 585 5668 821 5721 529 7289 738
2199 6 1257 618 1601 565 4572 577 6071 203 6468 653 8487 253
2200 3 415 195 1804 230 3811 83
2201 6 30 888 1844 507 5340 525 5392 26 5720 860 7935 155
2202 8 639 221 1390 502 1513 418 2463 109 2777 289 2999 214 5364 327 9851 748
2203 11 39 75 199 164 500 684 2697 194 3580 869 4321 901 4477 284 5605 281 6438 980 6730 16 8240 495
2204 5 853 114 1441 335 1865 879 3138 834 7070 735
2205 4 1367 947 1604 664 2350 305 3444 744
2206 8 161 281 1766 608 2424 650 4568 924 4999 711 5953 149 6378 878 6493 772
2207 5 1702 86 2427 458 7116 592 9149 871 9383 845
2208 12 26 630 1378 390 3478 565 4153 881 5199 270 5382 370 6368 287 7442 179 7894 907 8008 110 8393 758 9402 780
2209 5 195 592 1622 719 2454 890 6777 964 8292 981
2210 10 814 555 1006 895 1365 37 2215 621 2757 513 5761 686 6655 134 7037 837 7086 688 7779 176
2211 5 315 834 1234 17 1842 55 3552 445 8351 916
2212 8 232 372 1707 215 1753 566 2967 465 3630 535 4937 327 7585 193 8639 556
2213 7 166 498 454 349 1349 702 2017 130 3417 702 4472 112 7089 615
2214 3 60 803 3123 824 9529 226
2215 8 515 840 699 109 2210 621 2907 185 4026 388 5776 285 7526 463 9633 934
2216 8 230 955 605 640 2523 937 4549 916 5266 28 7137 169 8971 744 9133 661
2217 10 1543 479 1755 656 2510 544 2658 747 3378 597 4808 634 6153 297 6921 130 8304 216 8455 573
2218 4 1397 310 2419 955 7600 360 8576 125
2219 3 785 318 4496 680 7631 499
2220 9 1761 720 1825 148 2427 209 2774 127 2821 370 2825 763 4099 316 9000 586 9422 141
2221 8 389 233 1069 66 3637 241 5645 9 5836 745 6463 1000 8022 472 8607 986
2222 7 1339 825 3067 201 3211 945 5293 156 6799 449 7661 702 9109 557
2223 8 750 533 1773 218 2691 611 3098 440 3110 615 3643 568 3696 201 5048 136
2224 9 2022 423 3065 411 4143 551 4355 222 4960 636 5653 146 7664 586 8208 667 8395 314
2225 7 137 60 1846 703 2831 378 3308 191 5476 905 5888 311 9454 891
2226 10 1270 46 2560 773 4168 761 4592 304 4629 313 6672 583 7185 220 8973 108 9139 925 9753 967
2227 9 114 356 736 126 4002 924 4637 385 5386 713 8632 414 8690 433 9116 199 9485 55
2228 4 1590 921 1912 594 5007 768 9916 790
2229 10 209 577 2404 997 2571 767 3848 82 4508 339 4536 670 6518 881 6645 741 8268 90 9711 891
2230 9 987 700 2643 758 3290 372 6349 989 7435 135 7810 595 8518 457 9149 407 9826 60
2231 11 522 319 1192 855 1584 787 3481 720 6863 586 7158 433 7394 423 8369 775 8556 637 8584 227 9797 534
2232 6 134 172 2115 273 3548 77 5981 861 7554 52 9318 847
2233 10 698 601 1896 150 2930 277 3462 926 3652 199 6075 63 6091 202 7347 831 7360 898 9838 937
2234 3 1187 685 1612 495 2967 713
2235 9 496 755 1490 380 5151 985 6118 858 6191 396 6567 682 7315 116 7607 664 7706 345
2236 9 149 900 3029 502 3883 523 5184 224 6255 108 6298 62 7180 833 7514 217 9328 141
2237 7 1053 59 1763 433 2935 332 4495 997 5595 500 9219 699 9381 310
2238 11 1078 700 1562 540 2090 268 5305 767 5601 288 5967 82 7500 920 7732 362 8985 714 9105 392 9144 700
2239 10 390 237 434 443 3375 891 4371 230 4443 225 4646 284 6733 83 6880 822 8713 13 9422 224
2240 7 32 812 1391 132 2980 363 3576 242 4833 828 6011 264 7823 718
2241 5 1870 310 2026 809 2509 344 2899 207 5356 990
2242 7 91 475 208 325 2027 772 2499 705 6412 261 6950 626 8260 698
2243 9 390 549 839 565 1086 971 3025 806 4049 318 5510 530 6047 562 6565 125 8684 574
2244 7 804 394 2972 520 4096 659 5281 259 6149 609 6916 460 9647 639
2245 7 504 607 1682 537 3589 4 6092 179 6793 760 8127 255 8994 677
2246 10 940 913 2622 77 2660 175 2857 794 2898 899 2942 26 3519 9 3577 572 4069 527 8029 307
2247 6 1963 797 2157 750 4302 873 5159 892 5962 8 7410 440
2248 8 1963 200 2517 940 3166 433 5393 886 6399 398 6650 239 7675 180 9522 813
2249 8 783 979 1724 106 2301 50 2395 986 3439 156 4347 96 5586 638 6035 526
2250 5 294 361 598 806 7628 134 8946 372 9122 349
2251 2 988 366 5253 51
2252 5 794 652 1975 679 7004 397 7993 528 9250 452
2253 9 278 31 506 504 2006 111 3751 470 4540 210 8365 419 8491 359 8812 277 9157 196
2254 10 1655 748 3090 389 3203 211 3442 17 3483 7 7009 71 8152 250 9212 713 9465 501 9616 500
2255 4 706 716 3432 220 6890 955 8021 488
2256 10 492 655 1493 289 3401 904 4019 13 4053 103 5223 394 6136 974 6589 562 7115 215 7787 503
2257 1 956 953
2258 3 1898 605 2874 677 2995 915
2259 8 1247 50 2017 570 3170 65 4404 214 7190 237 8218 152 9509 352 9760 58
2260 6 1294 533 1514 3 2024 278 2857 868 6061 812 6326 890
2261 4 1446 136 6167 451 6492 668 8704 482
2262 9 759 206 1376 89 2578 78 2847 457 3537 207 3730 990 6096 631 7197 264 9936 285
2263 7 1176 669 1980 741 3545 693 3923 931 6364 230 8224 562 9600 654
2264 4 810 327 1560 292 4354 519 5801 262
2265 7 1297 44 1446 353 2853 896 3702 546 4206 539 7230 681 9098 970
2266 15 1014 741 1094 658 2082 731 2286 278 2929 149 3300 19 3317 610 3751 722 4153 830 4237 144 5848 973 6318 851 6754 336 8699 543 9177 811
2267 6 236 475 1293 480 2171 40 3200 331 3904 286 4640 87
2268 6 716 942 1008 403 2960 846 5834 387 8798 802 9207 665
2269 7 489 564 688 784 1847 130 1972 854 3014 340 6782 448 8044 552
2270 5 2191 195 7626 408 7627 12 9086 453 9124 501
2271 8 1261 330 1798 547 3271 429 6055 641 7119 114 8270 500 9458 30 9482 294
2272 4 948 735 2165 468 4565 519 4738 948
2273 11 1212 349 2917 701 3266 406 3997 530 4041 913 4244 643 4556 725 4986 133 5182 748 5816 563 7647 858
2274 1 10 812
2275 10 1633 393 3417 60 4396 282 4732 929 4970 659 5480 242 6276 24 6362 414 6577 186 7134 900
2276 5 1421 312 2818 98 5936 580 6992 749 9866 165
2277 5 1136 370 2033 120 3285 121 4307 250 8994 12
2278 7 554 716 2785 959 3316 697 3383 18 4336 423 7588 541 7951 84
2279 4 2127 699 2424 38 4450 49 9994 803
2280 7 2111 760 2666 804 2796 17 5423 690 7138 380 8241 924 9214 692
2281 6 811 113 1775 653 1815 339 4913 635 6763 661 9056 803
2282 10 533 393 2890 867 2976 118 3250 73 3870 769 4420 413 6754 347 7661 222 8856 13 9250 808
2283 6 507 988 570 232 2968 590 3405 45 4107 316 6450 146
2284 9 150 895 420 298 3769 107 3781 757 4413 883 5456 70 5515 622 7267 496 7713 596
2285 5 1263 479 1282 929 5619 363 6691 752 8029 161
2286 9 1245 511 1859 988 2266 278 2884 678 3086 482 3315 761 4901 400 7066 633 9398 896
2287 6 154 646 715 735 920 879 1499 733 9816 797 9897 979
2288 7 700 638 1630 495 2779 488 3652 250 3980 919 7119 177 9541 260
2289 10 1068 972 2579 347 3786 540 3843 905 5014 773 5195 515 5943 229 6661 968 7549 976 7689 185
2290 3 958 806 1750 254 8749 917
2291 6 695 73 1106 723 2670 970 2856 810 2934 377 3670 182
2292 4 161 753 6508 863 7370 532 8829 39
2293 11 899 523 1088 19 2653 565 2729 707 3413 593 5498 961 5520 774 7924 434 8206 14 8363 442 8978 765
2294 5 1396 608 3012 882 4108 897 5245 499 8973 487
2295 6 15 93 1478 753 2751 785 4412 658 5865 420 9942 396
2296 10 214 719 1234 123 3177 594 3490 192 5098 970 6586 116 6944 580 7060 254 8866 150 9264 108
2297 12 124 104 259 984 1144 987 3421 388 3460 159 3836 816 5610 950 5709 938 6089 742 7594 924 8305 91 8968 33
2298 3 1276 295 4022 795 5130 433
2299 8 225 726 469 51 1185 978 5806 375 6421 439 6984 897 7271 300 8597 985
2300 10 222 141 2675 650 2981 144 3418 766 4562 640 6563 33 6596 322 8490 284 8696 820 9711 972
2301 10 2249 50 4250 670 4294 207 5673 683 5769 480 5973 921 6055 341 6475 986 6917 987 9378 470
2302 3 1475 230 3441 554 8751 442
2303 8 846 831 2721 92 2795 518 3088 479 3636 703 5110 477 6390 650 7637 627
2304 4 1827 341 3075 500 4089 990 8270 369
2305 4 949 391 1794 758 2514 71 3386 581
2306 5 1169 706 4363 508 5742 749 7204 346 9627 857
2307 9 561 627 1767 599 2408 147 3577 621 4659 937 4815 672 5343 81 7608 60 8198 960
2308 6 209 781 2649 429 4183 591 4486 153 5137 810 8651 167
2309 3 1860 254 4249 444 9993 952
2310 10 144 625 1296 784 4347 622 5594 298 6789 666 6854 10 8699 462 8958 902 9779 681 9992 704
2311 4 871 689 1585 595 6087 947 6674 260
2312 10 1324 211 1970 264 2493 65 4028 679 6214 907 6839 78 7201 216 7992 278 9696 938 9911 299
2313 5 759 964 1611 445 3229 228 4314 682 8134 726
2314 8 438 781 1146 300 2359 523 4147 792 4900 810 6678 846 7728 187 9198 829
2315 4 862 885 4669 249 6793 200 7126 167
2316 10 1930 271 1994 474 2921 587 3981 636 5199 602 5460 678 7381 753 8099 766 8261 102 8630 513
2317 8 431 987 4001 876 4343 695 5170 920 5442 593 9008 424 9034 8 9645 861
2318 6 278 464 345 311 3851 560 4188 542 4842 445 4908 76
2319 3 273 545 1321 68 1642 712
2320 2 364 338 4318 270
2321 5 1014 599 2384 427 2525 340 5602 751 7213 5
2322 4 1228 728 1640 837 2441 472 9553 58
2323 5 1742 872 2103 925 6127 275 8424 17 8644 436
2324 8 1113 127 2031 25 2545 329 3374 76 4300 359 5376 321 8806 297 8881 942
2325 5 266 944 993 382 3387 142 3658 791 6350 692
2326 7 212 556 1501 255 2040 405 4430 287 4639 722 6712 135 6745 536
2327 7 65 69 1052 888 2406 209 2624 553 2728 828 3205 252 7002 223
2328 6 362 953 844 532 1472 774 3499 842 3618 870 5298 370
2329 6 4 442 1606 204 2167 954 2565 344 7676 9 9074 366
2330 5 1534 567 2576 153 2892 476 4589 149 9132 795
2331 4 231 965 700 476 5328 411 7395 472
2332 8 124 4 699 704 906 455 1640 297 3123 383 3846 977 5330 275 5990 69
2333 8 746 401 946 596 2620 198 2955 527 3687 611 7259 191 7761 751 8004 51
2334 8 183 77 813 843 1411 781 2497 911 4300 72 5871 619 7006 767 9922 180
2335 8 467 620 502 263 863 492 5226 280 7326 507 7344 878 8928 967 9496 578
2336 2 962 116 6619 976
2337 11 1521 528 2023 205 3624 487 3744 70 4251 851 4370 660 5115 765 5929 997 7019 911 8614 500 9262 332
2338 8 1293 244 5256 141 5352 950 5879 751 7146 903 7342 911 8407 837 9054 121
2339 7 1133 102 2365 736 3257 225 4915 763 5451 640 5797 686 6837 244
2340 9 770 922 3145 212 5668 441 6657 266 6813 565 7723 301 7846 447 8415 293 8746 47
2341 8 700 145 2890 953 3789 234 6736 997 6968 718 7023 493 7219 214 8263 374
2342 7 2139 81 2539 649 2641 32 3530 582 7880 395 8034 67 9426 99
2343 6 156 484 623 889 1437 653 3700 822 6221 681 6897 339
2344 6 339 151 906 814 3295 74 5193 357 6607 435 8594 275
2345 4 300 846 3644 816 3994 783 5232 979
2346 7 21 686 1667 476 3086 172 5567 652 6426 487 7658 42 8016 132
2347 5 1438 904 4593 647 4636 374 5872 82 8800 933
2348 9 627 12 1986 122 6215 937 6862 942 7965 860 8339 873 8728 671 9188 204 9575 687
2349 3 151 757 453 372 7194 77
2350 10 1840 710 2205 305 3939 107 4175 553 5240 120 5594 899 6294 376 8035 535 8074 161 9054 956
2351 5 1990 247 2434 250 3850 212 4990 518 9765 925
2352 8 920 726 2123 871 4150 115 6560 259 6761 590 7006 209 7807 246 8889 585
2353 6 1479 216 4615 471 5275 391 6568 733 6825 448 9675 549
2354 8 167 472 1372 181 4001 1000 4255 929 5123 223 6882 620 7131 554 9549 445
2355 4 1620 298 2945 261 4297 715 6330 925
2356 8 1328 785 4737 536 6480 300 6739 200 7411 111 8514 5 9497 212 9610 867
2357 5 745 632 2375 259 2714 505 3551 11 7994 113
2358 7 952 469 4472 340 5865 6 6744 303 8311 812 8565 696 8729 810
2359 7 41 226 1417 27 2314 523 5594 199 6898 461 7032 29 7193 537
2360 8 846 504 5359 727 6027 262 6722 384 7113 226 7393 479 7569 255 8789 937
2361 4 1228 565 3273 908 4761 42 9742 354
2362 10 677 550 729 669 1788 61 2947 624 5266 990 5289 374 6224 874 7518 324 8382 583 8910 144
2363 5 1243 595 1339 43 3570 941 4692 335 5674 439
2364 7 144 901 163 658 1227 620 3103 858 4657 256 7860 47 8681 546
2365 6 465 823 2339 736 4428 845 5934 507 9086 197 9320 206
2366 7 352 568 1326 580 3496 738 3943 672 5245 840 7475 276 9224 952
2367 6 62 522 4121 370 6558 675 7183 463 8246 577 9799 765
2368 5 621 784 4137 376 6819 827 8684 245 9344 294
2369 7 478 343 7001 726 7868 619 9426 471 9553 419 9847 634 9874 738
2370 7 33 338 1487 691 2594 636 3114 732 4234 160 5638 345 9286 7
2371 8 110 816 3134 608 6591 580 7006 573 7114 604 7958 623 8475 602 9615 17
2372 7 860 501 940 691 1286 421 2867 894 3694 739 3745 61 3910 763
2373 5 435 646 2025 597 2859 19 4212 469 5572 581
2374 4 377 877 5306 95 6086 283 7757 642
2375 8 2357 259 3483 359 3606 540 5194 739 5907 465 6669 70 7016 865 9471 888
2376 7 2019 549 2854 505 3060 294 3324 819 4041 828 7099 279 8759 865
2377 9 337 536 3347 816 4461 753 5146 810 5743 76 5862 122 6722 710 8807 856 9185 603
2378 8 907 129 1562 844 2822 557 4558 22 4631 191 4707 614 6930 738 7234 512
2379 7 1729 942 2557 385 2620 543 7033 662 7637 282 8445 325 9103 951
2380 3 1169 586 1646 801 2697 990
2381 10 575 931 973 590 2188 202 2763 793 3726 484 5367 564 6043 788 8988 292 9127 602 9288 275
2382 2 544 250 1167 380
2383 4 953 644 2481 373 3459 572 3673 518
2384 11 193 844 524 706 2321 427 2416 622 2870 184 3334 524 3847 72 6424 164 7734 578 8205 881 8396 657
2385 7 776 964 2197 630 2589 729 3803 37 7531 306 7866 752 9467 589
2386 9 57 303 1473 787 1652 84 2536 452 2812 838 4687 693 9102 279 9490 288 9958 493
2387 7 1122 942 1447 252 1764 559 3220 863 5500 407 5539 441 6506 798
2388 7 863 133 4909 815 5124 198 6445 521 6597 262 7842 999 8743 211
2389 4 580 409 883 33 3922 896 7634 836
2390 3 720 532 4223 999 7013 466
2391 9 639 57 830 506 1380 280 3508 413 3741 817 5207 296 5727 111 7673 533 8898 431
2392 5 63 808 884 514 2433 907 6947 396 8406 327
2393 9 146 40 959 955 3254 335 3649 65 4020 855 4704 42 5126 876 9231 189 9691 738
2394 6 494 559 2603 640 4935 250 5452 230 6680 696 7099 817
2395 4 1978 634 2249 986 3667 820 7379 78
2396 9 476 947 673 546 2813 18 4047 537 5839 549 5990 675 7625 416 8672 624 9376 650
2397 7 873 945 3020 902 3135 954 4223 816 6450 143 6519 349 9233 723
2398 4 783 230 1217 274 3826 496 5438 662
2399 8 718 777 1802 565 4356 912 6404 125 7519 543 8425 962 9612 191 9935 434
2400 3 1089 166 1185 957 6775 850
2401 13 663 220 2792 708 2950 444 3236 421 4274 719 5752 986 6715 617 7205 636 7382 300 8021 632 8321 401 9560 330 9712 117
2402 4 2068 410 2847 904 6450 206 6523 862
2403 8 276 159 2149 248 2714 857 3095 249 3213 735 3309 202 5933 243 9048 772
2404 8 1174 118 2229 997 5206 316 5568 524 5572 699 7140 390 7646 434 8837 157
2405 5 998 823 1064 701 1091 588 1178 268 2978 7
2406 6 929 183 2327 209 2678 203 3610 129 6544 754 8964 975
2407 6 609 729 1115 138 6857 426 7180 498 8601 737 9362 10
2408 7 2307 147 4121 145 4417 307 5694 963 7049 940 8270 747 9843 886
2409 9 2082 708 3386 643 3743 214 4549 599 4672 492 4854 464 5460 751 9311 142 9416 149
2410 7 84 912 1991 815 2880 45 2922 516 4148 685 5168 102 6384 492
2411 3 1445 123 2994 33 6673 564
2412 7 474 144 1870 444 3994 742 4550 910 7692 481 8120 878 9652 553
2413 12 516 533 2538 970 3459 384 3853 841 4273 748 5845 270 5993 657 7998 45 9118 399 9585 478 9716 178 9759 44
2414 6 1465 869 2645 52 3163 297 3877 106 4944 38 6301 969
2415 7 1642 613 3525 789 6845 477 7030 801 7639 597 8069 197 8728 405
2416 6 1994 565 2384 622 2461 719 4131 129 7590 313 9678 664
2417 6 1458 427 3327 280 5809 578 5973 494 7394 236 9318 773
2418 10 212 125 1551 810 1596 634 2548 119 4106 674 4527 235 4554 323 6760 876 7244 417 9369 557
2419 8 962 636 1062 413 1174 285 2218 955 6337 422 7465 850 8378 340 8487 445
2420 10 674 643 2969 624 3193 320 4184 770 5436 388 6547 493 6967 921 7810 455 8603 909 9684 771
2421 8 1841 131 1962 80 4223 907 4323 144 6315 601 6323 472 7155 136 7451 416
2422 5 1656 397 1891 892 3963 343 6170 968 8568 576
2423 9 377 58 1589 808 2546 374 3027 715 4876 502 5118 403 5713 896 7214 704 9466 402
2424 8 334 96 813 268 2206 650 2279 38 3047 896 3812 834 7491 557 8940 258
2425 8 40 243 1006 685 1616 667 2722 555 6138 771 6149 50 6994 852 8562 905
2426 3 591 29 2524 771 8631 369
2427 9 1521 671 2081 900 2207 458 2220 209 4136 563 4364 950 4595 50 5319 298 6628 881
2428 5 230 768 4474 608 7304 534 7643 385 8031 796
2429 7 1328 94 2778 403 2838 487 4333 273 6912 980 7203 784 7277 208
2430 6 1999 838 2104 995 3223 308 3436 661 5205 42 6890 666
2431 6 1285 355 1695 609 3947 530 4793 579 5368 849 7370 623
2432 6 337 512 2955 338 3677 634 3727 59 8557 679 9644 82
2433 10 263 265 924 827 2392 907 2550 303 4428 771 4488 409 5695 911 8106 795 8246 15 9877 352
2434 9 778 190 791 609 2351 250 3093 345 4029 358 4381 218 5420 648 5421 162 5915 298
2435 3 241 866 3354 110 9122 354
2436 5 1679 223 1758 542 4380 487 6380 301 8910 156
2437 6 55 58 580 84 4580 406 4760 610 5664 222 6465 832
2438 9 220 490 635 476 994 708 1115 878 1894 269 3644 423 3658 586 4024 444 5086 686
2439 7 1699 989 3525 501 6016 781 6059 212 7929 543 9311 535 9708 34
2440 4 693 787 3512 882 5164 623 8633 249
2441 4 933 626 2185 596 2322 472 4595 511
2442 7 1072 562 4387 6 5354 881 6683 807 6765 817 7114 31 7380 367
2443 10 1641 995 3473 350 4491 626 4939 866 5599 716 5971 264 6449 730 6481 791 6667 851 7031 173
2444 11 389 416 864 647 3136 590 4206 51 4587 963 4661 448 5456 43 7048 365 7766 18 8948 11 9165 743
2445 7 1093 161 4567 812 4857 985 5524 370 5998 257 7667 406 7722 747
2446 9 1125 185 2619 713 2641 507 3165 233 3659 879 4383 254 5410 242 5541 808 6637 511
2447 5 1067 149 1309 795 3905 73 7302 897 8420 55
2448 7 577 245 1197 966 1561 982 9016 130 9035 412 9365 953 9576 9
2449 4 1406 688 1686 427 5261 511 6617 725
2450 9 1769 594 2108 933 2887 244 4484 552 4626 99 5901 490 7192 339 7477 487 9634 694
2451 11 356 336 1222 381 1589 925 3721 104 4509 174 5050 191 5304 970 6133 376 6387 911 7396 943 8839 33
2452 9 182 344 625 24 1990 192 3282 48 3657 129 5332 246 6498 634 6731 290 8924 500
2453 7 927 464 2943 50 3780 587 4834 567 5125 475 8039 103 8147 166
2454 9 1723 346 2209 890 3228 126 3305 148 6545 411 7592 667 8182 442 9760 97 9797 851
2455 5 1124 893 1209 999 6542 113 8889 363 9685 966
2456 5 907 299 3360 686 5785 562 6851 860 9144 766
2457 8 35 219 166 342 291 808 516 480 2999 335 3242 630 3330 434 8694 923
2458 3 385 578 1421 256 9899 510
2459 5 510 540 1045 611 1482 431 1909 686 7902 103
2460 6 163 288 4414 667 4529 195 5788 523 6625 688 7017 369
2461 5 309 705 2416 719 3932 162 4569 274 7253 423
2462 4 1357 40 6049 118 6323 188 9006 312
2463 6 1123 532 2202 109 4927 187 5927 687 6355 743 7489 494
2464 5 639 319 2865 454 5078 508 7547 163 8621 989
2465 7 0 522 465 477 2616 805 6119 358 7786 921 8464 260 9697 446
2466 8 534 161 1185 741 2703 897 4226 647 4775 168 4849 483 5247 337 5635 473
2467 10 87 569 903 710 3903 446 5597 375 6873 948 7463 659 9254 215 9264 271 9416 953 9657 513
2468 9 562 249 880 991 1385 374 2812 921 6130 142 7473 890 7805 319 9206 381 9658 729
2469 3 1395 471 6119 681 7576 955
2470 10 987 62 1885 94 2853 615 6276 347 6565 358 6744 437 6746 433 6895 104 9419 319 9781 710
2471 10 1683 729 2686 671 4506 270 4809 638 5685 490 5786 493 6201 44 6310 212 7314 306 9512 186
2472 10 32 114 948 423 1170 434 1817 404 4833 812 4963 834 5733 40 6230 799 7081 980 8514 852
2473 6 520 974 3173 133 3218 906 6891 300 7378 645 7605 148
2474 9 922 292 2906 448 3049 578 3201 874 4766 152 4830 201 4884 732 9451 95 9669 590
2475 9 743 956 1757 168 4211 43 5584 538 5934 804 7269 382 7330 705 8354 26 8628 19
2476 5 2162 701 2932 435 3058 795 5039 418 6086 249
2477 4 772 783 3420 172 3555 852 4076 110
2478 7 480 177 831 910 2082 329 4545 712 5709 9 7017 429 7285 621
2479 5 257 335 5296 923 6823 803 8899 722 9324 377
2480 5 965 804 1626 703 4425 524 6669 386 9012 215
2481 8 795 251 1010 257 2016 945 2383 373 3681 765 4430 423 6179 230 9379 661
2482 5 2070 928 5154 207 7654 991 7831 73 8763 486
2483 6 1689 354 2753 16 3348 273 3726 822 6514 448 8090 996
2484 8 1070 935 2721 304 3085 924 4022 739 6699 65 6913 788 7700 325 8710 241
2485 6 2144 720 2490 557 3698 984 5229 278 8487 591 8510 488
2486 6 862 621 3907 927 4301 310 6303 986 7720 161 9764 881
2487 9 950 121 1219 338 1823 774 1898 937 4404 129 5134 575 5207 365 5228 27 5767 642
2488 6 126 121 1707 811 2104 674 2990 181 6694 137 9255 625
2489 7 278 992 2977 530 3081 614 5513 106 6673 72 9008 11 9118 228
2490 10 671 42 2140 885 2169 433 2485 557 4039 789 4154 217 4244 599 4322 502 4968 831 9024 760
2491 3 284 731 4071 451 7117 781
2492 6 1023 619 3784 736 6921 186 7297 169 9777 493 9974 146
2493 4 2312 65 5255 525 5282 709 9358 61
2494 3 270 664 721 527 979 253
2495 6 1249 922 2095 549 4236 998 5714 526 7921 439 9797 769
2496 4 1267 187 3479 80 3770 932 5448 121
2497 8 1046 794 2334 911 2539 490 4010 309 4169 589 5093 631 5135 538 8181 899
2498 5 1238 233 3300 782 4388 254 8173 895 9093 138
2499 7 1651 761 2242 705 3277 773 4955 587 7353 140 7596 599 8315 192
2500 4 1210 921 7912 36 7974 663 8742 745
2501 6 622 177 1553 378 3207 399 6825 708 8328 582 8556 218
2502 9 344 755 828 221 1688 371 3107 475 4557 93 7185 680 7233 998 7422 180 9778 268
2503 8 462 465 1744 911 3972 704 4194 553 4854 852 5972 90 6060 915 6736 728
2504 7 44 760 361 221 992 808 3148 238 5482 668 9733 587 9783 849
2505 5 55 195 1061 693 1540 435 1743 80 4676 627
2506 7 930 742 1510 410 3200 738 3772 504 4988 812 5207 50 5224 19
2507 7 1840 52 2162 880 5256 41 6799 551 7118 162 8849 175 9414 491
2508 5 14 434 567 530 2762 668 3676 100 6193 919
2509 9 157 80 548 158 2241 344 2833 869 3855 304 4088 159 5190 130 5244 318 5587 197
2510 6 1706 4 2057 98 2217 544 3485 566 3645 578 5055 918
2511 8 822 759 1085 977 3164 879 3875 130 8614 992 8799 4 9665 633 9677 285
2512 8 373 67 1844 291 2993 281 3877 106 5180 239 5420 597 6121 399 6771 96
2513 5 953 772 1610 640 2679 404 3185 463 9692 628
2514 4 1680 942 2305 71 5889 533 8342 187
2515 5 996 940 2882 67 5518 280 6264 714 8911 737
2516 6 330 600 2537 898 3531 864 4364 319 7011 380 8846 364
2517 4 2248 940 5704 983 7558 683 7574 572
2518 9 109 789 979 694 2175 453 6003 352 6779 192 8043 53 8532 324 8617 165 9314 821
2519 7 471 477 1061 564 4738 25 4739 799 7057 968 8953 239 9289 842
2520 4 1936 399 2910 3 3139 448 3329 638
2521 5 971 989 1501 970 3009 462 6014 167 7922 599
2522 7 1960 617 3319 60 3769 528 3849 604 4443 424 7124 813 7281 442
2523 6 235 182 1847 567 1957 634 2216 937 6284 914 8594 86
2524 5 592 886 2426 771 3558 423 3616 181 3874 917
2525 6 1444 147 2321 340 5241 661 6182 420 6255 424 8106 212
2526 5 470 931 1238 459 2819 625 6237 830 7188 479
2527 10 879 993 3671 919 4084 492 4924 161 5616 274 6520 767 7198 975 7616 994 8453 197 9220 326
2528 6 2077 355 2560 26 5179 155 5183 554 6705 356 7476 997
2529 3 200 529 3669 66 4334 144
2530 4 883 975 986 692 3016 876 5208 375
2531 5 932 487 1313 810 4138 647 5577 410 9330 838
2532 7 677 795 1037 932 1364 633 2789 796 4483 377 6645 341 8625 675
2533 4 1609 624 3831 498 5836 800 7255 679
2534 9 405 654 1625 90 3776 668 4711 290 5448 190 5700 86 7429 880 9364 497 9819 916
2535 7 1473 914 3513 679 4769 44 7280 378 7657 336 8121 557 9446 401
2536 5 2386 452 3024 71 3377 670 4458 195 8173 440
2537 7 2516 898 2810 87 4016 151 5529 192 7585 517 9043 530 9425 987
2538 9 942 4 1288 662 1706 146 2102 343 2413 970 3147 63 3778 527 6891 410 7742 970
2539 9 153 410 2342 649 2497 490 3027 503 3213 961 4494 327 4608 876 7919 347 9731 548
2540 10 1388 851 1700 218 2940 39 3427 513 3603 946 6339 667 6429 218 7667 45 8095 388 8671 169
2541 9 91 295 2058 241 3184 825 3326 302 4124 630 4710 758 6606 417 6718 251 7354 511
2542 6 1341 290 2184 359 2584 21 3106 451 4334 65 7387 475
2543 5 1445 216 2578 343 4259 718 4667 954 8626 66
2544 4 1918 877 5730 33 8458 514 9125 337
2545 9 231 168 542 457 854 176 1596 987 2324 329 3414 983 6418 449 7645 773 8851 5
2546 7 2423 374 2594 894 3016 836 3148 62 4038 510 5738 470 7161 561
2547 6 847 506 1099 278 2132 54 2654 412 4068 429 5879 244
2548 5 2418 119 3131 464 3712 147 5813 707 9424 82
2549 10 992 238 1844 375 2593 446 4284 521 4312 602 4771 2 5393 163 5417 930 7280 83 8044 42
2550 10 1376 661 2433 303 3182 726 3524 539 3973 199 6603 517 6675 791 7165 309 7304 462 9565 822
2551 5 443 585 2602 888 6524 812 6761 672 6993 655
2552 3 1793 520 4255 465 6811 618
2553 7 521 283 1136 340 2670 980 2867 460 4501 424 4639 898 7687 43
2554 6 795 917 1382 266 3090 158 3464 876 3750 566 6506 238
2555 7 1533 372 1715 543 2820 953 3178 791 3237 316 5253 848 5542 929
2556 4 388 917 6309 35 6581 975 6639 497
2557 8 646 210 2379 385 3754 191 5474 179 7613 975 9464 233 9482 999 9867 400
2558 7 538 425 1385 357 4217 100 5037 853 5054 437 5901 776 7645 200
2559 6 561 401 1339 967 1799 24 2770 191 3171 131 9300 481
2560 11 1461 308 1481 64 1810 995 2226 773 2528 26 2904 549 3973 730 5290 441 5513 440 6592 637 7851 775
2561 5 173 348 3991 349 6526 673 8099 187 9057 833
2562 11 455 259 1488 889 1616 125 3236 554 4079 419 6102 826 6393 935 6683 540 7191 198 9142 915 9805 58
2563 5 1430 182 2949 264 3537 533 5671 430 8532 273
2564 6 112 97 157 468 3573 80 4539 493 5439 633 8318 297
2565 9 398 201 1941 456 2329 344 3464 541 5187 254 5426 355 6333 364 6905 414 8865 860
2566 6 308 638 1908 26 2010 532 4282 81 7018 279 9291 507
2567 5 1114 732 3412 271 4642 757 5480 419 5965 576
2568 6 11 307 1721 176 3273 818 4322 168 4952 170 9514 894
2569 8 484 479 511 36 1512 390 3854 902 4950 607 4954 911 7088 130 7175 437
2570 5 1389 926 3010 770 3547 828 5393 760 9638 770
2571 5 2229 767 5240 732 5269 230 8011 167 8552 949
2572 3 1449 334 5241 256 6120 572
2573 3 1458 120 3889 218 4434 83
2574 9 518 320 5781 59 5822 654 5874 134 6195 413 8173 855 8521 36 8637 560 9403 672
2575 6 693 455 1213 123 2029 527 6864 806 9174 473 9633 294
2576 8 663 154 2330 153 3550 68 3907 956 4650 751 5056 752 5632 50 8691 56
2577 3 1699 650 3435 262 7268 372
2578 7 1097 501 1977 647 2262 78 2543 343 2642 26 6714 283 9367 456
2579 6 1070 942 2289 347 3462 586 3675 629 6561 95 8368 775
2580 6 916 19 1657 657 1824 908 4281 58 7086 899 9484 901
2581 6 492 39 1606 604 5159 100 6694 119 6721 900 8858 639
2582 10 125 185 1965 268 3191 823 3305 519 3448 829 3898 882 4150 145 4561 148 7565 896 8434 762
2583 3 2002 285 5645 88 7002 951
2584 3 2542 21 3612 701 3901 800
2585 7 583 977 1121 876 2669 885 6437 431 7572 859 8847 19 9102 875
2586 4 404 164 2793 396 3734 338 3996 752
2587 7 285 125 1593 671 2914 111 3288 854 6585 861 6928 867 8907 238
2588 5 243 165 3345 258 4463 247 6197 618 9520 482
2589 4 914 155 2385 729 5002 972 5284 22
2590 4 1307 731 3048 94 3333 975 3777 343
2591 5 1301 709 1510 698 5193 103 6885 847 7074 456
2592 4 644 568 1070 479 2963 410 7473 464
2593 6 1515 511 2549 446 4313 112 6051 663 7000 203 7150 5
2594 3 1854 548 2370 636 2546 894
2595 6 1349 159 2037 268 3025 979 3819 222 4118 610 4955 402
2596 9 368 697 1810 783 2963 890 3172 4 3374 33 4098 651 6356 54 6948 483 8725 814
2597 5 1343 275 4292 474 4892 800 5874 952 6965 324
2598 9 837 534 1500 252 2928 967 3091 337 5235 519 5691 419 6303 28 8332 323 9790 380
2599 6 336 818 2135 534 3963 447 5770 253 7803 792 9601 46
2600 5 294 94 712 974 1171 525 1464 371 5711 499
2601 6 24 660 257 425 1598 357 2052 719 4310 807 4581 282
2602 6 1870 171 1894 319 2551 888 5033 565 6322 893 7065 147
2603 5 419 820 2394 640 2843 263 7986 402 8451 824
2604 9 276 207 3333 963 4124 448 4465 211 5089 651 5100 29 5758 904 6308 241 9704 185
2605 5 1899 277 2674 913 2754 437 4698 589 9091 380
2606 5 114 435 200 726 5984 747 7409 698 9020 768
2607 5 171 824 1851 731 5448 911 5464 501 7848 492
2608 4 159 447 1018 514 4904 918 4947 328
2609 2 2039 232 2978 968
2610 6 91 378 99 171 351 589 4347 697 7084 276 7097 176
2611 5 777 363 3663 271 6554 321 6841 817 8901 836
2612 2 1942 804 7696 882
2613 5 1656 691 3572 876 3907 163 5731 673 8124 700
2614 6 1426 208 2833 85 3167 817 3632 611 4818 978 6430 47
2615 9 901 373 1714 34 1803 927 2830 763 4478 67 4809 198 5015 215 5025 602 8387 37
2616 6 2465 805 4658 91 5127 64 6131 114 6241 888 6443 472
2617 7 1963 525 3976 64 4838 105 4935 550 5535 770 6701 989 8313 376
2618 5 761 115 3167 455 6375 693 6820 543 7161 375
2619 4 1222 504 1766 861 2446 713 4919 740
2620 5 2333 198 2379 543 3814 801 3908 988 7433 908
2621 10 724 197 868 936 2656 410 2802 630 2930 671 5816 10 5907 652 6111 327 6791 820 8655 727
2622 7 2246 77 2806 389 4196 59 5200 677 5411 625 5637 380 8813 434
2623 4 1327 462 4113 816 5350 469 9182 104
2624 6 494 750 2327 553 5074 716 5115 318 6501 472 7945 977
2625 10 594 492 674 523 3420 360 4186 944 5024 311 6037 175 7312 184 9175 17 9695 307 9982 943
2626 4 203 135 7098 665 8925 234 9700 662
2627 6 1404 875 1689 164 3738 918 4445 628 5296 579 6392 202
2628 4 444 973 625 235 1183 213 8781 988
2629 4 1736 433 4808 832 5734 424 9764 111
2630 5 545 642 3527 16 3724 584 5052 426 8810 345
2631 8 222 833 4647 308 6286 423 6516 839 6890 560 7294 82 9019 988 9486 214
2632 11 1156 93 1225 971 1357 565 2183 226 2951 648 4053 484 4732 876 4868 349 6259 328 8033 587 9724 498
2633 5 596 692 1490 823 2707 397 7218 728 9784 428
2634 6 395 2 3704 728 4423 316 6189 215 7792 988 9505 712
2635 7 163 972 371 371 3860 727 5004 566 6652 190 7490 919 9649 516
2636 7 989 715 1271 555 2839 275 2846 984 5316 766 7572 121 9439 484
2637 11 309 13 1751 130 1966 759 2151 596 2975 741 4220 192 4420 408 7741 856 8030 469 9317 512 9331 548
2638 3 17 599 1707 922 8918 350
2639 2 182 66 1890 527
2640 5 487 546 1069 144 1142 725 3142 602 8192 4
2641 7 139 251 2342 32 2446 507 4500 655 5515 927 8326 691 9234 148
2642 11 505 960 1498 657 2035 932 2578 26 2655 39 5548 605 5585 35 7285 571 8172 283 8793 743 9830 446
2643 4 2230 758 5416 119 5603 350 8869 862
2644 4 563 558 1152 399 5846 195 9596 423
2645 7 771 680 1067 547 2414 52 3673 603 3676 751 4377 405 7660 699
2646 3 1656 106 3936 381 4317 811
2647 5 602 620 1212 241 8175 939 8609 658 9383 734
2648 6 445 724 824 312 1162 409 4817 729 5434 809 7734 657
2649 8 1392 68 1852 819 2031 80 2308 429 3321 67 3407 265 3674 109 6812 368
2650 9 1019 970 1962 531 2755 566 2787 368 4549 352 5637 125 5893 338 6892 537 8183 353
2651 7 570 780 3937 969 4656 178 5611 872 5651 147 5733 93 6613 4
2652 9 33 117 358 264 806 649 1292 702 3319 479 3755 18 6114 277 6261 558 9706 718
2653 6 1559 578 2293 565 5279 820 6888 770 7112 380 7670 916
2654 6 2058 705 2547 412 5821 510 5889 733 6590 384 9396 825
2655 9 1508 257 1864 40 1868 318 2642 39 3248 108 4051 911 5996 845 6169 820 8779 103
2656 6 1728 16 2621 410 4246 681 5165 42 7106 382 8900 78
2657 11 382 623 1208 518 1447 900 2746 847 3475 173 4966 227 5934 201 6332 654 6854 978 7581 412 7795 251
2658 3 286 810 2217 747 9230 647
2659 5 1592 393 2118 156 4080 752 5091 852 7226 107
2660 9 1498 350 2246 175 3414 784 4257 795 4681 312 6708 304 7225 683 8383 99 8423 247
2661 6 1164 154 5200 126 6395 663 8250 249 8472 711 9128 268
2662 4 314 296 7346 385 8318 431 9241 925
2663 7 369 692 4723 256 5703 146 6095 77 6852 157 7672 774 9371 421
2664 3 57 445 2003 75 5682 409
2665 9 633 664 3406 716 3645 464 3940 243 4005 866 4212 396 4541 96 4616 75 9437 722
2666 4 916 604 2280 804 3010 563 3863 908
2667 9 1645 993 1960 479 3462 439 3698 191 4021 497 4193 927 7675 634 8659 591 9035 237
2668 8 1531 278 3098 806 3905 689 4790 159 4983 138 5023 157 7565 640 9558 761
2669 6 641 714 2025 647 2585 885 6236 247 8877 228 8891 498
2670 6 2291 970 2553 980 5245 993 6640 598 8426 757 9567 621
2671 8 1166 80 1657 722 2103 18 2136 131 3263 532 4329 784 5747 395 8838 609
2672 1 331 693
2673 8 1473 791 1889 96 2991 921 3065 559 3276 581 4128 434 4772 496 7312 288
2674 5 82 678 2053 544 2605 913 7356 58 7831 494
2675 8 981 924 2300 650 2822 472 3372 715 4416 497 6598 952 7021 278 9230 806
2676 3 1873 689 5617 252 9004 961
2677 3 919 766 995 7 4201 892
2678 9 324 555 2165 81 2406 203 3368 748 3763 335 5057 506 6494 559 6652 494 9863 964
2679 3 995 882 2513 404 4122 471
2680 3 1352 676 1919 633 7082 634
2681 7 53 197 2936 230 3353 376 4019 24 6074 236 6475 37 8077 235
2682 3 1034 192 4051 347 7562 445
2683 5 451 332 4009 720 4788 256 5672 758 7565 469
2684 5 1534 335 2756 607 3155 684 4489 464 7342 408
2685 10 127 618 898 656 1417 309 3287 790 4182 250 4352 188 6511 238 7253 326 8033 79 9345 687
2686 7 2138 416 2471 671 4025 707 4438 252 6920 309 8193 903 9317 878
2687 6 151 147 4885 237 6083 659 7167 84 7943 256 8251 453
2688 8 43 847 1261 423 3475 916 3476 618 5145 493 5845 603 6572 486 7807 553
2689 7 912 581 1183 302 2988 520 3494 120 5707 851 6861 917 9375 264
2690 7 320 601 4788 253 5328 533 6151 379 6858 470 9173 877 9450 828
2691 2 2223 611 8593 86
2692 3 1999 422 6154 338 9830 84
2693 8 63 784 1001 540 2706 925 5919 295 6273 876 8496 915 8868 339 9747 650
2694 5 848 724 1746 813 4534 727 4610 948 6315 268
2695 7 1176 613 3707 671 5581 190 5595 93 6880 163 8063 893 9451 530
2696 5 65 78 775 879 5290 472 6544 654 8517 874
2697 6 1820 927 2203 194 2380 990 3413 704 5537 430 6982 456
2698 5 1616 138 5900 247 7707 864 8424 140 8489 307
2699 3 558 61 4928 608 9040 401
2700 5 1284 322 1961 779 4051 685 5766 106 6573 753
2701 4 570 824 1640 505 5041 312 9426 794
2702 6 296 753 691 184 5150 794 7030 742 7990 1 9848 689
2703 4 2466 897 5273 225 6031 614 9703 556
2704 7 1046 220 2820 669 2966 740 4191 759 5074 337 7211 962 9904 231
2705 6 2166 894 4996 623 5219 387 6484 477 6843 112 7734 818
2706 5 1366 54 2693 925 2711 901 3520 329 7882 366
2707 4 1432 717 2633 397 6767 745 6914 719
2708 3 678 911 5610 523 6664 142
2709 3 1595 856 1693 880 7625 723
2710 1 885 500
2711 7 1050 914 1964 442 2706 901 5788 368 6236 981 7789 516 9725 223
2712 7 1512 194 1847 538 1966 558 4245 267 5358 452 6377 13 6955 861
2713 10 748 932 1005 915 2783 206 4030 354 4760 280 5510 567 5699 2 6247 1 6393 556 6740 553
2714 7 2357 505 2403 857 2760 305 3772 818 5049 880 5195 863 5432 672
2715 10 75 931 1461 102 2819 325 4285 153 5210 241 6199 212 6248 792 7445 443 7580 577 7673 707
2716 4 1773 701 5946 309 6170 160 9650 463
2717 6 1844 720 1874 713 2922 498 3343 879 4756 335 9405 714
2718 4 540 531 1198 990 4841 220 8747 799
2719 3 395 29 6281 117 6506 405
2720 1 2091 456
2721 9 408 727 2303 92 2484 304 3041 945 5140 567 6629 218 7190 208 8498 993 9257 928
2722 6 655 604 2425 555 3122 566 3324 283 5407 249 8422 129
2723 10 446 40 981 428 1178 889 3347 708 3473 734 3614 49 6734 211 7464 186 7708 668 9044 237
2724 5 923 68 1047 115 2189 898 3264 360 9735 748
2725 4 1859 731 4098 36 7099 212 9852 652
2726 8 883 52 3535 34 4243 850 4340 624 6618 318 6709 903 7579 576 8458 622
2727 2 303 50 4990 397
2728 5 683 96 2327 828 3227 62 8935 343 9058 188
2729 6 635 385 1763 650 2293 707 2987 263 3418 833 5779 602
2730 7 186 631 2819 968 2983 788 2994 110 4250 998 4255 687 5762 392
2731 5 157 752 3749 9 4318 744 5790 642 6875 441
2732 7 1693 193 5061 817 6517 956 6632 369 7587 387 8766 863 9851 784
2733 10 1028 142 1536 608 3927 449 4642 500 4898 73 4943 670 5827 596 7681 711 8835 653 9462 932
2734 8 552 651 2988 526 4074 933 6188 834 7403 789 8978 507 9626 518 9852 968
2735 7 369 850 2998 322 3890 698 4250 962 4268 177 8429 605 9491 970
2736 9 1370 784 3208 658 3330 837 5619 139 5795 211 5961 879 6057 147 8351 839 9491 776
2737 10 266 125 851 122 1080 55 3868 793 4802 764 5508 647 5601 199 7210 754 8286 622 9921 492
2738 6 217 228 1038 622 4427 380 5445 7 5876 464 6651 731
2739 11 294 759 3053 711 4398 207 4444 909 5079 296 5194 483 6294 553 6494 191 7372 949 7589 316 7980 513
2740 6 1393 477 1546 130 1664 733 3151 936 3656 288 8859 738
2741 10 348 881 1129 248 1903 811 2137 599 2845 354 3326 200 3407 970 4301 28 9522 941 9692 414
2742 7 1346 837 1486 646 1637 605 6281 243 7678 359 8149 427 9472 449
2743 3 593 913 1871 417 5024 606
2744 7 1758 950 3478 35 3977 983 4207 113 5314 854 6691 505 8829 951
2745 6 2133 303 3234 172 4863 354 6557 432 7927 205 9566 76
2746 14 1721 139 2657 847 3253 583 3368 632 3450 334 3502 391 4379 1000 5193 182 5818 89 5931 682 6165 400 6340 283 6482 619 7959 830
2747 9 53 399 1220 440 1299 224 3455 765 3990 517 4684 563 5046 805 5147 140 7214 345
2748 3 57 144 6433 56 8726 519
2749 4 123 802 1588 151 9457 439 9685 74
2750 8 123 609 4612 97 4875 598 5368 967 5554 81 6112 220 7165 955 7592 449
2751 5 1691 434 2295 785 6174 994 6829 716 8404 542
2752 8 904 768 3025 876 3265 550 5018 93 6066 916 6482 576 9349 721 9697 218
2753 11 734 89 1425 246 2483 16 4026 723 5556 490 5899 247 6575 498 7054 823 7270 248 7943 91 8952 543
2754 4 2605 437 4526 322 8119 900 9912 996
2755 5 353 871 2650 566 2834 429 5758 498 8682 601
2756 3 2684 607 3753 883 8197 765
2757 4 267 394 2210 513 3867 656 7642 928
2758 10 466 815 1316 155 1780 189 3952 317 4681 191 4725 626 6692 154 7535 570 8000 410 8439 873
2759 4 603 552 2824 990 5293 337 6653 412
2760 4 1654 186 2714 305 5381 445 6512 857
2761 5 612 481 1831 178 3005 441 6290 717 8982 552
2762 4 2508 668 2880 497 2915 412 8957 712
2763 7 1144 825 1169 514 2381 793 4092 581 6267 318 7204 370 7807 676
2764 6 304 885 1590 565 2892 410 3638 835 4604 442 4647 540
2765 4 324 927 4874 731 7327 189 8813 248
2766 9 2090 348 3379 739 3915 665 4555 969 6245 137 6912 332 7560 865 7875 436 9468 450
2767 3 964 649 5110 682 9896 923
2768 8 1816 582 1909 520 2183 713 2834 916 5254 170 6954 869 8400 695 9551 988
2769 9 156 415 873 883 2017 916 3689 954 4211 844 5805 279 7650 992 7660 912 8916 279
2770 4 234 228 1059 23 2559 191 4775 513
2771 6 923 257 2813 831 3536 949 8436 470 8762 861 9886 109
2772 8 392 834 935 847 3672 486 7186 416 7411 418 8904 145 9541 912 9618 341
2773 4 23 489 78 289 1616 298 7575 361
2774 3 2220 127 3565 771 9638 650
2775 4 2187 436 5050 413 5435 782 5883 808
2776 6 398 102 1160 890 1616 242 4117 405 4603 105 8467 651
2777 6 1859 585 2202 289 3639 183 5084 69 7203 142 8376 127
2778 10 2183 953 2429 403 2980 123 3090 116 3717 146 5774 847 5859 917 9049 99 9635 732 9797 912
2779 4 2288 488 6243 776 8115 436 8693 488
2780 3 1024 808 1315 623 4164 98
2781 6 369 43 675 506 4042 124 4623 679 5712 613 6473 87
2782 6 1409 957 4131 569 6448 140 7422 614 8219 671 8392 61
2783 4 1700 960 2713 206 7167 168 8517 972
2784 5 602 575 2136 897 3095 464 4339 758 6599 903
2785 5 1273 330 2278 959 6092 429 8504 715 8575 430
2786 3 1339 189 1502 558 9115 109
2787 10 1231 352 2043 464 2650 368 3048 536 3748 788 4960 930 6194 732 6642 703 8128 13 8227 451
2788 6 2163 769 3553 283 5050 196 7695 492 8637 178 9434 429
2789 6 110 498 655 709 1409 96 2532 796 5088 684 9188 234
2790 8 1370 961 1525 235 3990 904 4354 550 6325 291 8053 65 8367 621 8530 620
2791 5 2047 805 4921 934 5083 81 8797 743 9246 506
2792 4 354 23 1808 110 2401 708 3540 181
2793 6 783 417 1650 147 2586 396 7426 362 7754 696 8769 156
2794 5 466 866 805 360 6557 357 6997 307 8468 379
2795 9 245 428 854 253 1224 931 1877 473 1985 514 2303 518 3235 376 7346 717 8833 571
2796 5 2280 17 3402 378 6290 690 8740 873 9039 830
2797 4 468 773 3390 773 6297 851 7216 693
2798 8 627 933 1555 139 2115 101 5719 729 5947 645 5979 335 6104 391 8506 587
2799 6 1269 603 1687 240 4211 136 4378 813 4505 719 8326 867
2800 3 1384 997 7460 425 7986 215
2801 10 333 947 1659 189 1829 566 3227 262 3899 573 5547 935 6691 533 8241 743 8675 130 9884 72
2802 5 593 648 669 433 2621 630 6204 767 6591 101
2803 7 722 848 725 230 3916 694 4597 252 6804 191 8228 336 9743 244
2804 6 438 681 3783 73 4445 600 6273 480 8034 516 8224 540
2805 7 1476 995 4331 796 7102 557 7438 794 7792 458 7910 76 7924 236
2806 8 1736 529 2105 856 2622 389 3409 121 3586 982 4660 84 5888 360 7217 891
2807 9 246 911 3885 354 3890 723 4230 805 4738 995 5248 856 7668 625 7970 368 8432 692
2808 4 705 813 4940 878 6346 415 9284 835
2809 10 995 962 3649 742 3910 732 3943 16 4412 770 5143 105 5331 95 5558 216 7275 240 8974 58
2810 2 864 383 2537 87
2811 9 424 295 536 590 767 321 3796 774 4158 826 4511 892 5308 817 8335 843 9325 248
2812 9 981 873 1787 457 2045 583 2386 838 2468 921 5180 394 5657 450 8571 995 9663 735
2813 7 1601 900 2396 18 2771 831 5345 625 7985 801 8893 2 9251 92
2814 6 175 969 3145 548 4485 132 4956 344 7698 75 9961 310
2815 6 1415 537 1587 504 1861 40 7242 741 7789 501 7932 871
2816 5 1824 579 2061 393 2985 278 4548 604 7317 221
2817 3 293 220 3323 643 5377 468
2818 5 2276 98 4075 629 7642 945 8059 761 8500 489
2819 9 352 445 2526 625 2715 325 2730 968 3929 484 4454 685 4933 82 5204 788 8521 428
2820 9 542 478 2555 953 2704 669 3341 816 5413 178 5524 689 6900 877 7556 39 8314 372
2821 7 1066 549 2220 370 3434 811 5370 946 5980 654 8669 106 9459 799
2822 7 2103 641 2378 557 2675 472 3224 5 6975 929 7120 732 8546 145
2823 6 208 438 711 40 1945 40 3823 5 5077 222 8059 958
2824 12 731 494 1472 399 2759 990 4167 424 4731 339 4860 549 5074 408 6960 452 6961 338 8204 188 9066 92 9550 224
2825 6 833 210 1434 688 1864 169 2220 763 3125 412 9584 826
2826 5 1963 414 2079 86 4456 740 6557 87 7576 931
2827 8 319 372 1159 572 1219 989 2093 693 5151 809 8591 30 9538 797 9791 770
2828 7 312 470 321 861 3095 32 3357 792 6737 689 7292 51 8974 533
2829 5 1646 261 3774 648 6749 664 7330 129 9375 324
2830 7 138 723 149 878 1572 981 1987 818 2615 763 5971 567 7612 929
2831 4 2225 378 3672 742 4630 289 7299 424
2832 5 255 270 270 576 3841 564 6415 988 6464 239
2833 3 2509 869 2614 85 5403 201
2834 8 449 417 1064 556 2755 429 2768 916 3782 101 4765 445 7956 806 8839 945
2835 4 836 513 977 960 9483 998 9551 214
2836 2 2101 176 7490 87
2837 6 99 635 1908 54 7829 939 7946 989 9579 287 9817 978
2838 7 2429 487 3182 153 4071 52 4768 105 5488 686 6500 540 8063 160
2839 4 665 182 2636 275 7199 281 8815 542
2840 5 1742 460 1913 912 3310 474 6886 116 9044 40
2841 6 411 31 768 807 4224 698 7051 314 7131 72 7710 127
2842 5 1152 479 2033 258 5183 365 5271 772 7598 403
2843 7 740 844 2603 263 2954 328 4384 95 6572 40 8211 604 8981 80
2844 4 1906 735 3570 974 4398 743 5890 509
2845 6 1954 366 2121 768 2741 354 4101 335 6602 352 9809 208
2846 6 701 212 2636 984 3852 394 5168 344 7177 622 8906 129
2847 7 2262 457 2402 904 2982 578 3293 660 3386 557 8385 974 9234 682
2848 1 1988 606
2849 14 192 861 459 912 1137 528 1306 370 3233 79 3283 283 3799 216 4279 623 4336 370 4604 166 4795 595 6610 689 7503 319 9220 839
2850 8 1580 971 1773 395 1969 420 3339 943 6029 590 6120 608 7206 360 7843 957
2851 4 561 527 1327 726 5517 66 9959 780
2852 4 141 435 3398 664 9508 952 9864 752
2853 5 1673 616 1715 646 2265 896 2470 615 6353 569
2854 6 2376 505 4055 652 5527 453 6051 543 7415 442 9854 162
2855 2 1442 181 8717 183
2856 7 1368 665 1916 997 2291 810 3463 884 5198 269 5589 27 8180 631
2857 7 1945 348 2246 794 2260 868 4277 180 5065 935 8949 114 9563 883
2858 6 418 40 597 177 4593 318 4812 932 5586 515 8519 873
2859 7 650 813 1599 419 2373 19 3356 279 3576 950 5193 296 9618 257
2860 7 1969 486 3594 981 5868 933 6005 593 6016 350 6059 525 7778 332
2861 9 1450 494 3307 968 3839 389 4766 837 5060 622 6415 11 8331 322 8942 549 9588 514
2862 3 120 345 3528 852 7759 603
2863 3 1421 576 4964 177 9934 278
2864 7 797 771 2936 969 5264 653 8265 336 8748 165 9363 820 9836 267
2865 7 1364 584 2095 20 2464 454 3979 615 5574 309 7906 763 9758 759
2866 7 342 183 588 19 1565 278 1786 912 4220 944 6148 298 6259 140
2867 5 1197 888 2372 894 2553 460 4537 924 9833 483
2868 6 1305 11 2949 670 3743 996 5526 912 6266 215 6855 374
2869 8 608 288 1575 917 3394 206 5284 450 7573 743 9141 666 9454 948 9645 97
2870 8 1882 777 2384 184 5952 277 6921 156 7522 412 7752 533 9351 342 9563 665
2871 4 1292 390 1748 725 3008 841 6100 778
2872 8 801 78 1882 946 4232 254 4708 670 6346 432 6763 202 7353 234 7570 404
2873 9 312 5 448 972 2946 352 3573 830 3617 432 4475 495 4851 328 5196 676 6396 820
2874 6 2258 677 4882 700 5745 265 9142 370 9342 471 9728 877
2875 5 285 224 4871 90 9023 107 9159 660 9862 89
2876 5 862 453 1532 483 1776 636 7377 511 8207 136
2877 7 306 55 3198 478 3795 903 5723 27 5878 45 7785 422 9586 970
2878 8 64 376 155 810 791 280 3491 122 3592 547 6428 966 6933 73 7460 4
2879 8 284 475 3551 179 3698 124 5398 905 5464 982 5536 968 7755 994 8097 371
2880 5 2410 45 2762 497 7777 468 7934 371 8560 517
2881 7 123 195 1038 789 3100 394 3969 659 8418 535 8462 971 9563 207
2882 6 1358 363 2515 67 3974 46 5165 636 6437 682 8021 767
2883 6 1616 788 3151 964 4052 281 6137 233 7642 264 8167 824
2884 3 312 403 2286 678 3392 308
2885 13 594 366 1015 272 2983 425 3381 963 3670 354 3822 480 3911 970 4108 367 6201 653 6215 818 6898 628 7732 127 8042 419
2886 6 1124 550 2926 277 6231 38 6751 969 6827 614 8518 622
2887 3 2450 244 3451 758 9312 811
2888 4 2140 39 4587 239 7485 268 7558 155
2889 3 763 669 1617 778 1677 588
2890 7 2282 867 2341 953 4451 976 5895 804 6252 592 9142 754 9918 459
2891 7 633 222 2972 344 4797 912 5004 880 6074 101 7077 668 9350 777
2892 8 2330 476 2764 410 4582 290 6504 119 7070 989 7391 144 9000 309 9229 437
2893 8 712 120 1348 348 3808 445 4064 612 6022 763 7967 829 8617 601 8957 22
2894 6 1463 349 2007 34 4061 106 5351 770 8830 951 9867 849
2895 3 1734 999 3651 78 4694 356
2896 9 571 288 2952 184 3325 554 3666 720 3761 85 4306 965 4980 622 5612 213 9016 703
2897 6 832 779 923 610 3773 141 5073 704 5360 599 9694 983
2898 3 1319 190 2246 899 9091 121
2899 7 323 82 1414 285 2241 207 3175 787 4559 173 5052 453 7703 980
2900 4 1686 247 1850 760 5874 163 7213 292
2901 4 714 818 2183 221 4437 163 6955 341
2902 4 1699 731 2955 120 3006 708 3076 873
2903 6 1169 795 1845 19 1912 14 6451 456 6748 998 7221 118
2904 4 543 536 2560 549 4505 250 8209 390
2905 6 1390 696 3256 208 5161 901 5702 418 6695 545 7916 894
2906 4 1492 467 2474 448 7613 768 8929 970
2907 4 496 67 1333 718 2215 185 7534 720
2908 3 1605 796 3497 848 4699 589
2909 9 300 582 1010 307 1639 887 1877 54 3465 737 5266 415 7844 851 8009 334 8280 373
2910 9 1632 842 1917 126 2520 3 4852 200 5880 627 7431 292 9110 786 9122 244 9858 871
2911 7 889 677 1278 16 3064 129 3744 17 5324 240 8315 924 8346 852
2912 2 1336 504 7727 38
2913 6 1241 372 1897 484 3281 633 4467 857 4998 523 7708 271
2914 7 2587 111 3921 405 4494 991 6106 760 6709 396 7466 686 9097 409
2915 5 212 782 438 400 2762 412 3368 518 7424 653
2916 6 465 33 4388 229 4749 979 5585 15 9268 310 9722 98
2917 4 929 829 2273 701 6612 360 7878 215
2918 4 1003 946 5654 817 7452 566 8614 615
2919 7 178 668 1398 168 4338 109 4370 121 5932 733 6750 566 8980 749
2920 5 26 182 508 629 881 769 5107 440 9683 497
2921 9 77 357 158 893 927 32 2316 587 3696 903 4519 507 5611 276 6979 558 9189 616
2922 8 2410 516 2717 498 3966 172 4783 726 6798 829 7351 488 8991 559 9798 101
2923 5 59 780 3442 366 4976 677 8311 475 9239 76
2924 10 740 619 1201 132 1251 622 3507 619 4362 463 4534 579 6290 136 6825 759 7152 625 7268 518
2925 6 387 74 1424 752 3296 622 4362 24 5115 198 6505 635
2926 5 2886 277 3401 833 4972 55 7914 698 9406 894
2927 5 1054 82 1193 610 3000 744 6475 930 8300 404
2928 8 84 863 758 850 1530 761 1871 498 2598 967 3004 183 7118 996 7160 93
2929 8 2 534 824 246 2266 149 3152 772 3167 825 3917 530 4188 901 7151 430
2930 11 970 716 1194 682 2233 277 2621 671 5651 949 5709 414 6756 794 7148 91 7849 584 7948 276 9026 900
2931 8 182 436 3647 545 3685 720 3710 105 3711 256 7537 920 8071 214 8689 487
2932 8 660 956 1867 657 2034 564 2476 435 3527 197 3605 388 3900 475 9787 731
2933 5 1878 268 4292 459 4545 523 5888 610 7394 790
2934 10 1582 305 2291 377 3058 587 3273 269 3452 710 3741 810 3879 264 4492 813 4538 30 7416 989
2935 4 2237 332 5285 182 8259 279 9379 988
2936 6 2681 230 2864 969 3079 102 5094 672 7383 612 8456 430
2937 8 1454 753 2143 911 5028 742 5313 794 6124 414 7429 16 8439 92 8679 231
2938 6 1436 133 2989 403 3670 763 4109 31 4338 954 5814 344
2939 5 317 326 1192 924 3607 567 5524 420 6505 543
2940 4 2540 39 3712 235 6229 383 8141 326
2941 4 365 576 1684 160 3854 33 5480 464
2942 5 1811 939 2246 26 3143 544 5677 952 9580 166
2943 2 2453 50 4713 687
2944 10 416 441 1250 199 3930 367 4676 73 5223 376 5376 9 5763 870 5937 623 6031 950 6315 109
2945 5 649 598 2355 261 3258 333 6927 788 8606 449
2946 7 289 313 1463 78 1807 391 2873 352 3351 989 6065 895 9075 177
2947 6 2362 624 3845 824 4749 530 6371 315 6458 685 7612 795
2948 6 1265 292 1664 75 4506 636 6107 772 7028 309 9498 357
2949 8 301 624 384 91 2563 264 2868 670 5020 969 5061 845 5656 738 6817 64
2950 7 333 427 2401 444 4253 626 6612 543 8454 928 9175 478 9915 628
2951 5 255 656 2632 648 6424 397 6446 632 7354 954
2952 7 1857 540 1888 695 2116 427 2896 184 3731 392 7364 87 9909 516
2953 8 121 930 1352 359 3691 620 4221 364 4687 877 5425 81 6842 820 7992 381
2954 4 2843 328 4413 293 6260 56 6369 392
2955 9 1934 289 2333 527 2432 338 2902 120 4719 840 6343 232 7376 784 9871 987 9994 114
2956 7 627 57 1532 607 3443 169 3726 588 4524 950 4567 170 8577 817
2957 7 1497 912 1723 828 1849 421 1977 522 3674 444 8921 465 9949 990
2958 7 97 43 532 616 874 291 1091 29 3986 832 7023 122 8446 290
2959 7 725 547 3813 318 6801 637 8469 77 8762 12 8869 824 9983 592
2960 7 1281 184 1624 216 2268 846 3194 55 3626 139 5416 401 6393 145
2961 10 194 533 1047 722 1100 984 4068 678 4139 913 4249 286 4393 681 5662 983 7900 206 9867 959
2962 6 1385 692 4381 359 5508 262 7319 464 8209 360 9212 906
2963 5 2592 410 2596 890 7304 223 7446 79 7547 130
2964 7 176 718 729 307 814 418 1688 710 1738 918 3064 869 9367 637
2965 3 558 958 753 713 8524 976
2966 3 983 187 2704 740 8229 991
2967 8 1672 301 2212 465 2234 713 3768 657 6484 756 6810 790 8184 160 8608 646
2968 5 2283 590 4726 646 6234 555 8808 878 9232 360
2969 3 2420 624 3097 542 8330 755
2970 4 1672 8 1779 195 5910 734 8104 44
2971 7 769 362 6083 369 7648 436 7786 713 8010 570 9070 969 9200 760
2972 7 284 389 662 491 2244 520 2891 344 4040 622 5516 123 6831 293
2973 2 208 758 8317 352
2974 3 228 418 1505 482 5601 908
2975 4 811 621 2637 741 5025 539 7027 464
2976 15 691 355 917 626 929 614 1485 123 2282 118 3121 819 3529 728 3843 508 4908 585 6115 897 7974 873 7993 941 8953 465 9561 415 9801 170
2977 8 194 287 980 937 1669 224 2489 530 4701 856 6357 611 7577 230 8541 157
2978 11 820 357 1153 444 1314 613 2405 7 2609 968 3789 303 4100 196 4137 726 6246 390 8014 771 9320 512
2979 3 1121 815 3277 434 7501 224
2980 6 2240 363 2778 123 5035 320 7560 548 9049 880 9996 189
2981 2 1649 245 2300 144
2982 6 1687 423 2119 143 2847 578 7382 696 7816 574 9713 244
2983 2 2730 788 2885 425
2984 9 547 808 3905 608 4593 825 4683 322 5763 766 6155 561 8263 298 8452 982 9038 823
2985 9 264 16 2816 278 3112 897 4185 688 6004 697 6877 401 8415 583 8833 777 9527 887
2986 9 214 659 273 268 2171 823 3778 861 5216 1000 5750 59 6416 787 7319 319 7473 362
2987 8 32 878 750 470 1470 575 2729 263 7910 485 8093 287 8634 483 9488 642
2988 6 487 444 591 81 2689 520 2734 526 4682 38 6774 249
2989 6 2938 403 3507 13 4695 365 5433 686 7271 68 7701 149
2990 6 2488 181 3866 894 6837 926 7089 644 8254 52 9573 232
2991 5 2673 921 3926 719 4551 690 5294 583 6267 692
2992 6 99 211 127 161 603 711 824 343 1969 934 9757 419
2993 5 2512 281 4493 343 4663 519 6470 512 7827 377
2994 10 164 927 254 194 539 232 2411 33 2730 110 6560 13 7837 72 8096 651 8377 367 8548 429
2995 5 2154 907 2258 915 3771 14 5167 408 6898 273
2996 6 294 754 1918 492 2193 162 3865 589 3893 434 6445 984
2997 4 1389 886 5089 206 6877 185 7428 926
2998 6 291 373 305 268 1177 919 2735 322 6258 184 7540 265
2999 5 2202 214 2457 335 3802 369 6320 381 8470 668
3000 6 736 586 2927 744 3030 617 3702 852 6347 478 6428 181
3001 3 1057 168 4717 570 5007 934
3002 9 42 956 100 414 541 13 739 540 1041 609 1267 725 5901 474 6127 86 7025 497
3003 5 1111 484 1182 2 3327 531 7414 590 8272 83
3004 3 1130 724 2928 183 4732 561
3005 12 910 834 2761 441 3113 464 3134 570 3245 5 3613 725 4427 279 5093 605 6030 940 7590 595 8043 676 9665 179
3006 3 2902 708 5107 366 9842 107
3007 6 1633 534 3309 99 7384 375 7440 972 7451 136 9078 278
3008 8 1712 149 2871 841 4183 785 4187 594 4977 438 7276 424 8192 583 9853 849
3009 7 496 843 1411 604 1966 702 2521 462 6160 783 6213 211 7344 831
3010 4 2570 770 2666 563 3142 774 4908 460
3011 7 916 234 1687 397 2000 388 3303 57 4451 232 5897 401 6195 503
3012 8 2294 882 3722 990 4593 697 5700 407 5897 7 6171 799 7666 168 9174 70
3013 7 1134 233 1443 216 3954 646 5358 827 5952 720 7364 404 8158 539
3014 4 2041 240 2269 340 7414 180 9445 350
3015 3 609 81 1697 920 8492 688
3016 9 176 965 1413 577 2161 338 2530 876 2546 836 3648 71 8855 252 9087 504 9507 499
3017 5 554 476 1492 546 4968 759 7765 85 8560 399
3018 5 2013 742 5669 127 7708 436 9156 421 9254 409
3019 7 1945 63 2170 772 3145 538 6256 373 7246 461 8279 587 8499 601
3020 5 675 101 1330 942 2397 902 4107 327 6759 983
3021 4 1844 652 1913 597 4073 412 5178 126
3022 3 1004 691 3922 356 6954 89
3023 2 1721 273 5314 533
3024 5 692 584 948 979 2536 71 4126 742 8659 169
3025 9 857 520 1385 77 2243 806 2595 979 2752 876 4713 506 4820 36 9268 343 9328 527
3026 4 1122 810 4126 708 4776 945 9106 212
3027 8 1885 110 2423 715 2539 503 3534 629 4174 629 4921 193 5032 586 7195 105
3028 7 1105 129 1376 764 1383 813 4497 169 5636 116 5849 842 9425 371
3029 2 287 629 2236 502
3030 4 3000 617 4407 547 8574 250 8956 686
3031 2 1265 604 3842 1
3032 3 521 612 3982 873 7342 650
3033 7 1157 631 1410 767 1473 592 3152 986 3734 135 4202 456 6330 563
3034 7 408 232 3035 370 3128 529 3354 802 5487 564 8461 129 8856 253
3035 5 3034 370 3280 929 6763 926 8286 770 9464 599
3036 8 876 93 1331 457 3547 81 3592 706 5412 928 5941 201 7949 861 9789 705
3037 5 886 781 2084 967 7011 360 8061 861 9524 621
3038 4 1500 1000 4590 957 4676 100 7587 377
3039 12 1442 498 3161 688 3174 752 3630 489 4179 193 4378 493 5810 991 6073 996 6197 773 6707 945 7063 339 8738 220
3040 4 630 144 1348 681 4159 214 9618 675
3041 8 1342 50 1542 818 2054 206 2138 66 2721 945 3337 421 6061 274 9413 502
3042 4 733 376 740 115 899 388 8115 197
3043 6 10 228 3574 761 6433 627 7640 607 9560 904 9802 427
3044 7 1557 928 1929 700 1933 661 4407 395 5209 516 5549 729 7242 28
3045 8 357 200 1012 574 4039 249 4206 512 5516 81 5542 546 7408 248 9987 582
3046 8 45 731 702 640 1056 580 2127 260 3838 149 6587 906 7888 738 9710 56
3047 5 1328 150 2424 896 3785 147 6005 922 6693 929
3048 7 843 29 2590 94 2787 536 6043 23 6445 784 7542 691 8626 6
3049 4 2115 363 2474 578 8079 524 9520 645
3050 4 165 233 4802 816 5545 740 9551 408
3051 5 286 285 1365 518 5904 560 7065 116 8204 593
3052 5 256 655 812 724 4797 218 8720 821 9390 188
3053 6 2739 711 4641 994 5718 49 5856 562 6610 797 9839 509
3054 5 491 384 764 48 3450 221 7834 325 9963 203
3055 4 315 451 3246 891 6030 846 8714 837
3056 3 938 717 3756 8 9198 747
3057 9 944 788 4219 474 4551 575 4601 900 5485 433 7555 326 8107 359 8236 765 9094 923
3058 12 527 790 609 38 2476 795 2934 587 4001 581 4239 52 5185 978 5973 505 7804 711 8621 845 8999 260 9787 386
3059 5 2078 303 3500 487 6839 119 7500 390 7557 659
3060 3 2376 294 6781 103 7005 804
3061 3 550 519 8397 454 9565 579
3062 4 1942 557 3084 390 7274 829 8309 955
3063 2 540 771 1155 627
3064 9 2115 835 2150 189 2911 129 2964 869 3687 917 3969 582 4758 803 7016 631 7686 165
3065 5 1047 586 2224 411 2673 559 5528 729 8942 448
3066 7 1357 69 1616 32 3321 88 3975 143 4712 839 7888 969 7966 664
3067 6 520 877 983 272 1821 450 2222 201 7765 881 9776 317
3068 4 572 246 1218 699 1288 206 6792 681
3069 4 135 955 918 381 4797 264 9506 586
3070 7 666 553 3609 531 4045 445 5583 193 6684 845 8454 353 9015 230
3071 3 303 219 5510 120 6866 452
3072 5 669 213 1533 416 4008 388 4099 624 8088 460
3073 8 25 17 33 208 1977 10 3969 517 4374 251 5439 749 6226 982 8654 308
3074 3 1405 910 1668 697 7992 849
3075 9 2160 32 2304 500 3805 656 4131 331 4263 221 7153 827 8441 829 9043 914 9694 633
3076 5 913 238 1498 298 2902 873 3163 303 9431 226
3077 4 602 912 640 310 3133 969 4806 949
3078 6 407 801 4235 996 6427 323 6824 21 7084 492 7994 978
3079 6 545 903 867 10 2936 102 6957 449 8571 347 9896 445
3080 5 1260 456 1502 772 1746 875 3747 845 8903 837
3081 6 95 702 2489 614 5371 147 5618 155 7025 692 8262 57
3082 6 1111 126 3787 164 5424 470 5882 514 6615 333 9702 783
3083 2 1116 359 5640 526
3084 8 317 328 894 407 1040 158 3062 390 4322 631 5891 29 8762 743 9262 58
3085 5 1873 935 2484 924 3669 745 7103 188 9700 234
3086 7 748 794 1695 752 2286 482 2346 172 3824 584 5571 533 7519 623
3087 7 161 560 973 949 3692 733 3908 289 5037 751 5670 618 7979 350
3088 6 795 863 2303 479 3509 796 6892 901 7349 192 9433 675
3089 13 1184 475 1655 340 3382 501 3505 764 3891 972 3928 135 4480 109 5253 467 5258 867 5323 235 6722 292 7586 527 8172 539
3090 9 346 79 2254 389 2554 158 2778 116 6283 644 6906 374 7290 719 7720 36 9846 296
3091 6 772 438 1312 544 2598 337 3099 442 3286 827 8902 696
3092 4 636 894 3926 173 6186 953 7842 801
3093 3 2434 345 7011 762 9828 303
3094 3 499 38 4265 543 4360 355
3095 8 2403 249 2784 464 2828 32 6780 125 7516 874 8111 961 8286 852 8580 41
3096 5 387 622 823 963 6482 367 7358 117 7602 406
3097 5 1442 768 2969 542 4379 944 6896 331 7098 941
3098 10 127 767 2223 440 2668 806 3781 287 3849 135 4309 608 5506 917 7899 883 8680 330 9582 662
3099 5 2060 624 3091 442 4241 71 6385 177 8167 744
3100 5 1863 508 1933 107 2881 394 3339 848 9145 73
3101 6 646 390 1321 20 6972 701 8102 658 9234 850 9256 412
3102 7 391 825 873 757 1043 827 5659 621 6424 775 8648 144 9700 333
3103 4 469 167 2364 858 3223 633 8204 863
3104 5 1312 16 2120 354 3183 767 4387 107 9270 957
3105 3 605 737 4041 174 9237 324
3106 9 243 778 1602 901 2542 451 3587 231 4144 763 5632 496 6321 795 7494 284 8115 450
3107 3 2502 475 6292 416 9224 131
3108 9 189 15 647 258 4883 202 5425 101 5828 726 6259 29 8078 322 8154 409 9474 808
3109 9 20 486 1471 193 3221 330 3736 263 4423 823 7221 778 8370 960 9382 173 9745 25
3110 6 673 967 818 644 1871 568 2223 615 5797 718 7896 350
3111 6 890 398 953 349 3466 244 6254 578 6646 376 9445 232
3112 4 2985 897 3319 818 3772 377 4257 541
3113 7 386 709 1589 83 3005 464 4014 604 4278 451 5258 425 5877 340
3114 7 1105 50 1488 583 2370 732 6553 940 7010 479 7656 137 9254 185
3115 5 512 866 3997 544 4064 92 4291 539 4914 990
3116 6 14 917 3387 142 4195 613 5034 977 6865 219 7327 77
3117 2 186 569 928 497
3118 11 500 783 591 439 3716 557 4130 807 4186 470 4675 310 5099 273 5303 570 8139 74 9887 341 9968 781
3119 5 740 812 1597 261 4491 1 6040 823 9406 977
3120 4 2049 630 5991 347 6637 300 7307 769
3121 5 2976 819 4589 56 7917 116 7947 118 8334 216
3122 5 409 905 1266 70 2722 566 3502 142 6659 791
3123 8 178 972 1663 664 2214 824 2332 383 4950 261 5037 230 6896 789 8579 550
3124 5 2112 295 3317 111 6888 18 9053 5 9723 733
3125 4 1002 390 1153 841 2825 412 4645 495
3126 5 323 677 845 822 1795 442 1932 645 3130 270
3127 4 669 626 725 836 3436 163 7980 650
3128 11 3034 529 3224 572 3286 900 3461 960 3834 940 4517 285 7809 888 8685 626 8856 607 9803 455 9900 161
3129 5 291 591 3902 827 4350 551 6360 103 9941 113
3130 7 363 163 3126 270 4298 715 4719 623 5788 154 7098 456 9749 484
3131 5 1220 16 2548 464 4210 145 4847 42 6369 592
3132 8 38 946 453 914 1637 9 3384 886 3552 398 6847 971 8989 246 9423 175
3133 7 721 316 1486 288 3077 969 3560 557 7505 364 7856 950 8694 688
3134 6 2371 608 3005 570 5230 765 5932 198 5984 152 8688 416
3135 6 561 932 1267 651 2397 954 4395 662 5523 558 8981 406
3136 4 1140 741 2444 590 3929 993 6853 577
3137 3 445 818 5676 383 8337 787
3138 8 99 172 2089 615 2204 834 3241 88 3882 861 4431 573 6745 316 6776 366
3139 7 2140 41 2520 448 3782 746 5244 959 5779 299 7385 383 9546 806
3140 7 863 260 2023 342 4413 761 5280 16 6180 884 7763 317 8518 422
3141 5 603 47 959 470 3705 508 5153 451 7460 618
3142 5 1740 518 2640 602 3010 774 6296 538 6672 979
3143 3 1549 973 2942 544 8956 251
3144 6 261 998 621 976 4832 894 6115 51 8506 998 9930 938
3145 8 2340 212 2814 548 3019 538 5485 469 7797 825 9175 545 9489 728 9854 912
3146 8 1919 413 4391 281 4780 179 6197 42 6331 116 8007 234 8431 601 9543 108
3147 8 1899 899 2538 63 3394 635 4527 246 5353 815 6458 888 7370 80 9451 140
3148 7 2143 932 2504 238 2546 62 5040 126 6703 345 8358 74 8717 930
3149 6 1507 49 1576 723 3275 6 4368 214 4633 168 7212 30
3150 5 1239 544 2143 577 6934 482 9505 569 9868 903
3151 9 735 877 2740 936 2883 964 3995 542 5432 456 5859 374 6578 966 8835 381 9729 14
3152 8 1501 248 2929 772 3033 986 3493 531 4348 321 4915 115 7143 860 8702 61
3153 5 2176 705 3752 369 6314 393 8004 399 9416 261
3154 8 1567 487 1850 146 3303 138 5357 65 6840 964 6903 691 8765 946 9257 337
3155 8 1472 591 2121 973 2684 684 3602 83 4141 225 4190 69 5694 394 8230 871
3156 5 139 13 690 776 5138 751 8051 300 9857 406
3157 4 521 788 3787 282 4778 983 9022 482
3158 7 585 860 1701 62 4113 279 5406 624 7089 881 7140 986 7342 719
3159 6 71 80 3458 680 4340 396 5208 508 5835 574 8895 171
3160 5 441 895 643 704 908 148 4873 101 6522 117
3161 10 735 674 962 264 2142 814 3039 688 4413 898 5257 437 6426 687 7615 914 8994 475 9228 32
3162 8 638 244 6220 769 7656 670 8854 745 8904 416 9408 119 9787 648 9899 433
3163 14 317 625 341 397 1526 173 2414 297 3076 303 3714 686 3729 600 4005 480 4916 436 5331 204 5784 915 5867 348 5974 292 9814 380
3164 3 1159 649 2511 879 9638 976
3165 6 299 176 1036 11 1090 578 1750 624 2446 233 4558 706
3166 10 13 906 1347 971 1609 743 1857 478 2248 433 3732 275 4609 112 5323 358 6888 84 6998 120
3167 4 2614 817 2618 455 2929 825 9510 834
3168 4 1667 413 4818 753 6714 154 8597 60
3169 12 956 923 1741 30 3627 925 4030 603 4264 176 5167 20 5561 812 5897 191 7992 9 9287 433 9402 166 9672 3
3170 6 2259 65 3512 405 4268 196 5503 793 5926 670 8375 913
3171 7 76 305 906 636 2559 131 7148 469 8548 434 9539 498 9928 890
3172 8 2596 4 3498 172 3556 721 4090 558 6216 401 8529 697 9128 48 9756 49
3173 3 2473 133 5845 357 7643 20
3174 9 174 11 3039 752 3284 697 4753 484 5218 573 5834 614 6117 643 8024 667 8979 415
3175 5 1641 735 1652 771 2899 787 5464 677 8684 258
3176 8 539 730 713 916 1030 592 5164 979 5542 920 7739 441 8717 675 9535 235
3177 10 1817 806 2296 594 3916 991 4215 989 4447 173 5622 705 6160 260 7285 857 7767 511 7891 145
3178 9 2555 791 4221 780 4770 87 5481 791 5533 308 6263 436 7852 147 8292 558 9052 134
3179 8 82 319 1287 345 3777 149 4040 886 4246 984 5426 429 7129 203 8547 60
3180 5 83 809 655 523 1365 408 9334 805 9832 391
3181 4 496 331 1561 464 1786 81 3865 276
3182 4 678 159 2550 726 2838 153 4965 370
3183 8 6 267 292 433 2095 163 3104 767 3407 299 5327 689 5535 326 8615 422
3184 7 172 718 737 893 2541 825 5081 504 6184 10 8568 532 9400 808
3185 10 293 513 758 716 1433 784 2513 463 4702 156 5021 525 6189 796 8145 732 8647 914 9429 912
3186 5 1373 147 4033 549 4888 640 4911 500 9476 891
3187 4 889 276 4086 823 4390 848 4767 718
3188 7 841 361 1960 869 2135 334 3879 181 4647 31 6550 264 6728 208
3189 6 1740 756 3873 646 5857 370 6580 22 7995 662 8699 936
3190 5 744 614 1332 893 5164 79 5476 364 9177 108
3191 6 2582 823 5236 153 5812 956 5984 819 7296 577 8907 686
3192 6 915 542 1553 586 1762 302 6958 968 9335 308 9784 560
3193 6 84 105 1328 411 2420 320 3683 982 8354 863 9596 196
3194 9 985 718 1950 486 2960 55 4189 319 6491 209 7177 129 8598 842 8933 534 9524 948
3195 2 1470 892 6477 148
3196 9 431 81 2169 625 4338 955 5112 408 6826 175 7260 533 7879 742 8078 957 9729 864
3197 6 420 893 1996 210 3338 462 5573 349 7214 527 8346 229
3198 7 1047 286 1838 61 2877 478 3945 80 4536 900 6976 31 9823 650
3199 4 1460 279 3938 195 4963 324 9833 907
3200 5 2267 331 2506 738 3839 508 3872 86 6855 913
3201 6 809 244 1540 732 2474 874 3418 111 8035 178 9242 335
3202 10 259 749 414 491 560 527 1241 83 1341 133 3220 32 4607 312 5050 507 5433 217 7793 403
3203 7 847 854 2254 211 5330 694 5680 234 5744 735 5800 147 7713 591
3204 3 910 394 3485 241 6764 515
3205 5 2327 252 3215 61 7855 441 8059 293 9802 692
3206 5 350 341 518 414 5281 811 6046 109 7661 129
3207 4 2501 399 3773 507 4306 873 4730 249
3208 7 930 329 2736 658 3755 854 4008 119 4149 204 6717 172 7264 611
3209 5 69 229 6143 120 6716 468 8063 285 8083 131
3210 3 513 401 994 924 3655 603
3211 5 21 555 2222 945 3544 620 3768 667 9479 49
3212 6 183 455 361 133 5380 227 8988 973 9146 334 9967 579
3213 7 538 345 804 644 2403 735 2539 961 6773 696 8892 511 9028 664
3214 5 393 163 1247 390 4096 958 6757 521 8031 638
3215 7 1766 213 3205 61 4518 732 5341 53 6467 291 7470 771 9202 429
3216 11 257 640 399 255 1269 322 1371 973 1879 1 3539 403 3828 647 6173 206 6207 653 6398 287 8316 857
3217 6 363 301 4501 674 5368 951 5457 395 7779 173 9870 997
3218 3 1090 818 1436 626 2473 906
3219 9 469 657 1251 748 4243 516 4896 245 5250 305 8516 890 8971 397 9630 770 9765 126
3220 10 312 808 2387 863 3202 32 3229 545 3588 140 4794 542 5875 568 6249 22 7180 58 8722 192
3221 2 3109 330 9661 138
3222 5 1253 42 2198 618 7089 600 7517 133 8883 149
3223 4 1998 571 2430 308 3103 633 8962 23
3224 8 324 632 2822 5 3128 572 3493 440 4389 124 4772 475 6386 602 9587 994
3225 5 881 187 1241 7 3706 337 4507 471 9927 759
3226 5 802 619 1359 977 3327 14 3679 379 7630 351
3227 4 2728 62 2801 262 4884 243 6028 578
3228 4 1276 832 2454 126 3666 980 6396 705
3229 5 2313 228 3220 545 7070 54 7388 636 9745 40
3230 9 101 528 331 705 800 588 3604 957 6527 15 6566 616 7422 59 7625 725 9388 752
3231 1 1801 541
3232 4 241 600 3567 250 8196 118 8688 863
3233 9 607 570 2095 857 2849 79 3705 791 5070 672 5641 62 5954 115 8185 461 8516 87
3234 4 2062 868 2745 172 4672 434 5251 122
3235 5 2795 376 4301 973 4510 878 9146 729 9387 977
3236 10 1431 805 2401 421 2562 554 4891 655 6021 850 6856 9 7366 959 7611 57 8070 372 8906 148
3237 5 352 235 2555 316 5633 606 6792 759 7010 666
3238 6 1077 621 3397 933 4223 488 4823 945 4987 98 9420 487
3239 3 1874 293 3718 333 7402 570
3240 8 907 826 2110 527 2175 224 3461 802 3894 890 4665 982 6891 343 8755 57
3241 6 38 980 323 723 3138 88 5135 131 8448 548 8540 463
3242 4 1964 750 2457 630 7291 476 7528 121
3243 5 1247 390 6432 730 6653 234 8758 368 9502 576
3244 5 1115 904 1716 831 6190 737 6725 460 7774 600
3245 7 895 131 1636 530 3005 5 7640 150 8477 247 9084 171 9096 915
3246 3 3055 891 3742 565 8709 954
3247 6 2033 233 4536 903 5586 490 8473 619 9522 495 9928 844
3248 10 521 87 759 618 1701 156 2655 108 3895 698 3959 309 5710 708 7224 748 7964 716 8979 438
3249 6 366 704 669 754 6652 657 8055 905 8136 16 9917 720
3250 7 4 975 1756 400 1874 729 2282 73 7060 505 7247 748 8921 173
3251 6 1976 926 2095 403 3496 684 5204 4 5308 692 5832 895
3252 5 585 399 4300 643 7374 915 7799 976 8132 615
3253 6 723 396 1865 892 2746 583 4125 599 5128 741 7086 249
3254 7 834 390 1515 618 2393 335 5415 135 5682 191 6374 252 7723 332
3255 10 770 12 1251 955 2055 777 3747 418 5574 414 6493 47 6732 127 7996 731 8562 940 8815 394
3256 7 734 203 2905 208 3908 384 4508 706 4907 549 5871 439 7844 276
3257 4 439 706 1998 853 2339 225 9914 987
3258 3 2945 333 4038 78 9613 763
3259 5 1340 820 3594 717 5796 354 6142 86 7143 522
3260 6 459 437 901 836 1655 632 3410 964 4403 184 4489 749
3261 3 777 675 5514 315 8013 909
3262 8 91 912 1973 451 3994 605 4419 925 4498 592 4764 676 5196 530 6062 662
3263 8 66 337 678 867 900 337 1014 591 2671 532 3290 939 5690 755 9749 799
3264 8 25 211 2062 586 2724 360 4272 529 5756 146 7086 221 7469 694 8035 941
3265 8 224 272 1568 365 2752 550 4810 205 5318 501 6123 255 8233 871 8360 901
3266 7 1783 842 2273 406 4563 609 7036 796 8302 91 8653 67 9941 676
3267 3 1684 958 4665 753 9885 162
3268 7 931 864 993 724 3536 291 3710 66 4198 357 4798 543 7906 63
3269 11 1456 458 2135 801 2148 307 4669 411 4879 339 6311 454 6707 704 7006 330 8441 845 8548 570 9585 676
3270 8 1488 867 1809 668 3903 839 4120 897 4314 573 5315 716 6588 78 7716 859
3271 5 1403 274 2271 429 5063 682 6119 998 6751 836
3272 7 663 393 1959 11 3390 250 3934 602 4157 958 6900 759 7084 790
3273 9 1858 7 2361 908 2568 818 2934 269 3309 20 4174 140 4573 404 5588 300 9751 585
3274 5 179 33 1080 788 3393 489 6139 78 8799 191
3275 6 80 344 279 93 1433 528 2179 877 3149 6 5457 56
3276 7 1261 879 1792 412 2673 581 4227 914 5485 210 5880 347 9778 931
3277 4 2499 773 2979 434 4965 314 5366 415
3278 6 1525 247 1828 467 3859 763 5810 396 7717 462 8244 91
3279 5 855 702 1196 497 4473 719 4575 326 9352 12
3280 8 1439 410 3035 929 5837 764 6188 244 7350 304 8982 826 9854 520 9951 85
3281 4 2147 823 2913 633 4872 892 9296 605
3282 7 2452 48 4171 331 4948 398 5454 153 6408 969 6459 416 7036 140
3283 5 1657 31 2849 283 5252 136 6027 227 9791 628
3284 4 1639 589 1836 185 3174 697 7883 583
3285 9 1767 990 2277 121 3478 314 3808 816 4186 595 5103 178 5481 663 5699 587 8840 420
3286 5 1615 645 1891 229 3091 827 3128 900 4361 458
3287 6 1533 593 1999 782 2685 790 3434 11 4937 753 5032 569
3288 5 1421 81 2587 854 5884 947 6636 744 8527 448
3289 3 1275 742 3708 5 7419 854
3290 5 2230 372 3263 939 3801 919 8778 655 9177 470
3291 5 2110 173 3502 375 4814 807 7110 20 8133 362
3292 8 1296 71 3984 700 4174 984 4498 845 4670 599 5748 511 6093 37 9953 326
3293 12 1509 437 1750 21 1782 104 1986 303 2847 660 4464 196 4569 224 4896 989 6547 311 7681 263 7911 67 8097 413
3294 6 1323 522 6243 438 7082 294 7238 233 8724 758 9710 989
3295 8 165 479 396 360 578 77 1039 708 2344 74 3357 383 3834 683 7056 55
3296 5 25 150 2925 622 5147 309 5227 576 6535 758
3297 6 262 448 476 196 1214 327 1638 987 4716 528 8248 444
3298 3 479 599 1288 181 4985 687
3299 6 328 617 1193 793 2071 406 3581 577 7037 968 7106 91
3300 5 2266 19 2498 782 4088 841 5679 923 7342 357
3301 2 668 460 4826 694
3302 8 42 624 3479 739 5053 592 5789 249 8559 66 8834 440 9251 470 9333 631
3303 8 528 7 3011 57 3154 138 4027 161 4402 930 5213 409 5354 888 7882 456
3304 3 1519 131 4142 450 5508 297
3305 5 476 578 2454 148 2582 519 4046 379 5707 1
3306 3 2185 229 6014 253 8329 646
3307 10 176 341 835 708 1643 590 2861 968 3808 929 4864 228 6396 148 6964 543 8645 254 9022 644
3308 3 366 19 2225 191 8244 596
3309 9 948 265 1446 812 2403 202 3007 99 3273 20 5127 123 6304 998 9152 492 9370 511
3310 6 191 781 559 692 2840 474 5000 954 6889 549 7690 916
3311 6 603 747 1332 362 3318 104 4293 64 6872 304 9741 85
3312 2 1052 26 7337 503
3313 10 370 561 585 179 1122 509 1592 368 6431 547 8199 34 8355 833 8682 228 8819 824 8840 154
3314 4 285 459 1896 369 4050 495 9618 889
3315 7 302 677 1384 502 2286 761 3935 66 6249 591 6566 785 9893 553
3316 4 2278 697 4992 923 8967 728 9756 606
3317 10 93 278 1361 271 2266 610 3124 111 3377 494 4032 568 8201 48 8280 540 9180 905 9341 886
3318 5 379 685 1045 177 3311 104 5482 660 8212 955
3319 9 2522 60 2652 479 3112 818 4335 13 4502 15 5009 238 5842 604 7403 215 8264 746
3320 7 1096 374 3900 226 4055 556 4222 649 4504 351 4807 772 9218 152
3321 10 764 647 1139 385 1997 551 2649 67 3066 88 4001 545 4079 890 5862 5 7623 236 7870 966
3322 2 1087 64 1976 498
3323 6 294 88 1411 795 1653 408 2817 643 4591 769 9193 718
3324 7 163 834 379 717 2077 626 2376 819 2722 283 7384 293 9806 967
3325 4 1539 492 2896 554 4632 236 6907 746
3326 8 1560 527 1705 230 2541 302 2741 200 3608 472 5368 754 7307 795 9580 812
3327 12 237 795 1692 515 2417 280 3003 531 3226 14 3589 27 4104 579 4319 494 4837 626 7523 108 9176 577 9218 64
3328 6 670 82 1984 53 4061 460 4763 66 9012 111 9548 487
3329 4 2520 638 3546 644 5005 950 5531 697
3330 4 2457 434 2736 837 5783 135 7357 859
3331 9 440 843 1119 405 1898 402 3754 448 4096 704 4411 867 5878 934 6505 197 8407 98
3332 3 1472 2 1967 686 4531 220
3333 10 927 163 2590 975 2604 963 3425 753 3660 286 4669 182 5737 806 6110 730 6671 361 9114 734
3334 8 661 190 2384 524 4180 393 8016 700 9617 211 9815 4 9951 263 9953 743
3335 7 625 582 5016 725 5840 78 6122 922 6241 54 8660 381 9112 715
3336 2 777 836 7847 909
3337 6 50 512 1320 145 1864 766 3041 421 8074 799 9640 749
3338 7 786 192 1646 999 3197 462 4679 992 6727 908 9229 961 9722 57
3339 6 526 662 2850 943 3100 848 3391 671 5109 288 7493 822
3340 6 1943 29 3576 464 3929 431 5166 437 6467 731 8208 632
3341 5 224 709 2820 816 5450 910 6933 118 9310 796
3342 9 769 113 1300 715 7081 235 7206 361 8174 643 9077 738 9358 66 9488 29 9950 953
3343 5 1769 195 2717 879 4559 664 6413 483 8657 369
3344 8 123 866 235 26 1681 31 3833 415 6070 661 7332 890 8409 826 9386 285
3345 8 1431 27 2588 258 3496 332 4136 130 6729 767 7325 864 8443 586 8617 310
3346 5 476 191 3383 276 3653 433 4853 277 9519 6
3347 8 678 245 1374 893 2091 403 2377 816 2723 708 3827 778 7505 894 9920 659
3348 5 144 880 1738 798 1893 705 1945 270 2483 273
3349 3 1206 625 4869 913 5081 444
3350 9 145 891 2099 778 3922 349 4585 739 5471 673 5669 54 5725 432 6273 293 8879 103
3351 8 1472 705 1569 102 2946 989 4080 195 4128 447 6559 604 7555 989 8363 789
3352 5 559 145 4272 589 4847 808 5743 290 9520 681
3353 2 2681 376 5086 32
3354 11 356 572 1523 300 2435 110 3034 802 4992 527 5527 940 5992 808 7877 240 8441 196 8788 244 9128 486
3355 8 948 801 3673 600 4658 65 5052 918 5514 575 5837 304 9405 624 9967 869
3356 8 1569 793 2859 279 3838 881 4604 237 5988 926 7010 957 7587 208 9783 925
3357 5 346 719 925 814 2828 792 3295 383 9025 869
3358 4 771 113 1905 193 5102 888 7719 847
3359 11 69 94 1576 237 1649 820 3657 170 3848 674 4897 551 4943 121 8265 698 8755 557 9086 64 9374 655
3360 7 313 883 2456 686 3869 738 5849 701 7164 942 8109 374 9930 683
3361 5 552 346 4254 741 7105 628 9395 694 9745 723
3362 4 1274 179 6646 670 7253 472 9835 184
3363 6 1491 461 4399 8 5761 548 5765 509 8368 200 8490 966
3364 3 684 513 845 79 952 789
3365 3 2179 131 5579 968 8587 566
3366 5 1736 28 5374 860 6730 612 7082 978 9892 843
3367 4 2149 252 4408 386 6424 31 6689 666
3368 5 209 765 2678 748 2746 632 2915 518 7057 403
3369 6 24 966 424 78 3798 509 6610 408 7604 113 9511 204
3370 7 551 723 965 269 2152 502 3391 743 4418 207 6342 99 6638 671
3371 6 460 382 593 404 770 885 5701 510 6786 567 9742 368
3372 2 2176 700 2675 715
3373 6 165 862 5986 975 6378 345 6749 175 7691 622 9918 816
3374 12 145 332 2324 76 2596 33 5941 904 6450 839 6568 952 6771 709 7013 591 7737 999 8689 780 9204 704 9795 560
3375 8 1973 574 2143 17 2239 891 5604 681 5968 891 6567 233 7768 619 8738 882
3376 5 314 109 3465 804 4617 990 6702 908 9387 590
3377 8 507 243 2536 670 3317 494 4477 633 4931 726 7229 775 8017 142 8751 601
3378 7 76 209 1779 283 2217 597 3997 523 7227 452 7623 761 9124 311
3379 4 60 379 2766 739 3505 149 5822 885
3380 6 1575 97 3969 535 7063 291 7191 754 9091 879 9365 414
3381 7 987 694 2885 963 3851 585 4294 830 5896 526 7249 563 9539 495
3382 5 574 642 3089 501 3968 871 6195 106 9434 328
3383 5 2278 18 3346 276 4282 527 6707 743 7432 600
3384 8 1128 910 1213 644 3132 886 3486 373 4043 193 4744 231 4930 130 8708 941
3385 2 2009 193 6033 256
3386 9 632 657 903 527 2305 581 2409 643 2847 557 3628 51 4199 409 4765 67 4917 450
3387 7 2325 142 3116 142 3404 705 3999 189 4011 776 6480 896 7636 678
3388 2 1102 828 9581 632
3389 5 165 539 6097 345 7346 10 7407 729 7934 472
3390 5 2797 773 3272 250 7349 354 8004 538 9073 138
3391 5 3339 671 3370 743 3564 781 3737 366 5209 9
3392 8 28 776 1487 113 2884 308 5771 799 6036 964 6782 136 9348 121 9353 25
3393 6 148 254 3274 489 3823 709 6920 48 7158 167 8949 609
3394 10 448 432 741 743 2869 206 3147 635 4284 708 4996 726 5531 349 5979 51 6718 280 8185 994
3395 5 502 75 1147 145 1523 718 3799 404 3999 104
3396 3 552 23 4100 829 5817 805
3397 6 1447 48 3238 933 3452 351 6338 185 6490 611 9407 892
3398 1 2852 664
3399 3 2 174 399 333 8228 279
3400 7 821 847 1502 801 3741 943 4886 977 4944 901 7981 848 8030 56
3401 3 2256 904 2926 833 7272 120
3402 7 716 978 2796 378 4063 98 4577 907 6926 356 7688 230 9155 708
3403 7 548 398 2064 370 4873 846 6012 179 6866 324 9370 290 9385 9
3404 5 683 935 2023 871 3387 705 5335 687 8706 279
3405 4 2283 45 3484 602 5299 354 7234 864
3406 2 2665 716 5178 859
3407 6 2649 265 2741 970 3183 299 4647 209 5781 627 6397 46
3408 3 592 72 1271 941 1816 110
3409 7 702 986 2806 121 4809 913 5951 106 6313 709 7338 852 8260 85
3410 7 174 887 1462 382 1736 645 3260 964 4017 353 4185 382 8585 905
3411 3 1565 599 2056 335 4402 29
3412 2 2567 271 7510 169
3413 6 1018 498 2293 593 2697 704 4679 599 4918 727 9450 466
3414 10 1718 926 2545 983 2660 784 3601 530 5074 62 5757 171 6559 660 7946 308 8658 686 8990 200
3415 5 395 733 3714 973 3864 153 7404 685 8178 258
3416 7 493 623 1527 462 3858 512 4790 284 5316 328 6551 965 7590 468
3417 8 1679 334 2213 702 2275 60 4372 442 5197 102 6445 779 6817 847 9044 312
3418 6 1580 668 2300 766 2729 833 3201 111 6442 177 6572 611
3419 8 226 711 1551 194 4335 478 6359 927 8384 441 8850 888 9085 429 9583 789
3420 9 2060 118 2477 172 2625 360 4138 710 6801 521 7128 801 9419 990 9568 103 9708 71
3421 1 2297 388
3422 4 535 621 7290 92 7742 193 8469 430
3423 8 1505 135 1728 671 3695 345 5718 465 5778 39 6228 152 7156 509 9649 578
3424 4 1782 212 4265 130 5001 557 5825 908
3425 7 3333 753 3572 816 3898 344 4947 724 6419 825 6815 154 7564 347
3426 8 735 335 1079 883 1448 447 1504 809 5503 724 7005 336 8328 686 9637 65
3427 6 289 177 534 266 1586 103 2540 513 4133 431 9516 24
3428 4 591 475 978 515 1427 825 4086 509
3429 5 1790 401 4025 13 4408 462 4470 675 8020 731
3430 3 1930 987 4338 955 6837 713
3431 5 1512 47 3468 734 5604 727 6143 765 8801 149
3432 9 610 30 1500 488 2255 220 5594 853 5638 66 7028 712 8133 867 8488 173 9852 553
3433 11 820 883 989 156 3488 670 4674 913 4703 267 4898 971 4971 478 5259 618 6247 932 6553 650 7824 772
3434 7 1052 752 1076 484 2821 811 3287 11 4792 790 4817 235 6246 991
3435 7 569 527 1657 41 1905 459 2577 262 3456 435 3737 589 9395 915
3436 6 1294 411 1587 808 1590 289 2430 661 3127 163 4568 162
3437 7 582 540 585 187 4010 308 4700 293 5141 195 5547 249 9061 112
3438 6 1119 517 1238 829 5816 229 6031 844 6162 575 6494 175
3439 6 339 128 585 561 679 983 2249 156 6306 244 8145 295
3440 3 1378 439 7884 794 8212 321
3441 6 1256 50 1917 352 2302 554 4780 24 6200 473 7419 35
3442 8 584 813 1306 614 1405 509 2254 17 2923 366 6480 985 8053 930 8966 289
3443 8 2956 169 3974 96 6585 808 6764 879 6937 773 8336 123 8440 38 8547 255
3444 5 374 446 1752 888 2205 744 3692 771 4140 398
3445 6 1482 230 1801 867 7418 788 7471 793 7808 919 8540 190
3446 8 2036 985 2064 43 5332 626 5381 536 7121 597 8207 998 8779 585 9576 202
3447 6 250 64 276 908 1096 765 3658 718 3971 387 8208 605
3448 5 2582 829 4415 49 7156 672 7920 135 9583 752
3449 8 81 527 1854 55 4559 74 6175 836 8307 134 8386 903 9088 263 9991 206
3450 8 1563 9 2746 334 3054 221 4433 235 5432 282 7063 29 8093 173 9020 234
3451 6 1784 520 1901 833 2887 758 4249 255 4374 191 7064 669
3452 9 1471 334 2934 710 3397 351 3579 192 4238 726 4692 861 8139 511 9062 63 9418 971
3453 8 73 396 770 654 1571 457 3815 80 4721 929 4758 365 5278 174 5830 853
3454 6 319 125 784 568 1789 885 1963 719 4483 918 5196 285
3455 5 583 153 2747 765 5831 987 6793 441 7374 181
3456 7 856 158 3435 435 3479 462 3529 456 5918 647 7408 787 8758 783
3457 2 1734 98 3767 309
3458 6 852 293 1904 332 3159 680 5069 324 7280 817 7282 845
3459 9 585 734 2383 572 2413 384 3745 454 4076 971 4739 34 8529 458 9198 411 9247 190
3460 8 1416 789 1628 984 2297 159 4621 938 5914 764 7067 66 8138 717 8524 578
3461 9 1118 546 2077 880 3128 960 3240 802 4549 471 6350 993 7514 253 8402 574 8989 904
3462 6 1584 728 2233 926 2579 586 2667 439 6245 897 6649 520
3463 3 58 756 2856 884 4215 735
3464 5 1437 796 1841 846 2554 876 2565 541 4920 128
3465 6 1489 329 2909 737 3376 804 4877 977 8589 479 8836 179
3466 8 588 548 1177 203 3111 244 5947 911 6670 332 7768 955 8651 564 9328 755
3467 5 2137 795 4982 123 6979 8 7376 526 7411 549
3468 10 1343 259 1501 746 2063 816 3431 734 4351 292 5006 888 5216 662 6265 896 7335 864 8874 412
3469 8 273 933 1101 51 1328 169 4340 853 5629 773 5667 365 7087 444 8721 465
3470 3 412 947 1097 974 8929 138
3471 7 71 731 1574 898 5312 888 6339 437 6849 518 6976 858 9114 829
3472 7 596 661 1470 672 3645 443 5369 554 6869 50 8329 539 9920 688
3473 3 2443 350 2723 734 8182 981
3474 6 225 266 393 979 442 498 1717 889 5101 379 7729 741
3475 11 914 175 1346 248 1729 175 2657 173 2688 916 3816 507 5400 456 6434 197 7313 687 7705 294 8366 535
3476 3 2688 618 6157 514 9219 450
3477 4 837 982 1319 756 7895 528 8912 193
3478 5 2208 565 2744 35 3285 314 4469 700 4547 418
3479 13 1787 964 2496 80 3302 739 3456 462 5243 894 6513 79 6717 68 7083 975 7166 190 7195 32 8016 356 8504 546 9989 527
3480 7 535 402 854 531 1963 367 2119 12 3531 41 5036 866 9808 505
3481 10 540 334 2231 720 3705 191 3752 601 4429 924 5489 817 6097 6 6579 66 7150 544 9690 385
3482 5 677 467 982 916 4726 804 4880 108 7760 639
3483 7 1622 629 2254 7 2375 359 4236 157 8368 810 9563 794 9900 611
3484 7 1583 403 1632 51 3405 602 6320 157 7579 579 8449 76 9360 342
3485 8 2510 566 3204 241 4381 863 4704 693 7183 7 8794 572 9514 405 9924 613
3486 6 137 841 1896 796 3384 373 4331 119 5041 66 8832 182
3487 4 1227 817 1496 293 9201 102 9259 724
3488 3 3433 670 5223 335 5810 461
3489 3 623 886 4497 550 7680 997
3490 5 1634 188 1661 269 2296 192 4796 989 5183 507
3491 5 1849 744 2878 122 4624 326 5423 742 7201 367
3492 5 514 173 1283 257 7274 194 8641 78 9108 524
3493 5 2133 545 3152 531 3224 440 3749 544 6871 578
3494 3 1248 858 2689 120 9577 768
3495 2 328 937 9087 167
3496 9 2366 738 3251 684 3345 332 4376 92 4767 651 6334 633 6787 389 8070 257 9098 448
3497 9 68 318 1094 117 2908 848 3732 91 4784 88 4855 397 6308 844 8035 709 9363 713
3498 8 365 562 414 957 3172 172 5064 459 5824 465 5982 244 6830 119 9421 603
3499 6 1724 802 1949 529 2328 842 6209 439 6726 53 6790 841
3500 4 3059 487 4520 486 7796 975 7965 452
3501 3 1064 277 1486 110 4568 704
3502 7 2746 391 3122 142 3291 375 3669 412 7017 723 9691 391 9782 821
3503 4 273 806 1211 288 4865 804 9743 537
3504 2 885 570 3730 682
3505 4 3089 764 3379 149 4372 158 6965 817
3506 7 720 872 1790 310 1903 967 5571 753 5639 448 6003 578 8881 531
3507 6 734 436 2924 619 2989 13 4737 979 6170 69 6777 349
3508 6 779 145 2038 45 2391 413 4288 144 6028 982 6656 220
3509 5 3088 796 4628 596 5311 381 6262 706 8251 712
3510 6 2059 720 4140 106 5418 346 5571 720 8131 5 8238 680
3511 3 213 808 5252 746 7719 186
3512 9 242 479 624 485 1135 446 2440 882 3170 405 6082 21 6208 275 6624 697 9962 571
3513 9 54 366 1035 213 1940 743 2535 679 3856 871 6802 25 7388 450 8440 26 9256 808
3514 5 99 378 1136 944 4680 720 4794 805 8769 946
3515 3 1229 791 5649 865 7566 885
3516 6 1277 137 3739 230 5342 407 6253 659 6302 963 9482 258
3517 5 2004 268 5105 830 5171 973 8115 618 9155 581
3518 2 1449 500 8998 378
3519 4 2246 9 5680 752 6977 380 8068 359
3520 10 22 63 2706 329 3746 100 4038 232 4266 757 5504 43 6648 609 7839 553 9538 591 9600 335
3521 8 117 506 772 54 775 859 894 464 4202 961 7535 93 8673 18 9162 976
3522 3 258 867 3965 30 8347 182
3523 6 627 959 1332 877 4643 756 6011 984 6753 719 9703 149
3524 8 384 865 1661 223 2550 539 6976 880 7009 396 7553 46 7983 327 8904 696
3525 6 2415 789 2439 501 4768 118 5494 107 6212 68 7832 480
3526 7 151 21 1756 236 4546 110 5066 140 7201 272 7770 673 8286 156
3527 4 2630 16 2932 197 7780 325 8830 255
3528 11 661 418 1217 766 1747 509 2862 852 3912 1 5996 48 7769 18 8189 623 8789 433 9271 98 9417 425
3529 7 1368 647 1494 81 2976 728 3456 456 4489 173 6135 647 8240 645
3530 6 19 985 2342 582 3956 818 4966 282 7715 362 9054 489
3531 7 1166 871 2516 864 3480 41 5079 764 6979 723 8818 409 9881 842
3532 5 1277 278 4169 579 4731 745 5472 783 8513 467
3533 7 741 145 6861 367 7016 617 9133 364 9583 736 9641 414 9986 624
3534 1 3027 629
3535 7 2726 34 4299 460 5225 70 5725 860 7739 519 7807 292 9023 754
3536 3 2771 949 3268 291 3640 158
3537 4 2262 207 2563 533 7031 651 8977 75
3538 4 2099 876 6240 671 8865 60 9904 418
3539 5 536 942 3216 403 4341 734 4399 865 8703 136
3540 4 1782 50 2792 181 6555 913 6750 12
3541 6 1306 972 3883 504 3912 578 5530 537 9208 187 9789 337
3542 4 579 584 6854 390 8876 387 9321 329
3543 10 264 420 1100 497 4565 505 5310 373 6811 295 6953 47 8141 93 8216 800 8467 374 9793 930
3544 5 1880 21 3211 620 7228 971 7766 572 9497 700
3545 4 2263 693 5534 466 6922 377 9188 533
3546 3 3329 644 5244 476 9912 980
3547 8 1399 296 2570 828 3036 81 3947 902 4058 565 6340 777 6441 730 8059 393
3548 10 173 834 747 843 2232 77 3998 574 4014 508 5631 793 7363 592 7481 718 8963 307 9606 355
3549 1 851 859
3550 4 1748 71 2576 68 3798 877 8850 323
3551 5 1847 995 2357 11 2879 179 4462 717 8612 950
3552 11 1033 347 1350 112 1515 176 2211 445 3132 398 3674 905 4374 770 5101 556 5427 850 5978 102 5997 743
3553 8 2788 283 3943 124 4820 798 4925 713 6001 520 7930 595 8549 637 9913 263
3554 5 336 173 5080 537 5741 454 9604 33 9668 522
3555 4 1638 299 2477 852 4620 721 4792 343
3556 6 12 61 741 140 3172 721 3840 730 6258 860 9529 447
3557 4 74 422 4245 369 4771 598 8353 566
3558 5 947 422 2524 423 4696 799 8471 229 8908 678
3559 3 1067 639 4068 196 6633 803
3560 4 1208 689 2085 24 3133 557 4836 676
3561 7 633 161 730 172 1426 237 1732 842 4223 345 7258 645 9429 78
3562 3 1848 616 3846 507 5157 30
3563 7 24 972 1256 56 4411 886 6817 52 7419 988 7533 544 8505 13
3564 4 252 280 938 191 3391 781 5211 886
3565 9 2774 771 3677 736 3967 609 4544 667 5131 25 6075 993 6790 453 7192 851 8442 14
3566 6 1632 23 2060 575 5623 325 6251 606 8587 654 8820 31
3567 8 1706 65 3232 250 4571 76 5654 933 6261 930 6520 181 7477 976 8042 165
3568 7 480 480 1376 961 4579 105 4646 503 4819 930 7932 601 8727 344
3569 5 1461 819 4620 963 4946 966 5546 737 7789 844
3570 6 360 259 2363 941 2844 974 4199 281 6601 448 9630 262
3571 4 425 467 4433 760 4885 336 6443 561
3572 5 2613 876 3425 816 3780 11 6722 428 8301 319
3573 8 2564 80 2873 830 3624 363 3807 813 4430 706 6763 144 6978 966 8478 130
3574 7 1041 37 1453 229 3043 761 5231 118 8924 704 8972 86 9008 220
3575 5 361 661 4189 792 4510 902 7850 181 7949 69
3576 10 1129 558 1484 882 2240 242 2859 950 3340 464 3840 309 4007 619 7079 529 7856 20 9094 874
3577 5 399 255 1353 200 2246 572 2307 621 8493 80
3578 5 1572 970 4538 826 6620 216 7859 817 8692 660
3579 5 457 935 3452 192 4118 274 4177 323 7322 448
3580 5 153 545 2203 869 4805 152 7140 851 7496 326
3581 5 1152 797 2189 441 3299 577 9372 201 9720 560
3582 10 1143 531 1949 36 4356 7 5191 222 5835 420 6674 451 7623 891 8327 995 9113 392 9199 637
3583 4 1279 553 2154 127 4152 686 5117 798
3584 6 41 29 3799 2 4501 321 5478 41 6381 282 6471 411
3585 7 1885 151 4138 34 5325 128 5327 778 6265 846 7349 616 7873 454
3586 7 131 700 720 713 1744 441 2806 982 4131 822 4261 105 9452 825
3587 4 3106 231 3978 403 5575 828 9763 501
3588 5 33 742 3220 140 3625 868 6153 686 7889 50
3589 5 2245 4 3327 27 6359 785 8572 661 9012 98
3590 8 958 106 3928 610 4571 783 4886 833 6926 281 8053 167 8279 961 8572 746
3591 4 182 581 805 839 3848 913 6724 235
3592 8 1234 995 2878 547 3036 706 3671 601 4248 158 6919 348 8685 206 9419 441
3593 5 2182 86 4854 707 5941 205 6777 884 7859 883
3594 10 1949 301 2860 981 3259 717 3727 187 4666 303 5550 186 5655 929 6979 540 7685 100 9551 697
3595 8 325 354 651 369 2011 850 4559 101 4734 54 8855 312 9474 891 9771 23
3596 10 161 643 748 524 5114 257 5593 140 5598 975 6065 30 6715 86 6918 935 7679 228 7804 535
3597 3 1890 714 4558 893 8844 535
3598 9 654 849 1652 870 3795 264 4586 467 5700 606 6037 555 6229 509 6401 83 6566 621
3599 6 1316 583 1433 187 1490 224 1639 508 4777 179 9067 119
3600 3 373 730 4037 374 8564 621
3601 8 486 264 790 926 2081 231 3414 530 3654 125 5357 642 6537 660 9692 46
3602 10 602 494 1200 288 3155 83 4049 131 6145 134 6152 40 7230 891 8696 3 9413 554 9594 366
3603 5 2540 946 5105 267 5348 80 6486 473 9238 821
3604 1 3230 957
3605 3 2143 573 2932 388 8570 568
3606 7 1641 845 1719 132 2375 540 5986 840 6140 966 7978 514 9645 615
3607 6 1905 667 2939 567 5335 830 5339 380 5612 797 9112 735
3608 7 3326 472 4888 618 5385 680 6053 645 6177 849 6990 323 8065 820
3609 6 1066 237 3070 531 4507 952 8129 720 8298 561 8390 726
3610 5 60 145 383 303 1042 224 2406 129 4344 337
3611 7 334 277 462 297 4457 837 5407 861 7115 664 7639 582 8718 796
3612 5 1647 31 2133 777 2584 701 4766 840 6165 663
3613 6 889 344 3005 725 3975 966 5940 648 9228 18 9796 22
3614 5 1879 676 2723 49 6050 624 9411 188 9680 598
3615 4 446 56 2043 139 6496 781 8554 107
3616 7 338 166 1473 603 2524 181 4120 19 4204 734 6599 250 9822 577
3617 3 2873 432 4959 655 9973 415
3618 3 161 702 2328 870 9892 659
3619 5 1133 190 1585 846 2072 27 6296 136 8091 189
3620 3 720 299 5530 490 8278 167
3621 3 1556 936 2156 364 6073 63
3622 4 1621 178 3953 656 4605 553 4796 281
3623 6 270 749 2037 767 4594 474 8195 975 8742 812 9065 863
3624 8 1226 232 1254 524 2337 487 3573 363 4381 689 5882 368 8581 776 9241 398
3625 4 212 776 3588 868 5743 950 7257 180
3626 4 2960 139 4678 472 6811 151 9839 892
3627 5 228 380 1489 363 3169 925 4469 342 4982 917
3628 4 610 60 3386 51 7485 392 8642 325
3629 7 835 534 867 69 1328 907 3775 366 4891 682 5940 577 6549 195
3630 5 1378 475 2212 535 3039 489 7104 167 9824 741
3631 8 1588 520 1610 109 1991 447 4405 651 7107 902 7418 126 8117 122 9112 252
3632 9 1890 93 2614 611 3723 11 3906 973 5261 693 5660 790 6815 698 7974 636 9050 665
3633 5 861 427 3951 675 4580 581 7170 561 7853 378
3634 6 1854 258 1891 296 2053 425 5460 731 5741 540 9081 682
3635 5 1053 513 4408 803 6311 863 7576 352 7785 205
3636 4 1323 593 1387 627 2303 703 8018 612
3637 8 1243 160 1459 831 2090 932 2221 241 4523 792 6033 103 7366 109 8390 339
3638 3 2764 835 4668 670 8077 114
3639 5 638 460 2777 183 6228 765 7919 594 8336 418
3640 2 3536 158 3843 935
3641 10 43 582 301 849 475 211 3819 428 3869 549 4825 52 6040 530 7079 249 7128 864 7191 896
3642 3 1132 87 1892 934 9954 376
3643 9 723 944 1748 683 1804 555 2223 568 5034 789 5266 739 5428 911 5894 484 8297 230
3644 4 562 747 2345 816 2438 423 7179 657
3645 9 2510 578 2665 464 3472 443 4051 522 4551 853 6383 87 6662 456 6857 958 7446 798
3646 6 148 937 279 399 2016 84 6682 97 8712 153 9961 487
3647 3 59 329 2931 545 4801 850
3648 5 3016 71 4095 790 4417 400 7402 708 9088 245
3649 8 1121 451 2393 65 2809 742 5895 353 6578 90 6855 155 9108 69 9551 276
3650 7 365 803 662 320 5664 183 8000 835 8437 676 8439 932 9129 445
3651 3 2895 78 6857 318 7398 682
3652 8 686 627 2233 199 2288 250 5768 351 6061 977 6262 717 7748 959 7946 274
3653 11 1003 349 1361 139 3346 433 3891 307 4178 205 4290 872 4533 278 5541 44 6957 380 9021 257 9230 128
3654 5 40 10 571 543 1058 457 3601 125 5418 147
3655 5 3210 603 8123 958 8175 543 8452 504 9813 226
3656 5 2740 288 4923 508 6397 195 7312 521 9929 718
3657 3 2452 129 3359 170 5784 414
3658 6 1140 27 2325 791 2438 586 3447 718 3955 39 7748 847
3659 8 840 884 2105 827 2446 879 5561 17 6019 597 7090 760 7437 378 8037 501
3660 6 3333 286 3881 675 4978 70 5768 844 6742 261 7854 77
3661 5 1571 355 8162 41 8465 219 9049 935 9798 273
3662 6 1754 759 3963 610 4789 22 5439 873 8266 435 8573 168
3663 4 2172 344 2611 271 4094 105 6511 278
3664 3 1418 88 6861 548 8288 122
3665 5 151 769 1896 87 4436 869 8752 585 9301 980
3666 5 793 611 2896 720 3228 980 7180 270 9630 215
3667 8 801 291 1184 371 1802 887 2395 820 4029 213 4745 270 7071 633 7320 577
3668 5 2023 953 5372 799 5697 633 6572 807 8529 337
3669 6 2087 305 2529 66 3085 745 3502 412 6142 961 7084 487
3670 6 401 631 2291 182 2885 354 2938 763 5102 576 7564 8
3671 9 155 309 2527 919 3592 601 4408 937 5442 396 7909 126 7989 911 8451 434 8978 53
3672 7 68 630 2187 182 2772 486 2831 742 4908 66 8873 115 9056 318
3673 7 1295 783 2383 518 2645 603 3355 600 5961 218 6223 984 8085 389
3674 9 375 255 2649 109 2957 444 3552 905 5985 253 7056 114 7795 619 8754 301 8852 249
3675 7 285 659 2579 629 4143 83 5240 874 5336 121 6918 66 9472 533
3676 4 2508 100 2645 751 4974 405 5512 248
3677 5 1589 567 1732 25 2432 634 3565 736 7350 735
3678 5 1571 956 4775 313 4843 289 5684 47 9706 518
3679 2 3226 379 6250 697
3680 8 238 461 1945 324 4367 488 5543 94 6256 282 6945 732 7947 561 9965 563
3681 4 1859 630 2481 765 6537 61 9134 620
3682 6 1680 856 1987 687 5078 982 5697 702 9301 847 9307 840
3683 2 112 3 3193 982
3684 5 465 432 1542 382 4335 186 6459 938 7940 610
3685 6 379 176 605 133 1782 960 2931 720 4848 619 5356 477
3686 7 54 973 386 342 919 148 1127 81 6440 48 8555 480 8926 340
3687 7 1122 22 2036 496 2333 611 3064 917 3922 299 6668 401 9173 625
3688 5 1542 674 2119 64 4359 962 7287 828 7833 752
3689 9 972 102 1832 132 2769 954 3830 797 4115 926 4156 633 8571 629 9104 93 9983 91
3690 4 391 120 650 372 6820 172 7353 240
3691 5 1068 627 2953 620 7871 755 8569 809 9009 171
3692 3 3087 733 3444 771 6506 964
3693 6 382 899 1277 535 4595 351 5120 723 5129 699 9921 288
3694 5 303 843 2372 739 3708 292 4324 867 5426 826
3695 4 3423 345 3798 818 8336 786 9099 446
3696 5 2223 201 2921 903 4999 362 5067 442 6087 82
3697 6 351 443 779 67 5132 329 5484 595 5932 123 6586 106
3698 4 2485 984 2667 191 2879 124 8058 829
3699 6 23 483 1111 804 4748 795 6173 582 8826 445 9034 703
3700 7 504 716 1786 935 2343 822 4961 55 4978 922 4985 971 9738 909
3701 4 721 963 6451 155 7618 6 9015 744
3702 7 1666 347 2265 546 3000 852 7772 55 7936 214 8510 704 8823 127
3703 9 390 278 748 827 1446 422 1905 476 6264 70 7072 646 8593 117 9232 319 9786 692
3704 5 2634 728 4104 27 6470 596 6679 194 8925 787
3705 9 2176 458 3141 508 3233 791 3481 191 5365 194 5726 921 5762 438 7012 132 8301 367
3706 4 689 487 1882 843 3225 337 5019 392
3707 9 832 531 2695 671 4054 769 4260 452 7078 338 8897 444 9289 8 9474 799 9852 454
3708 5 2026 352 3289 5 3694 292 4903 244 8162 825
3709 5 733 990 7237 518 8238 326 8427 564 9589 568
3710 6 242 679 1584 675 2931 105 3268 66 5584 313 9480 741
3711 5 1142 694 2931 256 4595 156 6332 586 7056 103
3712 7 1575 959 2548 147 2940 235 4428 231 4830 386 5597 399 7960 196
3713 8 1030 9 1435 652 1552 617 4130 606 4611 263 5343 392 9432 974 9620 801
3714 4 2049 737 3163 686 3415 973 8309 578
3715 4 1135 577 4933 590 8069 465 8416 925
3716 7 99 981 388 947 1380 551 3118 557 7927 237 9356 901 9635 100
3717 6 2778 146 4119 66 5333 992 5748 909 6109 885 7493 921
3718 6 1573 684 3239 333 4821 119 7242 712 8551 859 8718 411
3719 8 312 878 536 808 4970 52 5441 717 6949 343 7972 640 8096 153 9751 411
3720 4 1972 685 4187 526 8659 891 9424 651
3721 6 531 766 2451 104 5334 224 6878 520 7096 634 9754 472
3722 6 532 934 891 557 3012 990 5718 86 6947 242 9592 135
3723 6 387 335 3632 11 4112 916 4991 750 5609 15 9529 910
3724 5 768 66 2630 584 3852 360 4655 44 7878 312
3725 8 825 31 5020 726 5122 168 7520 254 7751 394 8589 799 9102 278 9999 795
3726 10 581 253 1611 260 2381 484 2483 822 2956 588 4681 550 9188 526 9531 718 9748 183 9852 753
3727 5 1784 563 2432 59 3594 187 5468 561 5745 671
3728 5 1994 660 5634 459 7430 581 7825 473 9430 377
3729 9 707 941 1005 83 1728 617 3163 600 4752 269 5389 14 6974 955 9221 580 9593 251
3730 7 43 584 668 845 1971 766 2262 990 3504 682 6277 56 6715 81
3731 7 559 413 883 331 2952 392 4599 901 5912 678 8422 157 8492 646
3732 7 2110 931 3166 275 3497 91 4258 255 4959 856 9088 833 9746 540
3733 9 120 490 331 549 801 345 3764 913 4675 342 5801 334 7705 128 8511 575 9466 595
3734 3 2586 338 3033 135 7112 588
3735 3 2057 352 5740 706 7174 94
3736 4 3109 263 4782 799 6633 934 9359 777
3737 7 3391 366 3435 589 3941 648 4839 882 5670 871 5944 285 6932 445
3738 9 650 517 927 495 2627 918 5216 858 5931 117 6283 531 8275 920 9057 26 9573 737
3739 5 3516 230 7225 929 8552 942 9534 796 9771 431
3740 4 9 384 1299 611 2142 761 8620 378
3741 10 713 292 835 471 2391 817 2934 810 3400 943 3782 667 4616 372 5482 659 5723 312 9277 7
3742 2 3246 565 3942 212
3743 11 2409 214 2868 996 3842 182 4702 96 5065 369 5637 964 6034 84 6580 957 6604 782 7746 682 9297 451
3744 9 33 274 2337 70 2911 17 4560 535 5000 800 5839 864 7077 951 7850 521 8518 625
3745 12 1342 88 2372 61 3459 454 4259 622 5362 643 6699 753 8235 985 8315 541 9102 300 9300 424 9469 221 9893 946
3746 6 1722 17 3520 100 3867 254 4668 500 6686 306 7589 655
3747 3 389 613 3080 845 3255 418
3748 4 1719 78 2787 788 5517 314 6899 559
3749 8 709 164 2731 9 3493 544 3821 162 4573 74 4956 874 5636 163 7920 841
3750 6 2554 566 4226 429 7455 369 7886 477 8604 800 9163 567
3751 10 2253 470 2266 722 3822 214 4453 894 4913 758 7007 484 7078 278 8103 809 8434 64 9392 9
3752 13 765 192 863 650 1348 273 3153 369 3481 601 3862 635 3876 597 4103 330 4999 942 5812 873 5903 736 7796 608 8360 545
3753 4 2756 883 4661 472 9525 910 9862 905
3754 7 481 64 900 117 2557 191 3331 448 4734 649 7221 638 7286 243
3755 10 572 716 1144 337 2652 18 3208 854 6332 676 7207 463 8249 851 9046 396 9615 798 9908 247
3756 6 3056 8 5087 781 6163 350 6692 545 7017 447 7395 854
3757 10 369 838 640 838 3801 121 4501 198 7767 532 8218 641 8655 690 9628 636 9723 937 9816 872
3758 3 870 182 5644 887 9134 192
3759 5 358 33 1458 734 4052 170 6660 660 8739 203
3760 4 240 797 422 132 4892 64 9859 18
3761 4 2896 85 3881 980 9236 740 9817 637
3762 9 215 419 863 34 1288 697 3910 448 6622 50 6659 588 7391 298 9247 9 9830 453
3763 8 984 968 2678 335 7298 106 7873 626 8515 251 9167 773 9535 232 9945 622
3764 9 949 599 1097 135 2044 748 3733 913 4075 599 4273 940 5292 695 6874 733 7014 728
3765 4 1848 43 1894 242 3830 311 5794 379
3766 7 38 478 149 178 5125 774 6235 621 7942 133 8832 650 9973 503
3767 6 270 538 3457 309 4631 248 5245 700 8493 515 8866 460
3768 9 1259 996 1912 335 2967 657 3211 667 3884 753 4453 107 4721 757 7678 847 8430 349
3769 4 526 489 802 991 2284 107 2522 528
3770 6 283 671 2496 932 4555 6 5960 927 6604 732 7715 545
3771 9 382 718 1852 518 2053 683 2995 14 7635 750 8110 926 8300 563 8373 738 9334 460
3772 6 2506 504 2714 818 3112 377 8585 582 9019 375 9273 791
3773 8 667 802 2897 141 3207 507 5138 161 5349 849 7370 354 7955 655 8044 917
3774 9 144 202 674 267 690 190 2829 648 4255 778 6841 181 6914 601 7500 157 7803 361
3775 6 3629 366 3928 399 5809 383 7504 449 8288 943 9931 135
3776 5 393 38 995 360 2534 668 6317 58 6871 637
3777 4 2590 343 3179 149 6785 37 8918 552
3778 7 1021 219 1073 9 1671 821 2538 527 2986 861 4662 927 6590 21
3779 5 540 339 1756 663 4427 473 4504 732 5693 524
3780 5 2453 587 3572 11 4993 270 6244 63 7586 433
3781 4 2284 757 3098 287 4874 33 5108 368
3782 10 2834 101 3139 746 3741 667 5258 708 5377 660 5548 634 6836 533 8122 233 8572 318 9184 110
3783 7 621 456 1322 383 1351 59 2804 73 4128 645 5660 437 6025 280
3784 6 675 888 1181 207 1204 591 2492 736 4957 749 6628 415
3785 6 1939 155 3047 147 3901 821 5666 75 6295 635 8848 795
3786 7 2289 540 4283 581 5055 736 5431 780 6649 533 7343 90 8094 138
3787 5 1317 964 3082 164 3157 282 4251 60 7222 828
3788 5 459 685 4388 644 7467 352 7616 812 8750 112
3789 6 223 158 899 198 2341 234 2978 303 4659 902 7838 77
3790 6 1399 406 4086 100 5155 794 5710 517 7823 39 8991 510
3791 4 51 264 5090 622 6318 406 8941 226
3792 4 2013 424 4342 760 8458 578 8924 755
3793 3 663 800 3823 386 3870 176
3794 3 777 585 4096 897 6007 679
3795 4 2877 903 3598 264 5063 682 5242 924
3796 5 2025 265 2811 774 4433 386 5646 94 9718 21
3797 4 1408 467 5329 168 6418 217 8527 56
3798 8 3369 509 3550 877 3695 818 3807 429 4267 440 4519 579 9209 664 9276 185
3799 4 2849 216 3395 404 3584 2 5066 688
3800 3 2039 172 4307 779 4750 368
3801 6 1168 197 1673 121 3290 919 3757 121 3915 182 4604 999
3802 7 2999 369 3887 910 4079 788 6020 943 6786 931 7873 188 9582 338
3803 6 2103 533 2385 37 4125 634 6335 428 7430 71 9074 820
3804 6 994 864 1226 101 1988 810 5138 228 6386 508 8687 209
3805 4 1329 788 3075 656 4344 607 7590 427
3806 8 736 687 843 880 1238 165 3837 525 4551 282 4908 55 5873 593 9978 314
3807 9 680 605 1498 383 3573 813 3798 429 5801 955 7668 446 9091 757 9265 324 9426 731
3808 6 1258 912 2893 445 3285 816 3307 929 4891 474 9554 356
3809 7 50 586 1336 841 5955 782 6280 495 7702 883 8452 633 9866 50
3810 3 490 866 4514 182 7410 254
3811 6 2200 83 5378 425 6634 185 6892 630 7086 589 8788 528
3812 7 1851 695 2424 834 3914 86 5758 110 8853 893 9135 662 9691 58
3813 4 157 298 2959 318 6166 76 9871 448
3814 1 2620 801
3815 9 20 433 1471 835 3453 80 4504 709 6183 889 7598 981 7994 960 8267 634 8527 742
3816 7 130 136 1245 678 3475 507 4031 489 4281 136 4581 423 8343 978
3817 6 1401 668 4818 987 5714 716 8011 482 8336 272 9739 992
3818 6 245 792 941 125 2072 499 4463 659 4656 691 5396 983
3819 6 2595 222 3641 428 4661 842 6310 578 7570 688 8613 568
3820 4 752 951 1395 577 4759 456 9650 705
3821 8 1181 965 3749 162 5413 997 6038 37 6875 452 7071 602 7326 745 7730 902
3822 6 2885 480 3751 214 3929 733 4693 260 6648 589 7305 939
3823 10 315 830 2823 5 3393 709 3793 386 4689 876 5971 762 6176 131 7130 607 7482 908 7539 903
3824 9 744 440 945 314 1585 290 1777 170 3086 584 4092 480 4896 52 5840 714 8333 463
3825 9 848 82 1143 27 1592 789 4849 577 5658 511 5774 141 6264 763 8981 554 9768 439
3826 7 727 264 2398 496 3957 349 4484 875 5204 896 7553 293 8469 120
3827 10 1319 634 1653 192 1971 64 3347 778 3945 46 3970 72 7457 778 8087 987 8625 519 8812 702
3828 2 3216 647 3889 364
3829 5 231 453 598 762 831 8 1964 762 7041 732
3830 11 2003 423 3689 797 3765 311 4077 212 5301 84 6817 877 7494 758 7826 534 8605 570 8803 881 8909 327
3831 10 427 933 1285 330 1474 286 1827 526 2533 498 3945 6 5837 895 5883 663 6431 348 9450 728
3832 3 764 747 1840 275 3942 23
3833 6 1088 399 3344 415 6342 350 6665 477 6903 563 9961 795
3834 6 1612 380 3128 940 3295 683 5295 85 5874 901 9925 417
3835 6 1751 775 4275 285 4768 462 4950 558 5470 986 9546 949
3836 4 1901 992 2297 816 7159 268 7439 969
3837 5 3806 525 4025 646 4716 100 6298 659 7771 762
3838 8 221 424 1375 992 3046 149 3356 881 4257 224 5397 819 9594 751 9627 863
3839 7 1132 467 2861 389 3200 508 4399 286 4491 874 4604 162 9286 835
3840 5 1094 605 3556 730 3576 309 4461 565 9440 253
3841 8 47 636 1996 231 2110 813 2832 564 4846 567 8002 363 9339 619 9801 261
3842 7 1841 49 1980 207 3031 1 3743 182 5317 855 5973 842 6641 190
3843 6 34 16 2289 905 2976 508 3640 935 3897 126 6034 883
3844 6 189 995 5005 71 6655 363 7149 593 7231 330 9205 682
3845 10 750 436 1617 663 1787 574 2947 824 4027 340 4225 451 4715 241 4967 717 6843 443 9879 686
3846 8 221 463 2332 977 3562 507 4490 547 5661 657 6240 442 6760 852 7667 390
3847 4 1587 423 1735 540 2384 72 8928 396
3848 7 3 486 1617 531 2229 82 3359 674 3591 913 8388 25 8498 256
3849 6 422 117 2522 604 3098 135 5286 63 6974 974 8674 76
3850 5 2351 212 4590 736 6143 466 7423 643 8654 995
3851 8 678 979 1540 395 2318 560 3381 585 7304 991 8662 335 9310 977 9872 659
3852 7 422 51 1112 879 2846 394 3724 360 6080 706 8363 599 9593 501
3853 8 528 69 1373 571 2413 841 4377 414 6607 178 7639 613 9050 153 9173 337
3854 9 1261 781 2569 902 2941 33 4205 579 4295 599 4409 589 5427 530 6179 32 9589 99
3855 3 2509 304 5208 399 9007 225
3856 9 2168 667 3513 871 4787 237 5175 154 5186 40 5870 762 8397 563 8482 538 9671 836
3857 6 504 736 4481 817 6258 96 9202 545 9309 8 9510 40
3858 6 3416 512 4935 475 5760 933 6394 612 7090 389 8615 269
3859 5 595 867 636 398 3278 763 6327 4 6481 38
3860 6 790 659 2635 727 6102 266 6725 928 7178 306 9883 829
3861 5 2135 107 5762 894 5869 779 6277 357 8274 885
3862 8 2 266 601 750 3752 635 4019 187 4722 280 5086 370 6597 788 9213 997
3863 6 1458 30 1733 696 2666 908 3880 929 4494 506 7490 26
3864 5 2040 459 3415 153 5746 523 6562 680 8574 497
3865 10 328 847 2996 589 3181 276 5224 432 5384 445 5546 906 7382 539 7675 342 8436 578 9284 475
3866 7 537 577 1495 591 2990 894 5201 661 5455 4 6861 979 9193 42
3867 6 1756 339 1893 337 1967 570 2757 656 3746 254 8633 927
3868 8 2737 793 3971 928 6446 211 6870 267 7141 899 7146 332 8458 801 9264 384
3869 8 375 786 1996 293 2002 876 3360 738 3641 549 5015 946 6556 445 6965 160
3870 6 2282 769 3793 176 9043 205 9214 613 9659 974 9684 727
3871 3 2195 5 7026 9 7122 707
3872 6 214 173 3200 86 3947 409 8070 157 8199 718 9819 927
3873 9 512 515 1681 235 3189 646 4254 699 4644 7 6008 617 6645 908 6760 174 9567 594
3874 6 216 954 849 945 2524 917 4833 912 6635 458 9203 161
3875 5 822 368 1905 631 2511 130 4044 416 5908 797
3876 5 1131 846 3752 597 8228 195 8780 377 9409 792
3877 6 217 691 2414 106 2512 106 4409 900 4562 411 4800 630
3878 2 47 394 1400 276
3879 7 2934 264 3188 181 3977 580 4706 691 4893 880 5972 758 9436 57
3880 3 3863 929 7252 575 8620 770
3881 7 1666 160 3660 675 3761 980 6621 230 8873 854 9362 185 9740 707
3882 5 3138 861 3992 392 4414 481 6766 260 9252 585
3883 9 1197 238 1594 815 2236 523 3541 504 3952 155 6737 986 7114 818 7335 807 8325 726
3884 6 931 542 2076 220 3768 753 6084 299 6159 780 9065 975
3885 6 676 372 2807 354 4890 622 6282 270 6507 677 8784 297
3886 10 1295 585 1313 332 3934 529 3985 801 5737 87 7662 976 8423 778 8444 337 8481 718 9507 391
3887 4 2171 572 3802 910 4479 869 6747 767
3888 2 1627 773 9202 984
3889 7 1977 770 2573 218 3828 364 4522 590 6415 881 7764 241 8411 869
3890 5 2735 698 2807 723 7488 597 8677 364 8855 543
3891 6 1026 822 3089 972 3653 307 4186 213 5076 327 6651 267
3892 3 2034 495 4072 794 5920 240
3893 4 320 602 2996 434 7675 556 7825 335
3894 6 3240 890 6250 23 7146 139 7954 138 9127 807 9455 611
3895 3 3248 698 4477 182 7825 46
3896 8 961 994 1609 695 1664 618 2175 483 4154 781 4247 68 4293 542 8369 933
3897 3 3843 126 6094 929 6744 93
3898 6 1104 349 2582 882 3425 344 7355 206 7709 464 7887 342
3899 5 901 77 2801 573 4189 596 6306 918 8795 856
3900 6 2932 475 3320 226 5098 180 5118 724 9374 982 9904 422
3901 6 22 987 2584 800 3785 821 5147 702 6364 86 8108 779
3902 4 1960 912 3129 827 7832 732 9136 507
3903 8 1008 890 2467 446 3270 839 4477 486 5298 85 7206 250 9172 143 9472 210
3904 7 1353 196 2267 286 5277 658 6921 103 7008 15 7212 818 8312 496
3905 10 1015 4 1028 54 2447 73 2668 689 2984 608 5356 3 5459 662 6117 766 8348 750 9501 361
3906 3 3632 973 4886 99 7763 396
3907 7 1302 422 2486 927 2576 956 2613 163 6344 281 7864 40 9444 949
3908 9 2620 988 3087 289 3256 384 5478 811 6599 870 7772 192 8326 980 8994 365 9060 100
3909 5 198 550 4360 58 7083 534 9220 442 9263 534
3910 9 1179 800 1508 852 1979 642 2372 763 2809 732 3762 448 5734 525 8494 280 9941 466
3911 2 2885 970 5291 246
3912 5 3528 1 3541 578 4268 483 7077 935 7556 364
3913 7 712 287 928 280 1813 595 4678 202 5917 993 8830 241 9328 816
3914 10 270 151 498 310 1259 346 1643 813 3812 86 6245 988 6744 45 7230 304 7282 878 8268 368
3915 6 2056 728 2766 665 3801 182 4629 803 5358 718 9076 33
3916 10 1706 662 2803 694 3177 991 4071 874 4354 440 4489 238 4547 768 5490 796 7720 284 9113 503
3917 3 2929 530 6167 485 8101 967
3918 6 1176 700 1210 106 3925 529 4553 847 6309 400 8123 642
3919 4 187 904 500 738 6535 588 8037 767
3920 5 331 275 4309 608 7667 51 8069 134 8859 6
3921 5 2914 405 5887 463 6606 46 8166 593 9003 959
3922 8 2389 896 3022 356 3350 349 3687 299 5048 906 5408 456 7906 958 8433 481
3923 4 2263 931 6739 669 7206 222 8405 972
3924 3 1152 201 5178 599 7015 650
3925 3 3918 529 4576 917 8815 304
3926 8 863 644 1663 73 2991 719 3092 173 5861 884 7634 157 9438 488 9916 710
3927 8 88 344 479 212 673 640 1043 530 1602 768 2733 449 4427 919 8525 466
3928 7 2053 730 3089 135 3590 610 3775 399 8015 554 8535 331 9662 269
3929 7 2819 484 3136 993 3340 431 3822 733 6114 744 6363 615 6653 556
3930 9 440 805 693 752 1342 201 2944 367 4105 926 4815 854 4840 344 6172 249 7858 214
3931 6 1023 753 1851 640 1917 153 5986 714 7004 445 8345 377
3932 11 419 336 943 738 992 692 2461 162 4668 406 5256 674 5613 341 6568 898 7448 755 7576 867 7711 221
3933 4 2053 191 9019 520 9399 969 9822 783
3934 6 3272 602 3886 529 6402 202 7418 722 8135 563 8256 847
3935 11 299 135 2165 353 3315 66 4070 891 4094 74 4456 552 7192 555 7446 165 9009 904 9391 816 9673 446
3936 8 680 335 2646 381 3979 454 6037 920 7600 961 8652 270 8831 493 9961 169
3937 5 1424 735 1820 107 2651 969 6977 19 7036 711
3938 5 425 823 1079 982 2067 169 3199 195 9985 446
3939 8 189 939 2350 107 4059 786 4536 91 6519 880 6823 958 7393 551 8735 12
3940 4 163 854 1270 753 2665 243 7440 808
3941 7 1617 494 1697 599 3737 648 4284 309 4733 339 7481 308 8516 56
3942 8 1496 819 3742 212 3832 23 4779 886 7190 253 7629 534 7828 900 8120 311
3943 5 2366 672 2809 16 3553 124 7200 404 9100 947
3944 3 1954 718 4666 744 9807 938
3945 5 3198 80 3827 46 3831 6 7843 183 9542 876
3946 7 748 536 1118 475 1629 301 4016 174 5100 801 5939 407 8226 904
3947 8 1784 267 2431 530 3547 902 3872 409 4805 601 4947 656 8496 33 8800 268
3948 5 939 880 2129 118 5948 382 6763 91 7842 429
3949 6 493 362 3995 285 5201 806 5564 85 8277 736 9774 118
3950 4 709 979 4155 192 6341 770 9348 135
3951 6 270 7 3633 675 3965 688 6500 770 9486 636 9499 370
3952 9 2758 317 3883 155 4452 682 4908 239 5214 677 7464 905 7642 691 8323 108 8485 689
3953 8 885 970 3622 656 4172 222 4971 883 5817 883 6518 349 7846 854 8512 883
3954 8 323 939 3013 646 6094 595 6237 984 8602 70 9101 795 9435 838 9641 745
3955 4 3658 39 4182 388 5292 293 7384 424
3956 5 1317 642 1415 349 3530 818 9072 954 9927 905
3957 1 3826 349
3958 5 98 571 361 557 4606 589 4823 459 7206 742
3959 8 224 474 589 469 2088 808 3248 309 5301 863 6366 139 8375 908 9848 797
3960 3 106 843 2021 568 4597 617
3961 4 468 552 1062 734 1823 997 7352 586
3962 4 295 130 1935 453 6887 130 8649 254
3963 5 2422 343 2599 447 3662 610 5302 487 8887 299
3964 3 379 346 4709 99 5702 226
3965 6 1255 138 3522 30 3951 688 5175 585 6023 961 7962 749
3966 6 2031 423 2922 172 4851 429 5039 550 6637 189 7433 329
3967 5 3565 609 5846 627 5875 319 7446 514 8290 377
3968 9 468 850 2132 443 3382 871 4178 915 4747 379 4978 168 6358 62 7564 273 7916 477
3969 7 378 248 1767 84 2881 659 3064 582 3073 517 3380 535 4845 16
3970 6 733 48 3827 72 6019 315 6313 258 6830 703 7602 178
3971 4 3447 387 3868 928 8707 984 9292 211
3972 1 2503 704
3973 10 397 663 443 111 455 118 612 48 774 790 1775 740 2550 199 2560 730 6467 942 7709 467
3974 6 2882 46 3443 96 5842 573 6177 981 6426 200 9314 653
3975 10 245 359 1017 293 1118 808 1168 832 3066 143 3613 966 4197 194 7987 167 8381 10 9356 478
3976 3 1710 3 2617 64 7693 535
3977 6 2744 983 3879 580 4090 599 4188 237 6390 317 9168 462
3978 8 136 512 559 247 3587 403 4294 85 4350 423 4665 613 6990 622 9886 264
3979 9 1586 229 2865 615 3936 454 4336 18 5286 521 5386 433 5945 746 7596 34 8835 69
3980 5 803 141 2288 919 4599 873 5799 886 6541 113
3981 10 653 328 1968 400 2053 833 2316 636 4455 955 5911 197 6703 358 7292 872 8103 706 8741 577
3982 7 433 482 495 589 1569 827 1916 64 2146 822 3032 873 8110 413
3983 4 564 601 5107 232 6707 388 9461 203
3984 5 3292 700 4725 579 4818 673 4925 245 8291 481
3985 8 217 559 313 533 1746 667 3886 801 4549 236 5790 48 8702 173 8825 453
3986 4 465 481 2958 832 4342 647 6208 24
3987 4 1876 607 5841 859 6135 696 7800 660
3988 4 1733 703 4774 94 5400 800 8236 827
3989 7 1043 976 5890 60 6413 215 7558 64 7619 956 9537 789 9893 602
3990 3 2747 517 2790 904 9835 514
3991 6 940 780 1661 202 2561 349 5596 71 8097 997 9698 521
3992 3 3882 392 6216 465 6816 645
3993 4 1602 279 1758 446 4912 349 5235 883
3994 9 332 497 2345 783 2412 742 3262 605 4048 76 4220 791 5344 155 6432 951 6847 775
3995 6 3151 542 3949 285 5557 656 5683 735 7070 903 7317 379
3996 5 2586 752 6125 484 6696 988 6914 858 8640 816
3997 6 1087 538 2095 430 2273 530 3115 544 3378 523 6981 552
3998 9 148 314 308 987 2083 179 3548 574 4100 585 5667 571 7137 501 8915 967 9271 980
3999 7 583 465 799 502 3387 189 3395 104 5238 969 6224 11 6809 533
4000 9 728 96 991 430 2027 35 4678 380 4873 831 6788 425 6905 38 6930 178 9968 252
4001 7 736 313 2317 876 2354 1000 3058 581 3321 545 4261 749 6589 512
4002 3 733 258 2227 924 5765 510
4003 6 748 457 1182 833 1590 512 1623 462 5467 389 9801 979
4004 6 78 838 406 615 4022 577 4034 509 4518 308 5682 872
4005 7 1460 106 2193 880 2665 866 3163 480 5995 665 7349 387 8216 885
4006 4 1771 519 4287 15 8263 562 9764 729
4007 3 1753 788 3576 619 6256 690
4008 6 3072 388 3208 119 5590 396 6528 526 6589 935 7863 887
4009 5 286 212 679 388 2683 720 8208 840 9514 379
4010 6 469 783 599 819 2497 309 3437 308 5108 817 6794 375
4011 5 3387 776 5807 451 5989 191 8426 450 9671 633
4012 1 828 787
4013 10 952 238 1237 33 1604 726 1913 9 4635 646 4754 245 6597 321 6751 689 6955 314 7113 980
4014 8 657 120 721 348 909 805 1784 878 3113 604 3548 508 5866 760 6699 331
4015 8 97 83 800 140 942 151 1260 497 4729 908 6187 622 9283 53 9863 505
4016 7 1075 170 2537 151 3946 174 4238 801 8400 488 8731 68 9485 410
4017 6 401 829 3410 353 4130 619 6202 162 6275 985 7412 991
4018 4 2114 95 4184 127 5716 528 6058 43
4019 7 1118 146 1326 172 2064 342 2256 13 2681 24 3862 187 6016 601
4020 6 1011 14 1247 684 2393 855 5021 112 7506 325 8619 945
4021 7 262 881 1839 46 2667 497 4200 875 4564 370 5520 984 8057 432
4022 7 2298 795 2484 739 4004 577 5070 52 5437 996 6182 563 9760 828
4023 7 141 474 1868 533 4889 837 5372 158 5503 695 7426 291 9783 817
4024 6 211 514 2438 444 4826 77 6495 737 8888 97 9365 784
4025 7 367 294 407 111 2686 707 3429 13 3837 646 6079 458 6903 460
4026 8 2215 388 2753 723 4806 723 4811 107 6666 332 7220 388 7947 583 9465 430
4027 7 1669 52 3303 161 3845 340 4040 247 6567 309 6942 249 7245 980
4028 8 40 946 939 420 1065 560 2312 679 5076 478 7045 622 8665 30 9353 138
4029 7 1880 970 2434 358 3667 213 4317 331 4988 863 8939 325 9881 458
4030 7 956 713 2713 354 3169 603 4350 802 4598 932 7062 120 8740 832
4031 13 509 612 564 471 2190 973 3816 489 4313 537 4649 816 5374 887 5729 49 5966 266 6111 706 6616 415 8387 446 8586 142
4032 9 508 2 767 958 3317 568 4061 878 4656 18 5492 488 6098 480 7289 168 9908 253
4033 4 3186 549 5145 417 5474 319 6663 8
4034 3 1144 831 4004 509 5507 154
4035 4 466 466 586 692 4087 759 5697 151
4036 5 1086 664 5354 772 5536 3 6174 812 8761 495
4037 6 1451 94 1617 114 1780 583 3600 374 4163 225 7816 650
4038 10 2067 954 2546 510 3258 78 3520 232 4919 83 5592 583 6157 647 6576 691 7637 650 8985 6
4039 6 627 310 2490 789 3045 249 4043 428 6319 739 9415 907
4040 7 414 904 640 37 2972 622 3179 886 4027 247 7362 962 9430 949
4041 9 519 631 2273 913 2376 828 3105 174 5067 567 5193 995 6399 185 7100 621 8294 971
4042 3 2188 152 2781 124 6282 298
4043 6 1816 671 3384 193 4039 428 6024 730 7479 592 8353 692
4044 2 3875 416 6189 687
4045 5 172 423 3070 445 6761 173 7275 959 9676 318
4046 3 1124 877 3305 379 9210 559
4047 5 551 699 2396 537 5005 756 6287 362 7863 911
4048 6 143 729 821 432 2196 642 3994 76 5023 824 5808 666
4049 2 2243 318 3602 131
4050 5 257 347 1729 477 3314 495 4394 989 5840 665
4051 6 1786 727 2655 911 2682 347 2700 685 3645 522 6273 609
4052 6 1833 464 2883 281 3759 170 4285 232 7593 439 9425 677
4053 8 2256 103 2632 484 4215 643 4539 776 4940 384 8189 718 8584 798 9390 496
4054 6 798 939 3707 769 5045 583 6202 528 6801 732 9448 688
4055 10 863 331 1394 550 2854 652 3320 556 4277 228 5233 438 6925 384 7074 405 8472 514 9809 33
4056 3 893 370 4342 571 6895 960
4057 6 636 110 1348 261 4257 669 4421 533 5297 659 5902 720
4058 7 39 512 494 470 3547 565 4697 703 4850 301 5505 409 6046 723
4059 7 909 484 1061 949 1663 222 3939 786 5484 531 5956 227 7308 447
4060 6 366 523 5038 988 5327 621 6939 151 8905 947 9893 10
4061 5 181 93 2894 106 3328 460 4032 878 8621 624
4062 6 557 5 5009 731 6534 724 7730 271 8875 305 8920 511
4063 3 1621 153 3402 98 8324 399
4064 5 2893 612 3115 92 4395 498 4635 198 5795 544
4065 3 550 556 5659 283 7077 173
4066 5 637 838 974 977 4694 96 7890 542 8229 865
4067 7 1614 93 2164 274 4611 397 5771 825 7012 873 7819 613 9260 164
4068 11 868 741 2547 429 2961 678 3559 196 4795 916 5359 385 6263 889 7607 557 8635 637 9348 414 9455 270
4069 7 634 964 2246 527 5412 51 6013 538 7843 811 8400 232 8960 8
4070 5 1395 748 3935 891 4702 374 5729 330 6873 27
4071 6 2491 451 2838 52 3916 874 7114 280 8851 645 9351 79
4072 4 3892 794 6378 714 8086 853 8349 783
4073 5 239 33 3021 412 4263 541 5437 509 9321 648
4074 8 1539 557 2734 933 5106 102 5392 713 5902 330 8098 242 8341 165 9362 515
4075 6 471 345 482 444 2818 629 3764 599 7053 272 9276 656
4076 10 100 169 705 563 2185 56 2477 110 3459 971 4587 528 5136 702 5152 161 5849 63 8126 396
4077 5 2188 447 3830 212 4263 609 7616 991 9958 789
4078 3 828 967 7152 33 7542 173
4079 8 2562 419 3321 890 3802 788 4366 520 4873 238 4953 735 8515 514 9322 473
4080 7 640 927 2659 752 3351 195 4315 698 6033 640 7949 590 8215 571
4081 4 39 492 1240 344 6125 171 7052 949
4082 6 213 277 405 239 4102 234 9712 931 9734 591 9931 750
4083 5 625 70 1636 223 2073 990 4901 795 5918 530
4084 2 774 464 2527 492
4085 5 1232 476 4602 63 5381 661 6804 420 6997 99
4086 10 3187 823 3428 509 3790 100 5703 822 6735 485 8019 220 8763 221 9244 128 9607 942 9861 818
4087 2 38 479 4035 759
4088 7 586 185 2509 159 3300 841 6148 833 7927 945 9317 354 9451 823
4089 6 1271 32 1894 329 2304 990 4786 218 5615 741 9031 832
4090 9 747 230 951 182 1181 591 3172 558 3977 599 5251 326 6021 368 7519 221 8374 670
4091 10 71 225 4258 361 4579 950 5487 387 5728 305 5860 661 6721 919 7096 199 8363 594 9612 639
4092 6 2763 581 3824 480 5743 390 7284 165 8257 765 9328 189
4093 7 676 510 1189 806 2127 581 5392 758 5803 280 6954 762 8775 538
4094 6 529 608 3663 105 3935 74 8071 601 8455 944 9040 141
4095 5 677 742 1895 988 3648 790 5320 13 9824 333
4096 6 2167 676 2244 659 3214 958 3331 704 3794 897 8769 368
4097 4 174 456 1960 382 7557 527 8046 421
4098 4 2596 651 2725 36 9187 326 9891 953
4099 4 978 330 2220 316 3072 624 6091 67
4100 7 761 699 1035 21 2978 196 3396 829 3998 585 5682 813 6232 209
4101 4 995 692 2845 335 4957 517 5615 532
4102 6 4082 234 4881 363 5375 658 5441 441 5797 684 5892 500
4103 5 1302 893 1437 296 3752 330 5845 915 6220 95
4104 9 1725 869 3327 579 3704 27 4162 767 4181 679 5179 706 6806 607 9467 993 9742 103
4105 7 46 467 3930 926 5226 680 6380 690 6836 37 8684 180 9855 599
4106 8 81 766 2418 674 4741 854 4753 713 4756 819 5455 117 7826 591 8342 366
4107 4 1782 734 2283 316 3020 327 7411 1
4108 6 2294 897 2885 367 7721 998 8195 305 9240 400 9826 496
4109 3 2938 31 8882 418 9978 628
4110 6 280 84 373 792 6185 677 6681 77 6848 821 8627 573
4111 6 357 543 980 714 1270 56 6381 324 6539 316 7603 45
4112 6 666 118 3723 916 4469 105 4523 720 4834 742 5388 369
4113 3 257 352 2623 816 3158 279
4114 11 88 638 637 597 876 42 1528 427 6251 563 6849 497 7811 450 8057 528 8634 972 8945 321 9077 629
4115 7 438 714 1820 16 3689 926 7713 57 9153 499 9815 529 9940 796
4116 7 634 578 1122 871 1417 989 1669 721 5251 209 6162 928 7142 831
4117 5 1388 583 2776 405 6609 266 7117 977 9206 952
4118 5 227 325 2595 610 3579 274 5455 299 8102 566
4119 3 547 125 1155 79 3717 66
4120 6 35 28 3270 897 3616 19 5119 55 7544 718 7549 884
4121 7 101 790 1251 323 2367 370 2408 145 6092 262 6569 415 9847 770
4122 7 1161 484 2679 471 4286 127 6145 480 6884 2 8542 332 9965 864
4123 9 1473 405 2046 534 4149 530 4312 399 5360 478 6181 508 6633 698 7571 464 9888 574
4124 5 1016 712 2541 630 2604 448 8780 208 9927 571
4125 7 679 850 1313 798 1341 753 1833 556 3253 599 3803 634 9585 956
4126 5 1512 718 3024 742 3026 708 5853 976 9700 145
4127 4 756 127 6829 625 7535 846 9234 695
4128 8 1050 429 1080 230 1539 105 2108 513 2673 434 3351 447 3783 645 4168 232
4129 6 829 230 1324 59 5111 561 6563 655 7244 555 8357 644
4130 8 420 620 1622 324 1784 273 3118 807 3713 606 4017 619 6230 495 7891 415
4131 5 2416 129 2782 569 3075 331 3586 822 5407 654
4132 7 125 510 855 566 1239 695 1744 13 4177 123 5701 700 8871 147
4133 6 2166 97 3427 431 4514 476 6028 140 6146 518 7412 413
4134 9 386 25 1043 735 4369 520 4967 176 5844 351 6956 280 7255 263 7699 628 9847 914
4135 3 1250 763 1832 728 5990 86
4136 5 1631 543 2427 563 3345 130 7412 480 8175 737
4137 5 2368 376 2978 726 5146 289 7369 648 7371 115
4138 7 2136 94 2531 647 3420 710 3585 34 6809 875 8372 461 8974 316
4139 2 1026 259 2961 913
4140 7 952 889 3444 398 3510 106 4165 54 5729 400 6509 93 8249 588
4141 4 1474 934 3155 225 6374 204 9509 413
4142 7 608 315 986 970 3304 450 4496 934 6151 628 6245 843 7704 750
4143 8 774 1 1036 142 2224 551 3675 83 4574 609 4733 572 5244 603 6161 872
4144 8 1332 231 3106 763 6387 405 8447 211 8514 806 8796 105 9755 38 9981 646
4145 8 410 12 425 213 678 38 744 929 4243 616 8118 763 9288 71 9376 841
4146 3 1143 258 4859 499 8271 24
4147 9 763 396 1117 666 1663 128 2314 792 5983 68 6340 538 6521 561 7992 54 8826 109
4148 4 2410 685 4469 398 5143 820 7631 475
4149 5 3208 204 4123 530 5054 336 6594 747 9611 134
4150 7 318 20 2352 115 2582 145 4462 102 4500 764 5863 617 9710 373
4151 4 1472 99 4327 358 4333 989 8962 398
4152 6 1456 863 2014 305 3583 686 4281 583 4727 406 8166 889
4153 3 2208 881 2266 830 8474 811
4154 8 57 566 1969 317 2490 217 3896 781 4270 452 4607 495 7907 396 9182 963
4155 5 522 926 1407 707 3950 192 4238 75 4782 159
4156 6 470 282 3689 633 4517 303 4780 752 5467 472 9342 798
4157 8 1242 878 2166 492 3272 958 5199 247 6269 803 8108 652 8526 415 8602 948
4158 8 972 914 1873 109 2811 826 4688 901 5055 227 7925 997 8293 3 9169 81
4159 3 331 364 3040 214 9371 716
4160 5 467 324 4853 418 8831 890 9001 966 9040 51
4161 7 415 725 1730 204 1783 945 5677 103 5753 50 8392 247 9167 109
4162 5 877 32 1257 473 4104 767 4376 195 9507 981
4163 7 722 650 897 788 4037 225 4650 321 5224 494 5443 771 6119 295
4164 12 322 951 2084 347 2780 98 4435 569 5467 308 5752 862 6249 538 7331 889 7992 875 9211 247 9700 296 9804 604
4165 4 1291 901 4140 54 4447 994 7991 445
4166 6 106 716 7455 929 7784 225 8041 582 8083 59 9670 970
4167 7 347 323 1146 697 2824 424 4741 661 5906 727 7130 788 7565 394
4168 3 1552 525 2226 761 4128 232
4169 6 34 9 176 701 2497 589 3532 579 5680 184 8671 343
4170 8 233 895 2081 626 7100 492 7618 382 8274 976 8491 180 9837 52 9888 528
4171 7 918 1 1378 64 1901 638 3282 331 5919 930 8078 584 8881 813
4172 7 831 2 1736 536 3953 222 7244 811 8568 906 8736 173 9445 323
4173 4 1490 507 4825 495 7945 149 8419 848
4174 8 1579 445 3027 629 3273 140 3292 984 5056 264 7004 401 7008 933 8291 238
4175 7 643 222 1425 707 1933 47 2350 553 6315 484 7221 8 8840 596
4176 4 357 609 952 648 1152 117 8633 76
4177 7 1005 344 1439 384 3579 323 4132 123 5226 811 6859 871 6959 811
4178 6 3653 205 3968 915 4535 429 5345 965 5562 740 6439 210
4179 3 700 95 3039 193 9681 402
4180 3 3334 393 4326 457 7038 894
4181 4 546 381 4104 679 6791 128 9984 87
4182 4 2135 40 2685 250 3955 388 5174 557
4183 7 841 133 2308 591 3008 785 6595 135 7874 497 8542 19 9652 947
4184 6 2420 770 4018 127 5579 652 6772 52 7318 192 9358 723
4185 6 795 777 2985 688 3410 382 5283 421 5767 571 6900 472
4186 10 2625 944 3118 470 3285 595 3891 213 4526 544 7050 21 7415 85 8466 557 8499 874 8744 924
4187 6 512 49 3008 594 3720 526 5381 583 9137 266 9287 133
4188 9 1116 784 1125 148 2318 542 2929 901 3977 237 5431 196 6814 299 7117 339 8601 438
4189 8 190 29 1605 687 1831 7 3194 319 3575 792 3899 596 7430 456 7862 639
4190 6 1479 200 3155 69 4888 52 5243 622 7237 210 8690 858
4191 5 1610 281 2704 759 4627 716 5693 437 7657 738
4192 6 1154 696 2198 585 5444 560 7009 482 8344 362 8868 160
4193 6 252 56 2667 927 5999 529 6196 435 6467 769 6893 927
4194 6 1213 612 1502 932 2503 553 4483 812 7236 885 7772 503
4195 6 3116 613 4281 276 4932 85 5376 332 5766 625 6136 132
4196 5 1328 32 1778 855 2622 59 5494 417 9677 190
4197 6 3975 194 4456 301 5825 83 8957 589 9514 703 9526 307
4198 6 807 186 1554 499 3268 357 8792 218 9624 16 9646 319
4199 10 1301 599 3386 409 3570 281 5337 218 6918 714 7895 795 8312 138 8712 431 9124 509 9504 250
4200 3 4021 875 5514 23 9588 107
4201 6 280 623 447 920 1868 458 2677 892 5818 462 9063 455
4202 10 983 947 1582 569 3033 456 3521 961 6247 449 6260 114 6575 61 6825 841 7231 19 8075 854
4203 6 1814 45 8104 401 8181 944 8433 65 8910 647 8952 19
4204 5 415 489 979 258 3616 734 4525 173 5387 271
4205 13 436 544 560 937 639 483 884 451 1650 496 1720 557 3854 579 4862 829 4953 237 6740 366 7011 866 7778 342 9924 640
4206 5 2265 539 2444 51 3045 512 5945 970 9234 596
4207 5 1213 648 2744 113 4552 768 4581 953 6476 764
4208 3 1586 109 4727 95 5255 574
4209 6 43 11 1328 97 5010 919 5100 316 6869 79 9585 834
4210 6 103 481 231 410 3131 145 4419 517 4957 876 7780 810
4211 6 494 921 2475 43 2769 844 2799 136 4750 942 6381 832
4212 8 2373 469 2665 396 4412 72 4472 706 6022 894 6746 216 7196 857 8152 441
4213 4 283 17 4629 36 4662 989 6110 675
4214 4 529 438 4944 550 6546 144 8634 696
4215 7 821 726 3177 989 3463 735 4053 643 6901 917 9246 792 9453 101
4216 7 681 498 807 965 2193 522 4640 479 5236 525 6864 246 7671 194
4217 8 530 247 1383 429 2558 100 5550 830 7613 56 8113 483 8153 92 9404 593
4218 3 859 831 9891 151 9941 775
4219 8 1527 59 3057 474 4373 678 5586 937 6446 329 8297 39 8431 896 8485 723
4220 7 2637 192 2866 944 3994 791 4678 962 5497 915 5880 248 8360 161
4221 6 570 500 2953 364 3178 780 4442 818 6728 392 9892 54
4222 4 611 686 3320 649 4478 90 6281 554
4223 9 1632 77 1770 895 2390 999 2397 816 2421 907 3238 488 3561 345 5397 850 6138 898
4224 4 1391 938 2109 898 2841 698 4434 490
4225 10 401 93 1163 678 1301 242 2149 173 3845 451 4345 266 4541 971 5223 24 5686 201 6789 381
4226 9 658 644 1758 808 2466 647 3750 429 4270 638 4644 190 5158 278 6633 519 7687 44
4227 8 390 386 3276 914 4900 153 5433 226 6770 575 8271 367 8722 353 9383 974
4228 2 1032 35 6491 956
4229 4 321 271 1114 583 7064 590 9130 502
4230 5 260 766 2807 805 6893 314 8658 294 9324 446
4231 4 609 554 5716 291 6772 186 8958 410
4232 5 1597 893 2872 254 6015 963 6642 107 7706 534
4233 1 1694 795
4234 4 1578 352 2370 160 8433 995 8947 681
4235 4 865 192 3078 996 5037 419 5929 912
4236 11 380 635 2495 998 3483 157 5092 696 5663 914 6743 703 6972 402 7665 235 8919 533 8961 691 9894 967
4237 3 2266 144 6436 145 6956 908
4238 10 21 25 1168 680 2087 328 3452 726 4016 801 4155 75 4716 699 8085 593 8490 949 9523 970
4239 6 564 56 1260 943 3058 52 4266 637 6333 940 7657 468
4240 5 249 177 309 165 1300 347 5838 735 9993 518
4241 3 102 698 785 782 3099 71
4242 6 780 876 840 323 5556 652 7834 306 7917 311 8895 129
4243 9 1047 909 2726 850 3219 516 4145 616 4759 470 5183 333 5219 437 5245 331 8664 799
4244 9 2273 643 2490 599 4710 603 5829 479 7319 209 7958 899 7988 312 8876 555 9853 117
4245 11 120 987 159 32 2130 542 2712 267 3557 369 4408 120 4926 797 5799 707 8821 829 9114 347 9378 875
4246 4 2656 681 3179 984 6247 366 6553 977
4247 6 301 591 447 906 842 884 2136 88 3896 68 5754 157
4248 6 1029 165 1432 17 3592 158 7649 160 8951 546 9032 631
4249 9 1549 887 2174 967 2309 444 2961 286 3451 255 4525 90 5749 819 7353 111 8709 635
4250 8 2301 670 2730 998 2735 962 5324 145 6234 817 7052 240 7423 88 8770 992
4251 5 1899 932 2337 851 3787 60 6138 547 6475 508
4252 4 196 911 1010 23 9160 694 9809 356
4253 6 1681 419 2184 60 2950 626 6480 566 9775 832 9978 34
4254 5 40 611 3361 741 3873 699 5331 537 9001 412
4255 5 2354 929 2552 465 2730 687 3774 778 7690 567
4256 7 1787 419 6407 535 7091 365 7216 287 8742 627 8891 157 9083 408
4257 8 2660 795 3112 541 3838 224 4057 669 4384 549 8768 55 9234 905 9371 931
4258 8 1861 305 3732 255 4091 361 5424 7 5970 29 9085 643 9227 47 9307 66
4259 4 2543 718 3745 622 4618 696 5557 901
4260 6 724 255 3707 452 5452 989 5499 770 7367 223 9324 862
4261 5 760 511 1794 216 3586 105 4001 749 6922 763
4262 4 1040 721 1493 228 6640 622 9511 619
4263 5 3075 221 4073 541 4077 609 4304 820 9512 247
4264 7 3169 176 4559 175 6228 409 6383 550 6795 322 8215 307 9457 188
4265 6 1755 207 3094 543 3424 130 7352 677 8984 479 9877 107
4266 9 1451 430 3520 757 4239 637 4858 363 6412 459 6465 990 8561 107 9178 910 9245 719
4267 5 799 218 3798 440 5831 771 6898 956 8352 748
4268 9 1513 495 2735 177 3170 196 3912 483 5469 107 8190 871 9241 81 9298 208 9901 639
4269 4 1254 365 6047 174 8321 996 8357 818
4270 2 4154 452 4226 638
4271 9 992 930 1121 409 1764 902 5803 833 6718 804 8115 92 8808 25 9734 371 9823 119
4272 5 3264 529 3352 589 4288 873 6950 597 8994 764
4273 6 2413 748 3764 940 5789 142 5912 158 6648 51 8853 517
4274 4 711 940 2401 719 4524 523 5672 129
4275 5 1245 846 3835 285 7229 235 7420 611 7449 654
4276 4 154 430 2109 238 6607 124 9134 300
4277 8 2143 894 2857 180 4055 228 4792 56 5185 146 6442 622 7333 353 7922 388
4278 5 1653 745 3113 451 5404 737 8745 352 8934 177
4279 4 1416 270 2849 623 7952 976 8528 886
4280 4 564 81 1883 201 6082 370 9610 872
4281 10 15 628 535 688 1467 940 2580 58 3816 136 4152 583 4195 276 4758 676 7672 686 8008 408
4282 6 749 249 2566 81 3383 527 7146 608 7399 784 9267 696
4283 6 783 641 3786 581 5069 674 5327 743 7002 902 7126 542
4284 5 2549 521 3394 708 3941 309 6707 666 9281 395
4285 9 223 988 1160 240 2715 153 4052 232 4647 706 5712 152 8121 586 8716 58 9518 908
4286 2 4122 127 7893 423
4287 2 724 970 4006 15
4288 7 833 593 952 158 1744 486 3508 144 4272 873 4860 642 7002 811
4289 7 857 856 1068 713 4756 854 5084 559 5239 880 6121 829 8160 436
4290 5 3653 872 4308 245 5123 500 5415 718 7738 567
4291 4 1658 182 3115 539 4638 200 5433 979
4292 8 1677 664 2597 474 2933 459 7351 717 7480 233 7873 780 7891 405 8759 575
4293 4 3311 64 3896 542 4313 606 8472 758
4294 6 2301 207 3381 830 3978 85 4666 745 8650 338 9564 213
4295 5 3854 599 4934 19 7482 146 8620 776 9524 793
4296 6 2069 72 5185 297 5965 519 6436 257 6624 25 8392 445
4297 6 726 734 817 362 1047 357 2355 715 5149 587 9454 289
4298 6 3130 715 5575 773 7306 862 7458 954 7515 697 9232 578
4299 7 729 908 1036 458 3535 460 5196 694 5676 610 6047 634 7748 787
4300 7 2324 359 2334 72 3252 643 5004 988 5283 864 5424 439 7353 557
4301 8 1358 860 2486 310 2741 28 3235 973 4904 769 4975 493 6320 325 6647 950
4302 7 2247 873 4888 78 5481 405 6568 57 8538 450 9051 118 9211 559
4303 2 578 517 9914 192
4304 6 664 706 883 399 4263 820 4900 210 9481 441 9678 647
4305 6 247 899 297 303 1052 305 4593 941 4867 618 5574 969
4306 7 2896 965 3207 873 6645 916 7938 343 9086 755 9110 994 9271 680
4307 6 936 928 1495 469 2277 250 3800 779 4992 563 7582 133
4308 6 1414 574 1573 749 4290 245 7631 75 7750 929 7862 728
4309 5 2002 958 3098 608 3920 608 5170 642 6840 166
4310 3 902 183 2601 807 4591 605
4311 4 136 690 849 808 9466 103 9953 721
4312 8 148 736 1634 431 2549 602 4123 399 4809 324 5962 532 8560 309 9033 461
4313 6 1834 595 2593 112 4031 537 4293 606 4421 450 6036 460
4314 8 916 177 2313 682 3270 573 4481 31 5483 812 5604 444 8644 40 9698 447
4315 6 1164 81 2041 313 4080 698 5038 955 8215 611 9361 283
4316 6 662 607 1522 180 4357 455 5319 373 5732 968 9861 685
4317 6 1480 552 1557 893 2646 811 4029 331 8239 637 9990 643
4318 5 2320 270 2731 744 6633 215 8020 931 9742 105
4319 5 1590 628 3327 494 6259 148 6562 184 7384 736
4320 4 1856 925 6389 164 6398 150 9688 892
4321 6 961 957 2203 901 4327 317 5184 791 5349 29 6477 952
4322 6 2490 502 2568 168 3084 631 6574 648 9032 746 9059 996
4323 5 1236 317 1698 664 2421 144 6109 198 6247 785
4324 3 3694 867 6529 82 8442 414
4325 4 2079 391 2089 292 2131 819 9496 592
4326 10 938 407 1380 465 4180 457 4733 992 4912 727 5815 332 6708 315 8035 887 8153 291 9920 279
4327 11 1640 392 4151 358 4321 317 5207 75 6260 535 6511 759 6518 58 8276 767 9130 319 9224 1 9884 385
4328 6 147 272 604 965 1542 572 5201 433 5956 499 8607 927
4329 4 578 971 2671 784 8635 842 9992 622
4330 6 416 131 990 537 1018 456 1271 860 8540 155 9076 67
4331 8 46 954 626 600 753 360 2805 796 3486 119 5439 113 6622 783 8479 966
4332 4 188 11 1632 522 8812 463 9349 949
4333 7 1039 655 2429 273 4151 989 5037 729 6452 665 6928 260 7977 234
4334 6 2529 144 2542 65 4887 687 5477 381 8002 861 9924 281
4335 8 3319 13 3419 478 3684 186 5550 865 5799 913 9350 62 9633 338 9707 961
4336 8 2278 423 2849 370 3979 18 5338 193 5381 381 5473 379 6910 310 7961 6
4337 4 599 393 725 153 5728 744 6656 709
4338 10 129 991 2019 290 2919 109 2938 954 3196 955 3430 955 6963 990 8386 274 9132 282 9275 28
4339 3 379 876 1410 290 2784 758
4340 8 1391 250 1685 157 2726 624 3159 396 3469 853 5387 664 6324 274 8678 113
4341 9 739 239 1048 619 1323 395 3539 734 5476 707 5624 768 6723 265 7638 169 8820 508
4342 7 3792 760 3986 647 4056 571 6130 819 6940 68 7269 634 7679 759
4343 6 744 866 1089 136 1368 623 1785 212 2317 695 9337 389
4344 4 3610 337 3805 607 4790 164 6211 170
4345 4 4225 266 5291 339 6183 295 7241 344
4346 5 70 381 106 754 1780 740 6170 708 6502 633
4347 6 961 667 2249 96 2310 622 2610 697 6056 740 6266 603
4348 2 1384 350 3152 321
4349 3 298 431 5318 635 8544 423
4350 8 691 779 3129 551 3978 423 4030 802 5390 219 5998 202 8286 110 9729 789
4351 3 3468 292 6957 340 7723 320
4352 4 115 658 793 483 2685 188 6752 977
4353 7 899 860 1400 454 4785 52 4984 968 5217 845 8858 442 9690 761
4354 10 2171 978 2264 519 2790 550 3916 440 5167 791 5372 424 6661 253 7506 948 7918 790 9054 584
4355 5 971 386 2224 222 4426 294 5179 666 9221 259
4356 4 2399 912 3582 7 4851 932 7791 38
4357 7 1191 290 4316 455 4661 285 5168 912 6406 960 6435 188 9356 843
4358 4 676 779 5444 10 6942 30 9290 833
4359 7 925 240 976 110 1440 607 3688 962 4776 259 4972 236 9559 991
4360 5 512 129 3094 355 3909 58 8414 328 8479 849
4361 4 3286 458 4626 954 4923 955 6978 489
4362 5 301 355 2924 463 2925 24 4544 949 8155 197
4363 2 2306 508 8861 764
4364 5 332 61 2427 950 2516 319 6589 801 6908 825
4365 4 444 46 4794 999 5052 654 7935 911
4366 6 4079 520 4635 793 4921 509 8281 236 9226 304 9826 492
4367 8 78 51 248 400 585 805 1128 64 3680 488 4731 699 7440 675 8790 96
4368 4 744 762 1513 253 3149 214 9445 231
4369 3 1833 832 4134 520 7458 68
4370 5 2337 660 2919 121 6743 798 6753 794 8659 622
4371 6 860 214 2239 230 5602 757 6255 11 9303 573 9708 114
4372 8 3417 442 3505 158 4444 428 4490 682 4743 153 6094 485 6782 948 8082 146
4373 6 168 211 4219 678 5369 646 5382 251 5787 868 8047 722
4374 3 3073 251 3451 191 3552 770
4375 3 1061 597 5535 100 7326 935
4376 5 514 981 2155 301 3496 92 4162 195 7624 82
4377 7 324 890 1205 241 2645 405 3853 414 5585 162 7268 974 9319 561
4378 4 2799 813 3039 493 8953 365 9146 902
4379 2 2746 1000 3097 944
4380 4 2436 487 6769 479 7039 895 8072 135
4381 8 2434 218 2962 359 3485 863 3624 689 5059 615 5926 48 6232 4 6853 1000
4382 7 732 954 1019 931 4444 703 4654 421 5984 763 7231 979 8260 71
4383 7 1938 599 2446 254 4419 796 5686 528 5736 701 5744 286 5986 24
4384 5 374 302 2843 95 4257 549 5567 963 9301 441
4385 6 55 621 154 324 1895 744 6181 750 7476 224 7880 300
4386 6 896 86 1090 543 1804 102 6059 547 7753 596 9011 193
4387 7 1976 770 2442 6 3104 107 5428 901 7525 156 8149 516 8348 304
4388 12 156 402 1733 522 1940 357 2498 254 2916 229 3788 644 4887 720 4980 129 5423 794 5766 502 6572 911 7352 17
4389 5 833 541 903 192 3224 124 4495 497 4895 996
4390 5 1552 515 3187 848 5796 929 6462 98 6998 568
4391 6 926 994 2163 16 3146 281 6198 70 6510 636 6525 710
4392 6 191 606 1319 37 1951 894 6890 62 7416 105 7957 633
4393 7 1685 55 2961 681 5593 193 6774 504 7129 328 9149 787 9332 588
4394 5 412 445 2125 785 4050 989 4791 665 9465 319
4395 6 399 139 3135 662 4064 498 4430 774 4478 687 8128 976
4396 5 85 846 1852 225 2275 282 9131 818 9603 938
4397 3 359 898 7966 391 8668 41
4398 5 957 428 1887 748 2739 207 2844 743 8949 327
4399 8 1947 611 3363 8 3539 865 3839 286 4767 334 5112 563 7147 13 9547 525
4400 7 908 242 5325 328 6624 717 7059 974 8039 998 8145 649 8754 735
4401 5 1894 106 4766 545 7463 967 8221 450 8567 993
4402 6 1295 2 3303 930 3411 29 8840 517 8847 366 8953 323
4403 7 819 766 1504 38 2185 815 2192 487 3260 184 6181 949 7473 130
4404 7 1005 282 1635 596 2259 214 2487 129 5879 662 8987 202 9850 289
4405 5 3631 651 5573 507 6524 531 9131 644 9674 919
4406 10 1681 41 2125 674 4748 988 4786 373 4971 149 5097 73 5777 673 6113 785 6155 653 8064 416
4407 7 102 764 530 45 1479 786 3030 547 3044 395 6073 600 6166 277
4408 10 490 197 1460 18 1833 126 3367 386 3429 462 3635 803 3671 937 4245 120 7068 195 7529 397
4409 4 163 486 1404 131 3854 589 3877 900
4410 8 281 287 1186 570 2129 180 4428 996 5175 626 6067 36 9212 65 9529 119
4411 7 1403 10 3331 867 3563 886 4771 196 6815 50 7471 364 9159 403
4412 4 2295 658 2809 770 4212 72 5872 98
4413 7 48 924 93 530 2284 883 2954 293 3140 761 3161 898 4513 415
4414 4 2460 667 3882 481 5153 910 8392 503
4415 3 944 671 1297 991 3448 49
4416 4 1380 717 1498 614 2675 497 8246 153
4417 7 2143 899 2408 307 3648 400 4449 610 5666 375 5850 663 9851 647
4418 2 1718 792 3370 207
4419 7 1642 801 1663 823 3262 925 4210 517 4383 796 6857 179 8159 200
4420 3 1374 535 2282 413 2637 408
4421 11 4057 533 4313 450 4919 255 4999 470 5281 53 6607 277 6614 81 7492 402 7834 454 8732 253 9046 112
4422 5 1094 813 2099 335 6703 343 8198 413 8703 585
4423 3 2634 316 3109 823 7971 167
4424 7 186 267 5090 870 5234 387 5755 90 7581 983 8577 190 9999 855
4425 3 1110 166 1566 575 2480 524
4426 6 4355 294 6894 257 7481 360 8230 908 8283 553 8413 716
4427 9 850 336 996 282 2738 380 3005 279 3779 473 3927 919 4465 562 5882 752 8672 883
4428 8 1746 654 2365 845 2433 771 3712 231 4410 996 7485 809 8356 956 9069 776
4429 5 625 630 775 514 1892 715 3481 924 5557 31
4430 7 2087 825 2326 287 2481 423 3573 706 4395 774 7163 919 7502 543
4431 7 644 447 689 122 1765 468 3138 573 4639 606 7754 715 9696 616
4432 2 31 795 5089 638
4433 11 834 1000 1627 616 1916 215 3450 235 3571 760 3796 386 5089 810 6962 941 6971 277 7221 904 9499 784
4434 5 1641 807 2573 83 4224 490 6481 998 8397 45
4435 2 4164 569 5180 497
4436 7 182 394 273 830 3665 869 4472 438 8355 774 9058 890 9076 358
4437 8 105 836 590 507 2901 163 5362 957 6025 39 6147 705 7151 738 9236 220
4438 7 160 875 1369 941 2686 252 4947 684 5506 914 6728 169 9687 643
4439 4 293 465 1049 986 6042 977 7245 552
4440 5 1654 144 2160 473 4540 476 4894 311 5663 575
4441 4 1900 643 4953 84 6280 185 6326 683
4442 5 4221 818 5210 134 6615 931 8570 513 8658 836
4443 4 406 345 2239 225 2522 424 6178 520
4444 8 1329 82 2739 909 4372 428 4382 703 4736 596 7482 51 7550 224 9759 215
4445 7 1698 557 2627 628 2804 600 5391 440 5729 728 7990 517 9946 425
4446 7 772 542 1276 757 4470 632 7579 412 8634 812 9712 413 9865 574
4447 9 3177 173 4165 994 5157 49 5497 152 5778 361 6610 983 6640 255 6720 143 8366 137
4448 4 125 883 1590 122 4595 495 5377 89
4449 5 317 142 4417 610 8985 153 9249 391 9744 974
4450 3 2279 49 8121 686 9374 181
4451 3 2890 976 3011 232 9734 855
4452 7 205 47 573 327 3952 682 4680 70 7186 770 7316 416 9912 346
4453 8 889 156 1307 595 1883 22 3751 894 3768 107 7800 913 8956 159 9237 370
4454 4 842 490 2819 685 6072 602 7941 565
4455 9 737 563 1774 595 3981 955 5370 794 7310 937 7495 68 7600 603 8703 618 9599 422
4456 7 487 748 1012 666 2826 740 3935 552 4197 301 6663 590 8450 254
4457 7 589 351 3611 837 5285 508 7149 296 8279 198 8818 496 9813 946
4458 2 2536 195 7429 487
4459 3 925 988 6054 119 7234 888
4460 2 468 27 1169 386
4461 6 1960 516 2004 390 2377 753 3840 565 8005 916 8064 55
4462 10 835 198 898 202 1021 896 3551 717 4150 102 5538 114 5719 483 8070 527 8615 685 9095 88
4463 7 1281 678 1768 108 2588 247 3818 659 4671 450 7968 793 8456 933
4464 7 350 392 710 414 3293 196 7149 728 8547 668 9704 318 9825 383
4465 11 86 928 327 546 672 897 1677 123 2604 211 4427 562 5456 731 5715 850 6718 279 7838 549 8841 343
4466 10 1314 694 1587 632 1592 311 6092 84 6131 48 6850 268 6917 762 7373 598 9467 564 9831 293
4467 8 791 746 1620 218 1671 362 2913 857 5373 804 5458 523 8933 179 9367 161
4468 9 670 130 841 978 4701 153 4792 896 5025 117 5935 116 5977 166 8048 583 8180 467
4469 8 126 808 3478 700 3627 342 4112 105 4148 398 5090 140 5747 160 9828 950
4470 5 49 688 851 647 3429 675 4446 632 6797 561
4471 3 77 870 2064 535 5174 86
4472 7 2213 112 2358 340 4212 706 4436 438 4742 524 6921 423 7192 800
4473 5 299 365 3279 719 6206 705 7298 477 7732 601
4474 5 537 567 2428 608 5390 709 6382 640 7881 961
4475 5 2873 495 5564 544 6065 238 6942 250 8126 252
4476 3 1040 643 6391 449 9635 50
4477 10 2203 284 3377 633 3895 182 3903 486 4550 772 5310 607 5701 415 7137 250 7849 208 9308 973
4478 6 2615 67 4222 90 4395 687 5058 521 5724 921 6458 791
4479 6 873 636 1003 338 1030 239 3887 869 6454 735 8317 277
4480 7 774 498 1289 982 3089 109 5273 435 5342 528 6078 986 8643 147
4481 8 160 642 1006 451 1958 855 3857 817 4314 31 5079 963 5272 443 9221 229
4482 3 200 584 5119 793 6107 88
4483 9 1841 803 2077 663 2532 377 3454 918 4194 812 5283 156 5607 815 6234 366 7435 745
4484 4 333 504 2450 552 3826 875 8709 533
4485 4 2814 132 4831 487 6161 651 7845 655
4486 5 86 683 2308 153 5592 584 7626 566 9429 934
4487 3 1724 887 6812 242 9188 580
4488 5 1032 525 2433 409 6673 638 7200 205 9971 457
4489 10 1821 815 2684 464 3260 749 3529 173 3916 238 4870 814 7400 108 7952 918 7990 741 9907 46
4490 5 3846 547 4372 682 5983 919 8668 962 9395 286
4491 6 2443 626 3119 1 3839 874 5426 837 9487 782 9746 274
4492 8 1704 798 1962 603 2934 813 4562 999 5748 789 6860 795 8591 990 9673 834
4493 6 2993 343 4561 527 7236 759 7489 481 8494 886 9820 260
4494 6 93 618 958 284 1505 679 2539 327 2914 991 3863 506
4495 7 2237 997 4389 497 5005 927 7127 21 7264 96 7656 930 7682 645
4496 6 188 111 2219 680 4142 934 4882 558 7547 381 9116 548
4497 5 439 361 3028 169 3489 550 5495 127 8777 619
4498 6 866 757 3262 592 3292 845 6187 8 8549 66 9046 527
4499 4 73 518 571 218 6259 680 7376 200
4500 6 1048 78 2641 655 4150 764 6067 538 9491 223 9579 108
4501 10 273 88 621 373 2553 424 3217 674 3584 321 3757 198 5344 841 5533 687 5950 971 9191 61
4502 8 887 899 1269 685 1966 873 2008 832 3319 15 4635 905 5368 295 9087 306
4503 6 130 531 1487 215 2138 559 4684 158 7324 64 7662 215
4504 5 3320 351 3779 732 3815 709 8169 59 9870 256
4505 8 166 710 240 827 1707 434 2799 719 2904 250 6148 160 7091 769 9192 434
4506 9 384 348 439 748 2471 270 2948 636 6471 195 7643 603 8158 855 8363 28 9906 197
4507 4 3225 471 3609 952 8117 674 9592 772
4508 10 616 450 1196 706 2229 339 3256 706 5640 541 5856 779 6607 81 7510 720 8040 428 8498 636
4509 4 1775 533 2451 174 6104 262 7316 950
4510 6 535 487 762 863 3235 878 3575 902 5692 547 6362 219
4511 6 1396 628 2811 892 5035 424 7148 481 8340 680 9870 705
4512 4 1367 178 1950 902 5842 82 7456 376
4513 3 2191 241 4413 415 4962 258
4514 9 1517 822 3810 182 4133 476 5500 998 5578 179 7735 680 8979 303 9261 705 9531 466
4515 4 851 456 5419 342 6047 361 6068 138
4516 4 119 815 2123 976 5758 160 9132 482
4517 6 3128 285 4156 303 5575 464 6600 732 7037 616 8240 646
4518 9 34 537 40 843 1246 786 2111 121 3215 732 4004 308 4691 625 5924 355 8158 42
4519 8 1087 615 2174 514 2921 507 3798 579 5211 70 6124 355 7597 253 9557 212
4520 3 3500 486 5835 786 7788 883
4521 8 606 443 1934 828 2023 570 2192 442 6319 768 6518 212 7378 169 8237 752
4522 2 3889 590 5847 917
4523 5 1643 613 3637 792 4112 720 5188 745 7792 402
4524 5 2956 950 4274 523 5266 266 7464 621 8004 361
4525 11 355 496 1441 64 2077 113 4204 173 4249 90 4695 274 4992 2 6784 114 7032 631 7624 441 8418 697
4526 5 2754 322 4186 544 4771 611 7017 995 7455 772
4527 3 2418 235 3147 246 7183 313
4528 3 408 130 1523 37 8092 442
4529 8 1271 356 2460 195 6034 582 6091 703 7248 850 8457 132 8568 283 9622 280
4530 5 1199 607 1544 638 1561 754 7985 484 8768 947
4531 2 3332 220 5946 478
4532 5 14 132 1450 14 6096 570 8833 434 9631 331
4533 6 713 84 786 33 1994 54 3653 278 5363 685 5423 622
4534 7 1086 891 2694 727 2924 579 5708 685 8768 142 8965 91 9582 417
4535 7 180 100 300 298 1218 633 2094 682 4178 429 4714 486 8170 171
4536 7 2229 670 3198 900 3247 903 3939 91 4832 990 5948 532 9720 817
4537 4 2867 924 6484 563 6784 239 8358 459
4538 2 2934 30 3578 826
4539 7 107 627 283 833 2564 493 4053 776 4997 668 8465 387 9278 716
4540 9 1854 532 2253 210 4440 476 5158 871 5552 421 5982 427 6148 901 7918 817 9704 945
4541 12 2665 96 4225 971 4835 986 5986 579 6219 563 6378 547 6704 80 7255 563 7351 407 7405 906 7952 665 8002 997
4542 5 686 263 694 61 2047 78 7605 965 8648 21
4543 2 1048 988 2178 616
4544 3 3565 667 4362 949 9091 427
4545 9 2478 712 2933 523 5011 614 5277 312 5287 824 5500 297 7922 152 8492 419 9489 438
4546 9 1605 734 1659 993 3526 110 5110 351 5838 705 5889 151 7686 280 9690 522 9989 50
4547 6 208 200 3478 418 3916 768 4828 697 5673 306 7363 831
4548 5 2042 802 2816 604 6404 358 6534 448 7868 253
4549 6 2216 916 2409 599 2650 352 3461 471 3985 236 8157 321
4550 7 893 934 2412 910 4477 772 5843 882 7434 248 7805 533 8155 391
4551 12 1627 890 2991 690 3057 575 3645 853 3806 282 6335 96 6361 494 6859 295 8113 151 8115 577 8175 657 8869 443
4552 6 699 185 1505 533 4207 768 5352 537 7861 298 9114 601
4553 6 971 950 1482 195 1539 245 3918 847 6041 842 9963 966
4554 11 103 495 139 283 174 592 358 989 2418 323 4830 77 5063 65 5229 275 6622 665 7299 775 8932 449
4555 5 363 15 766 819 2766 969 3770 6 4601 600
4556 9 235 962 1010 665 2273 725 5265 953 7013 953 7688 733 8857 700 9012 297 9714 101
4557 7 1025 377 2502 93 4617 761 5111 236 9147 651 9716 480 9966 108
4558 7 2378 22 3165 706 3597 893 5829 966 7152 536 9502 917 9604 503
4559 6 2899 173 3343 664 3449 74 3595 101 4264 175 9451 65
4560 5 197 258 379 391 3744 535 4878 250 8591 605
4561 4 212 144 2582 148 4493 527 9617 603
4562 7 2300 640 3877 411 4492 999 5060 330 7038 625 9764 694 9937 191
4563 6 611 191 3266 609 6512 490 7407 303 9698 404 9729 963
4564 8 963 953 1666 498 4021 370 6556 243 6835 616 8031 332 8413 118 9777 894
4565 6 1445 362 1470 542 2272 519 3543 505 5598 240 9412 202
4566 4 1302 830 1331 298 1669 375 9038 163
4567 3 484 11 2445 812 2956 170
4568 8 372 602 2206 924 3436 162 3501 704 4668 95 4774 473 6886 898 7193 565
4569 6 2461 274 3293 224 4646 348 5182 213 6719 523 9473 717
4570 4 782 945 1676 697 6652 75 9446 566
4571 5 1130 512 3567 76 3590 783 4972 150 8587 670
4572 4 611 295 1442 700 2199 577 8920 35
4573 6 3273 404 3749 74 5122 718 7630 973 7909 330 8517 607
4574 3 4143 609 4803 327 9002 468
4575 8 645 47 1688 101 2029 834 3279 326 4815 553 4868 941 6854 981 8055 575
4576 9 3925 917 4654 822 5008 780 6083 787 6944 853 7526 400 9072 544 9623 731 9980 46
4577 7 1361 857 2131 664 3402 907 7819 669 8050 203 8072 867 8489 549
4578 2 354 643 5122 36
4579 5 144 973 3568 105 4091 950 5509 317 5679 309
4580 5 1336 67 2437 406 3633 581 5104 180 7319 483
4581 11 995 647 1393 690 1499 950 2601 282 3816 423 4207 953 5140 113 6494 704 7188 743 8296 391 9512 453
4582 6 239 279 510 237 2892 290 6059 192 9110 981 9261 773
4583 3 1031 481 1189 120 8436 975
4584 3 1431 274 7158 526 7734 414
4585 7 490 642 2196 468 3350 739 7303 576 7436 803 7463 228 9438 196
4586 4 1475 383 3598 467 7048 714 8884 769
4587 11 945 758 1975 172 2444 963 2888 239 4076 528 5044 546 5132 332 5384 947 5502 694 6758 29 9048 296
4588 4 362 634 1092 320 4741 964 7506 347
4589 7 1054 499 1773 111 2330 149 3121 56 5321 77 5749 353 8322 444
4590 9 1596 564 3038 957 3850 736 5108 285 5355 58 7229 240 7637 355 8411 978 9496 521
4591 5 3323 769 4310 605 6335 43 6874 694 7968 94
4592 5 104 975 2027 545 2226 304 7491 766 8187 676
4593 10 1247 707 2347 647 2858 318 2984 825 3012 697 4305 941 5096 971 6936 351 7135 560 7722 432
4594 8 1420 232 1488 50 3623 474 5721 752 8718 412 9411 137 9419 557 9515 757
4595 9 1554 529 2427 50 2441 511 3693 351 3711 156 4448 495 5813 196 8278 868 8987 727
4596 2 496 428 669 937
4597 2 2803 252 3960 617
4598 4 4030 932 4737 830 6363 731 9106 400
4599 5 621 85 1383 455 3731 901 3980 873 8650 524
4600 4 2154 817 4833 393 6042 841 7550 357
4601 5 1097 339 3057 900 4555 600 4908 540 5080 841
4602 3 4085 63 4773 99 8831 773
4603 2 1794 356 2776 105
4604 9 2764 442 2849 166 3356 237 3801 999 3839 162 5698 874 5854 819 7316 94 9652 923
4605 9 983 264 1808 368 3622 553 5717 609 5757 295 6668 451 7345 849 7529 311 8788 869
4606 5 492 568 2010 411 3958 589 7437 543 8661 460
4607 7 88 915 278 684 3202 312 4154 495 5731 487 8230 328 9075 717
4608 6 266 337 2539 876 4765 613 7268 796 7417 800 7696 484
4609 5 1390 23 3166 112 5032 791 7386 616 9587 622
4610 8 260 674 661 235 2694 948 5545 217 6337 482 6443 522 6771 256 7371 149
4611 7 937 1000 3713 263 4067 397 4891 55 5720 126 7058 940 9666 192
4612 4 2750 97 6024 583 7287 868 9129 494
4613 5 258 53 1941 612 5461 210 8219 887 8627 921
4614 4 527 531 1069 106 6678 656 8903 416
4615 5 1186 828 1705 286 2353 471 6167 959 6732 929
4616 3 2665 75 3741 372 6779 433
4617 5 3376 990 4557 761 5056 94 8505 912 9985 980
4618 5 1539 355 4259 696 5216 795 6188 24 9878 223
4619 2 273 190 8020 652
4620 4 3555 721 3569 963 4723 546 9208 300
4621 5 3460 938 5235 385 5331 74 7844 219 7994 734
4622 6 672 24 2053 360 5701 802 6203 665 6427 347 6769 390
4623 5 1076 976 2781 679 4729 339 7405 243 7514 461
4624 5 2133 8 3491 326 4663 103 4928 375 6550 455
4625 7 304 107 5187 387 5566 539 5830 842 7178 408 9669 133 9775 275
4626 7 1567 501 2450 99 4361 954 5395 762 5402 291 5638 764 9828 759
4627 6 188 690 926 575 1012 441 1986 176 4191 716 5948 450
4628 3 959 998 2016 352 3509 596
4629 7 2226 313 3915 803 4213 36 4657 520 6984 976 7631 539 8566 867
4630 4 432 985 2831 289 6809 269 9199 297
4631 7 2378 191 3767 248 4913 391 5206 733 7541 432 8416 879 9405 923
4632 5 1152 531 3325 236 6297 848 7375 161 7889 817
4633 4 955 625 2036 890 3149 168 4721 200
4634 5 937 596 1278 734 5735 120 6735 650 8567 153
4635 6 4013 646 4064 198 4366 793 4502 905 5288 220 7053 771
4636 3 1914 438 2347 374 7515 640
4637 1 2227 385
4638 4 921 208 1029 274 4291 200 5199 623
4639 4 2326 722 2553 898 4431 606 5163 377
4640 6 2267 87 4216 479 6108 779 6819 445 7318 730 9735 954
4641 4 2171 929 3053 994 5432 255 5520 46
4642 7 900 704 2567 757 2733 500 5615 961 5696 760 6238 822 7898 592
4643 5 518 563 1539 387 3523 756 6911 922 7332 922
4644 9 1721 105 2181 497 3873 7 4226 190 6430 259 7463 198 7645 633 8290 29 8806 52
4645 5 1954 659 3125 495 8042 786 8292 524 9151 103
4646 6 2239 284 3568 503 4569 348 5511 141 6967 607 8646 698
4647 11 512 463 1876 207 2631 308 2764 540 3188 31 3407 209 4285 706 5872 649 6908 82 7874 471 9197 825
4648 2 1856 27 7646 43
4649 8 669 814 4031 816 4663 787 5372 704 5644 799 6023 18 8149 944 9114 341
4650 7 2576 751 4163 321 5778 954 5990 171 6982 327 8447 405 8678 633
4651 3 125 203 4857 133 8376 539
4652 4 2101 86 6321 225 6643 926 6755 377
4653 3 1428 287 7190 526 7545 512
4654 4 658 401 4382 421 4576 822 4845 310
4655 5 970 947 1985 22 3724 44 6689 177 6724 816
4656 9 529 222 2111 391 2651 178 3818 691 4032 18 6375 70 6420 806 6806 40 9289 694
4657 3 2364 256 4629 520 8735 765
4658 6 2616 91 3355 65 6747 986 6873 518 6945 319 7527 912
4659 6 61 46 1342 713 2307 937 3789 902 7301 871 8053 237
4660 8 393 706 466 144 580 380 1597 179 2806 84 4811 375 5683 121 8813 768
4661 7 2444 448 3753 472 3819 842 4357 285 4847 585 7808 22 9343 483
4662 6 1152 738 3778 927 4213 989 4684 178 9349 162 9731 719
4663 8 1089 428 2993 519 4624 103 4649 787 6331 20 8323 95 9029 236 9263 321
4664 4 124 831 167 846 632 65 5371 131
4665 8 1966 433 3240 982 3267 753 3978 613 4714 775 6815 255 7854 402 8964 585
4666 6 1402 876 3594 303 3944 744 4294 745 6548 685 7768 131
4667 8 1617 203 2543 954 5775 102 6582 72 7330 339 9131 783 9448 269 9652 82
4668 12 923 946 1151 372 1521 775 3638 670 3746 500 3932 406 4568 95 4977 624 7278 400 7337 845 8198 944 8220 97
4669 7 2315 249 3269 411 3333 182 4732 244 5988 376 8561 134 9197 836
4670 4 3292 599 6421 694 7496 541 7839 513
4671 6 327 701 1016 239 4463 450 4863 103 5445 532 8568 568
4672 3 1904 250 2409 492 3234 434
4673 1 1589 777
4674 3 306 354 1138 416 3433 913
4675 6 878 741 3118 310 3733 342 5214 738 7839 791 7971 675
4676 13 1643 754 2505 627 2944 73 3038 100 5783 905 7085 293 7364 865 8125 122 8307 906 8872 955 9221 235 9452 66 9976 313
4677 4 1669 90 2060 868 5826 18 8625 913
4678 8 1434 525 1918 751 3626 472 3913 202 4000 380 4220 962 5505 728 9976 852
4679 6 229 196 1115 221 3338 992 3413 599 6313 761 9592 229
4680 12 313 257 3514 720 4452 70 5085 528 5148 801 5524 882 5974 896 6571 834 7603 37 9362 106 9504 979 9689 263
4681 7 385 533 1041 917 2660 312 2758 191 3726 550 5715 958 9348 851
4682 3 2988 38 5897 454 7249 363
4683 6 1695 277 2984 322 6408 321 6987 843 8397 95 8866 655
4684 9 679 880 2747 563 4503 158 4662 178 5088 568 6929 524 8349 543 8783 629 9578 708
4685 6 47 428 5915 22 6573 488 6782 833 8265 800 9119 665
4686 7 1147 646 1987 175 2157 267 5264 343 6127 960 7353 849 9847 369
4687 5 610 367 2386 693 2953 877 7991 231 9778 72
4688 6 1013 878 1126 876 4158 901 7027 382 8032 109 8680 12
4689 2 3823 876 9015 867
4690 5 574 51 4848 970 5704 461 9303 505 9639 903
4691 4 1463 491 4518 625 5938 568 8435 958
4692 5 1733 823 2363 335 3452 861 5789 550 8026 28
4693 5 1103 636 1729 979 3822 260 8594 865 8652 876
4694 6 2895 356 4066 96 5033 637 6092 650 6701 495 7922 4
4695 4 1379 976 2989 365 4525 274 9102 696
4696 2 229 337 3558 799
4697 5 4058 703 5764 568 6310 683 8813 949 9554 208
4698 5 113 959 347 312 1203 667 2605 589 5282 10
4699 9 427 768 667 242 1032 76 1640 725 2908 589 4945 219 7208 345 7607 619 9977 762
4700 5 1699 50 3437 293 5949 323 5991 315 6519 586
4701 3 2977 856 4468 153 8195 356
4702 12 3185 156 3743 96 4070 374 5873 159 5880 82 6092 309 6192 934 8338 439 8567 24 8799 821 9152 543 9578 367
4703 5 3433 267 7624 988 8144 392 8726 441 9318 193
4704 7 2393 42 3485 693 5173 160 5395 90 8027 604 9333 817 9812 969
4705 6 197 923 612 505 722 823 8021 462 8379 911 8676 917
4706 4 3879 691 5407 197 7656 92 9291 228
4707 8 1244 917 1348 612 2378 614 5176 194 5539 689 5916 620 6381 113 7249 633
4708 6 267 845 659 592 843 990 1095 65 2872 670 6635 453
4709 7 375 42 564 245 926 672 1938 627 2059 91 3964 99 9190 474
4710 6 1880 602 2541 758 4244 603 5844 206 6668 259 8504 698
4711 5 347 532 371 833 2534 290 7022 683 9550 713
4712 6 1090 310 1243 599 3066 839 6935 591 9469 296 9826 516
4713 9 497 340 859 995 2943 687 3025 506 5579 456 6317 873 7838 176 7849 859 8263 711
4714 4 541 981 4535 486 4665 775 7323 189
4715 6 92 82 365 308 422 317 970 923 3845 241 9566 405
4716 7 3297 528 3837 100 4238 699 5076 239 5343 851 7135 642 9208 506
4717 4 1743 888 1936 258 3001 570 5033 544
4718 4 553 427 5150 784 7001 927 7614 932
4719 4 2955 840 3130 623 5792 652 6353 168
4720 8 29 350 89 395 238 381 542 911 4930 283 5717 547 6333 370 8201 135
4721 8 1148 315 3453 929 3768 757 4633 200 5450 884 7309 597 7593 717 9505 995
4722 7 14 964 1489 26 3862 280 4843 447 5493 945 5782 143 8706 190
4723 7 855 401 2663 256 4620 546 8019 725 8136 268 8389 236 9649 697
4724 4 765 959 1946 324 4750 623 7445 797
4725 6 2758 626 3984 579 4929 156 5675 963 5739 996 8474 308
4726 4 2968 646 3482 804 5609 989 6687 928
4727 4 1245 720 1596 576 4152 406 4208 95
4728 4 1252 366 1697 256 6675 377 8803 717
4729 6 1015 624 4015 908 4623 339 7633 334 8045 329 9762 775
4730 2 747 613 3207 249
4731 5 2129 711 2824 339 3532 745 4367 699 8646 449
4732 6 2275 929 2632 876 3004 561 4669 244 4941 629 8787 548
4733 7 1441 691 3941 339 4143 572 4326 992 8949 950 9360 341 9950 287
4734 2 3595 54 3754 649
4735 2 635 578 7641 778
4736 7 4444 596 5709 436 5841 375 6444 452 7111 629 7505 357 9259 895
4737 8 9 214 1505 857 2356 536 3507 979 4598 830 4881 509 5928 301 7644 80
4738 5 2272 948 2519 25 2807 995 7102 186 8958 308
4739 2 2519 799 3459 34
4740 3 1343 431 8619 826 8958 128
4741 7 1140 409 2124 688 4106 854 4167 661 4588 964 7398 579 8426 635
4742 5 420 707 755 726 4472 524 4993 121 7503 480
4743 4 109 991 132 63 4372 153 6757 977
4744 10 44 567 290 497 697 479 3384 231 4980 904 6268 235 7139 443 7656 758 8895 95 9330 79
4745 4 3667 270 4948 45 8676 758 8986 400
4746 2 613 746 9463 551
4747 4 200 186 3968 379 7184 929 7607 467
4748 5 772 968 3699 795 4406 988 8613 881 9336 577
4749 7 282 463 2916 979 2947 530 6171 24 7001 259 7409 858 9829 780
4750 8 342 375 1803 604 3800 368 4211 942 4724 623 5028 656 8676 496 9892 418
4751 8 2038 702 2082 716 7948 155 8426 597 9196 622 9503 148 9717 739 9837 82
4752 2 1301 282 3729 269
4753 5 3174 484 4106 713 5338 778 7796 448 9311 271
4754 7 344 887 387 398 419 394 2019 191 4013 245 5509 943 7222 854
4755 7 1165 156 1245 988 2115 868 5329 191 5551 429 6203 354 7455 552
4756 6 2717 335 4106 819 4289 854 7543 860 8131 258 8486 686
4757 3 925 89 1416 962 5972 665
4758 10 378 220 1018 128 1725 360 3064 803 3453 365 4281 676 5738 551 7294 573 8422 729 9802 632
4759 7 1860 463 3820 456 4243 470 5651 846 5880 432 6353 638 8173 435
4760 4 2437 610 2713 280 9019 919 9715 861
4761 2 2079 666 2361 42
4762 3 1752 89 6022 731 9474 664
4763 4 867 3 1907 138 3328 66 7758 787
4764 3 2003 458 3262 676 7018 152
4765 5 2834 445 3386 67 4608 613 7549 249 9319 728
4766 8 358 513 2474 152 2861 837 3612 840 4401 545 5682 214 6980 840 8267 329
4767 8 1042 828 1836 78 1960 642 3187 718 3496 651 4399 334 4880 972 9069 842
4768 7 344 971 2095 575 2163 525 2838 105 3525 118 3835 462 7909 238
4769 7 773 336 1716 282 2535 44 5908 520 6439 93 7712 788 9931 231
4770 2 3178 87 5369 574
4771 6 2549 2 3557 598 4411 196 4526 611 6594 863 9307 961
4772 2 2673 496 3224 475
4773 7 207 537 628 3 2132 668 4602 99 5320 56 5911 966 9902 941
4774 7 3988 94 4568 473 5082 452 5635 178 6491 350 8621 428 8791 532
4775 6 2042 617 2466 168 2770 513 3678 313 4777 565 9788 15
4776 6 615 950 1096 221 1379 652 1385 898 3026 945 4359 259
4777 6 1229 781 3599 179 4775 565 5910 964 7128 476 7617 864
4778 4 3157 983 5975 384 6097 324 8241 807
4779 6 1610 20 3942 886 5636 67 6367 357 6423 300 7737 153
4780 7 233 636 3146 179 3441 24 4156 752 5939 463 6914 494 9041 504
4781 7 939 54 1499 384 1628 593 1988 511 6520 901 9248 971 9568 239
4782 5 1224 912 1498 441 3736 799 4155 159 8314 654
4783 5 238 93 1193 245 2922 726 5995 871 7740 315
4784 7 725 881 777 595 1580 742 3497 88 5422 742 7111 554 7228 136
4785 8 414 733 1421 976 1885 41 4353 52 7055 31 7304 233 7988 118 8303 189
4786 9 1171 341 1273 780 1377 217 2056 796 4089 218 4406 373 4913 676 7632 771 9958 6
4787 8 1653 190 1802 510 3856 237 5049 563 6119 402 7076 914 7181 766 8261 37
4788 7 423 395 2683 256 2690 253 5832 210 5925 740 7149 12 7279 665
4789 4 1653 406 3662 22 6541 44 9734 98
4790 10 2668 159 3416 284 4344 164 4899 39 6291 348 6838 810 7622 307 7650 67 9830 769 9850 645
4791 8 1685 333 4394 665 5055 957 5685 547 7586 256 7646 515 8181 577 9924 697
4792 5 2113 582 3434 790 3555 343 4277 56 4468 896
4793 7 101 362 668 255 1500 239 1955 548 2431 579 8381 192 8613 19
4794 6 1246 410 3220 542 3514 805 4365 999 7232 447 7376 115
4795 9 441 490 2159 119 2849 595 4068 916 5218 352 5542 696 5828 287 6140 390 7336 818
4796 6 1544 428 3490 989 3622 281 7374 394 8332 927 8386 78
4797 11 547 324 1261 895 1993 462 2891 912 3052 218 3069 264 5823 674 6962 31 7100 582 8437 105 9802 28
4798 9 1880 468 3268 543 5682 259 6924 231 7052 100 7405 591 7538 30 8372 972 8636 427
4799 8 1151 332 5201 759 6316 903 6786 494 7160 544 7725 676 9739 182 9990 941
4800 5 596 259 3877 630 6892 718 7203 433 7392 50
4801 4 1152 634 3647 850 5393 472 8555 12
4802 7 470 82 2737 764 3050 816 5225 74 6811 670 7131 758 7885 115
4803 3 253 894 4574 327 8121 383
4804 4 732 506 4850 26 6051 387 9326 717
4805 5 1279 736 3580 152 3947 601 6367 857 7496 724
4806 6 698 292 3077 949 4026 723 5615 149 6165 640 9963 60
4807 6 829 77 1213 350 3320 772 5138 873 5588 203 5887 26
4808 7 80 43 2217 634 2629 832 6920 402 7250 529 8105 715 8546 346
4809 7 1369 852 2471 638 2615 198 3409 913 4312 324 4824 277 9175 749
4810 6 190 181 214 627 3265 205 5561 209 5695 861 7786 333
4811 5 389 343 2172 476 4026 107 4660 375 6450 913
4812 8 131 56 132 100 2858 932 4838 794 5620 858 7208 815 7232 41 9667 34
4813 4 1686 319 5146 46 7744 417 8020 590
4814 3 3291 807 5459 255 7764 637
4815 6 2307 672 3930 854 4575 553 5921 632 9373 583 9492 431
4816 5 12 688 1572 427 5914 14 6263 962 9122 873
4817 6 1504 854 1877 315 2648 729 3434 235 6452 586 8968 725
4818 7 333 107 2614 978 3168 753 3817 987 3984 673 6789 935 9974 47
4819 5 394 589 733 365 3568 930 5499 18 9294 827
4820 5 1965 483 2162 429 3025 36 3553 798 9640 767
4821 6 1642 72 2008 778 3718 119 6377 552 7124 676 7872 642
4822 7 1009 436 1146 998 1581 244 1820 329 5500 938 7314 580 8373 455
4823 7 246 200 2017 290 3238 945 3958 459 4845 368 7083 50 9204 123
4824 4 4809 277 7112 648 7652 445 8407 938
4825 9 335 358 652 28 1648 86 1943 804 3641 52 4173 495 6854 125 7463 921 7777 24
4826 11 113 409 182 752 516 568 1841 306 1880 328 3301 694 4024 77 5257 399 5355 518 8492 470 9135 423
4827 4 1553 523 8247 632 8455 844 8826 449
4828 4 1490 370 4547 697 7159 231 7561 191
4829 6 1599 830 2101 242 7664 488 8088 881 8570 836 9534 818
4830 3 2474 201 3712 386 4554 77
4831 2 4485 487 9865 358
4832 9 366 766 3144 894 4536 990 5239 25 6740 657 7407 23 7746 443 8896 68 9449 561
4833 12 2240 828 2472 812 3874 912 4600 393 5311 180 5656 523 6095 817 7444 199 7589 203 7669 162 8284 218 8621 651
4834 7 1131 688 1806 46 2453 567 4112 742 4945 814 5530 561 5952 229
4835 3 1590 206 4541 986 8422 8
4836 4 774 477 1961 374 3560 676 8483 732
4837 9 2115 617 3327 626 4962 747 5235 320 5544 328 7245 657 7293 485 8844 415 9869 883
4838 5 334 694 1654 389 2617 105 4812 794 7652 53
4839 6 1948 684 3737 882 4929 410 5854 600 5871 456 7821 803
4840 4 1658 734 3930 344 7004 995 9434 94
4841 2 440 230 2718 220
4842 8 1307 294 2318 445 5804 994 6957 466 7250 774 8263 254 8798 990 9543 405
4843 5 3678 289 4722 447 5360 253 7291 736 9433 541
4844 2 1652 206 8431 720
4845 9 128 412 1617 362 3969 16 4654 310 4823 368 5620 569 7349 148 8325 84 9805 481
4846 7 1395 93 1975 874 3841 567 6095 442 8187 553 8340 798 8752 369
4847 7 2155 829 3131 42 3352 808 4661 585 5932 780 7532 647 8633 791
4848 6 3685 619 4690 970 6982 763 7095 433 8942 347 9480 368
4849 6 858 243 2466 483 3825 577 6246 719 6349 787 6720 492
4850 9 431 175 1087 655 4058 301 4804 26 5500 374 6761 587 7254 810 8148 679 9577 415
4851 7 2873 328 3966 429 4356 932 7399 577 8325 185 8358 863 9168 486
4852 2 1636 803 2910 200
4853 4 810 103 3346 277 4160 418 5539 858
4854 4 2409 464 2503 852 3593 707 6506 23
4855 5 1746 770 3497 397 5817 992 6526 509 9028 851
4856 7 1833 839 6054 688 6816 610 8868 734 8953 841 9260 831 9833 119
4857 4 2445 985 4651 133 4862 809 7898 426
4858 3 4266 363 5371 565 7676 595
4859 5 4146 499 6637 795 6664 63 8558 433 9844 166
4860 4 688 461 2824 549 4288 642 6410 213
4861 10 1083 452 1318 870 1549 5 2020 604 5053 916 5060 36 5432 837 7257 841 8768 459 8981 908
4862 6 1854 166 4205 829 4857 809 5010 488 7818 637 8571 475
4863 6 2745 354 4671 103 6713 281 8094 2 8842 7 9810 311
4864 7 468 496 3307 228 7221 507 7931 561 8230 263 8680 423 9443 313
4865 4 1329 113 3503 804 7031 346 7444 117
4866 6 1020 271 6359 988 7107 72 9223 186 9563 97 9634 397
4867 4 760 151 1481 795 4305 618 7640 647
4868 4 2632 349 4575 941 5259 279 7106 721
4869 8 1456 845 1729 151 3349 913 5074 579 7422 834 8346 410 8487 635 9521 409
4870 5 555 619 1190 430 4489 814 9047 153 9741 100
4871 4 953 598 2875 90 6046 939 9748 289
4872 8 915 749 1453 67 3281 892 6685 967 7649 792 7661 106 8055 957 9054 233
4873 10 3160 101 3403 846 4000 831 4079 238 4919 253 5044 915 8034 205 9443 789 9646 562 9733 728
4874 4 1778 53 2765 731 3781 33 6596 567
4875 5 1698 107 2086 408 2750 598 5495 671 7207 347
4876 4 891 476 2423 502 5029 647 8940 937
4877 8 1855 997 3465 977 6911 998 8125 92 8385 389 8502 834 9430 174 9967 472
4878 5 477 750 4560 250 6729 772 7455 808 8260 418
4879 6 593 519 3269 339 4902 875 5190 452 6202 171 6543 576
4880 9 319 273 1026 150 1359 743 1574 804 3482 108 4767 972 5453 591 7852 582 9125 310
4881 3 4102 363 4737 509 6940 453
4882 8 334 519 2874 700 4496 558 5353 460 7533 992 7765 907 7958 40 9850 717
4883 7 1579 315 1799 189 1919 53 3108 202 8411 792 9304 245 9531 412
4884 8 2474 732 3227 243 5421 282 5550 186 6355 162 7657 933 9809 640 9931 395
4885 9 718 261 1506 602 2687 237 3571 336 4897 537 6549 995 6963 512 7776 365 8037 220
4886 5 3400 977 3590 833 3906 99 7252 272 8759 927
4887 7 899 144 1887 108 4334 687 4388 720 5468 162 7629 834 8745 227
4888 11 433 692 496 665 2073 928 3186 640 3608 618 4190 52 4302 78 5346 989 7135 880 7954 118 8703 530
4889 6 1297 346 4023 837 6152 600 7313 93 7457 66 9344 640
4890 4 1186 125 1356 410 3885 622 8019 6
4891 6 9 6 1606 789 3236 655 3629 682 3808 474 4611 55
4892 7 1963 797 2597 800 3760 64 5697 583 7258 46 9938 345 9941 20
4893 2 698 858 3879 880
4894 3 1279 349 4440 311 4910 571
4895 5 198 891 1290 589 4389 996 4979 379 6816 157
4896 6 3219 245 3293 989 3824 52 5920 331 7251 262 8668 767
4897 6 635 481 1279 976 1535 773 3359 551 4885 537 6472 714
4898 8 301 744 2733 73 3433 971 6338 919 6463 789 7319 312 7322 145 8603 972
4899 6 212 407 764 341 1273 816 4790 39 6541 875 8346 645
4900 10 565 843 2314 810 4227 153 4304 210 5440 326 5645 985 6292 407 8079 479 8098 711 8216 248
4901 7 1762 440 2286 400 4083 795 5902 111 6192 362 7867 197 8285 507
4902 7 414 238 1921 227 2141 719 4879 875 7126 929 8606 532 8736 769
4903 8 1280 102 1608 437 3708 244 5068 705 6108 85 6164 865 8634 950 9446 342
4904 11 972 538 2608 918 4301 769 5741 274 6048 468 6192 708 6422 234 7930 542 7966 852 8100 297 9068 994
4905 8 15 178 54 844 1556 270 5069 843 6512 790 8136 356 8381 999 9326 998
4906 5 224 376 1783 962 6306 762 7202 572 9601 557
4907 5 257 732 822 358 3256 549 9164 780 9230 853
4908 11 172 345 2318 76 2976 585 3010 460 3672 66 3806 55 3952 239 4601 540 5381 187 5784 317 5820 899
4909 6 1700 735 2097 352 2388 815 7803 180 8334 730 9296 573
4910 6 4894 571 5631 690 7924 404 8309 951 9263 383 9622 359
4911 7 1547 432 1656 898 3186 500 4936 870 5440 803 6121 774 9060 677
4912 4 729 976 3993 349 4326 727 9509 773
4913 9 137 212 1663 901 1796 900 2281 635 3751 758 4631 391 4786 676 5712 464 6727 847
4914 2 3115 990 5548 98
4915 6 687 342 2339 763 3152 115 8075 604 9228 379 9846 684
4916 2 1088 132 3163 436
4917 6 1355 262 1919 289 3386 450 6023 39 7432 506 9723 833
4918 2 447 765 3413 727
4919 9 2619 740 4038 83 4421 255 4873 253 5893 466 7379 153 8817 333 9137 746 9641 337
4920 5 497 102 3464 128 5465 534 5489 445 7195 398
4921 5 720 49 2791 934 3027 193 4366 509 4981 705
4922 2 1458 991 1609 4
4923 7 3656 508 4361 955 5944 690 7205 633 7284 987 7540 179 9673 867
4924 7 1430 652 2527 161 5368 628 6314 991 8304 536 8507 13 9032 504
4925 5 2018 237 3553 713 3984 245 7599 756 9696 774
4926 7 148 314 1266 591 1917 818 4245 797 6380 452 7281 80 7582 56
4927 4 1826 464 2463 187 6081 372 7176 814
4928 8 1067 393 1432 451 2699 608 4624 375 5050 521 6365 414 7204 627 7842 8
4929 5 1199 129 4725 156 4839 410 4964 305 8218 701
4930 5 1611 539 1755 166 3384 130 4720 283 6958 750
4931 3 3377 726 8686 364 9839 980
4932 7 4195 85 5171 540 7082 171 7219 408 7613 833 8875 220 9216 197
4933 5 2038 942 2819 82 3715 590 7946 551 9728 974
4934 4 439 940 876 238 4295 19 7876 844
4935 7 1260 826 2394 250 2617 550 3858 475 6182 584 6581 165 8370 210
4936 7 603 505 841 480 1235 536 4911 870 6614 677 7100 797 7479 911
4937 9 741 147 2212 327 3287 753 5087 299 6090 330 7254 945 7386 868 7426 971 8825 436
4938 5 1314 894 2018 332 5267 127 7144 934 9075 966
4939 4 241 713 1061 28 2443 866 7837 819
4940 6 1408 155 2194 656 2808 878 4053 384 7449 989 9577 826
4941 5 913 446 4732 629 5184 481 7903 852 9047 843
4942 6 455 722 1641 852 1887 122 4969 846 5695 915 9926 401
4943 7 1211 347 2733 670 3359 121 6064 130 6688 433 8402 440 9839 590
4944 7 2414 38 3400 901 4214 550 7099 207 7678 989 7985 433 8852 584
4945 10 42 687 319 207 433 436 1396 840 4699 219 4834 814 5322 786 6754 490 6854 699 8341 925
4946 2 3569 966 5041 766
4947 5 442 64 2608 328 3425 724 3947 656 4438 684
4948 11 413 454 869 176 1744 985 2042 600 3282 398 4745 45 5231 899 5239 735 6487 349 7688 595 8076 381
4949 4 1663 749 1980 790 5257 956 7435 432
4950 5 2569 607 3123 261 3835 558 5505 946 7678 109
4951 3 322 927 5262 94 7970 265
4952 4 2568 170 4992 719 5235 913 5265 128
4953 6 4079 735 4205 237 4441 84 6127 103 7582 146 9748 221
4954 4 2569 911 5308 736 7836 427 8695 636
4955 6 2499 587 2595 402 5245 848 6486 217 6640 587 8227 834
4956 2 2814 344 3749 874
4957 6 867 353 1136 309 3784 749 4101 517 4210 876 6603 381
4958 4 1486 671 5678 232 5743 746 6641 614
4959 3 3617 655 3732 856 9503 753
4960 6 2224 636 2787 930 5679 256 6758 828 7554 77 7938 192
4961 3 1969 965 2139 6 3700 55
4962 4 213 739 1258 133 4513 258 4837 747
4963 7 12 123 1066 900 2472 834 3199 324 6221 288 7870 515 9948 332
4964 6 2863 177 4929 305 6056 995 6154 781 8598 702 8932 219
4965 6 112 65 3182 370 3277 314 5596 266 7960 434 9502 315
4966 4 2657 227 3530 282 7756 396 8221 701
4967 8 439 270 1032 895 1320 762 1513 88 3845 717 4134 176 6173 547 8716 142
4968 9 151 105 163 339 478 482 1492 946 2490 831 3017 759 5369 379 6306 165 6810 172
4969 6 343 67 4942 846 6907 542 6972 924 7724 612 9873 85
4970 6 2275 659 3719 52 6012 225 7250 618 7876 145 8618 684
4971 10 799 503 1169 77 1269 889 3433 478 3953 883 4406 149 4989 553 6966 995 7119 941 9604 447
4972 10 1962 674 2081 939 2926 55 4359 236 4571 150 5836 885 7258 280 7749 281 7916 840 9079 87
4973 4 193 454 1255 555 6194 850 6875 857
4974 6 354 708 555 289 3676 405 6937 855 9343 451 9729 707
4975 5 533 578 4301 493 6150 830 6903 690 7311 222
4976 3 2923 677 6006 401 8324 229
4977 7 170 153 1004 536 1563 949 3008 438 4668 624 7943 370 9921 485
4978 6 1841 570 3660 70 3700 922 3968 168 6512 577 8370 934
4979 8 793 321 856 172 4895 379 6059 40 7380 667 9109 483 9180 310 9511 692
4980 9 501 19 862 25 956 175 2896 622 4388 129 4744 904 5881 842 8169 174 9037 423
4981 4 664 396 4921 705 5798 262 9481 342
4982 6 616 805 1379 768 3467 123 3627 917 5044 379 9596 273
4983 5 1033 715 2668 138 4994 841 5471 24 6754 634
4984 4 2015 473 4353 968 6268 219 7521 408
4985 3 3298 687 3700 971 8289 556
4986 5 810 96 1347 157 2273 133 6078 911 7642 650
4987 2 3238 98 5143 333
4988 5 307 240 1774 597 2047 273 2506 812 4029 863
4989 3 1428 784 4971 553 5436 245
4990 4 2351 518 2727 397 5608 940 8476 357
4991 5 767 143 1253 754 1829 33 3723 750 5630 403
4992 9 710 745 1513 22 3316 923 3354 527 4307 563 4525 2 4952 719 8122 969 8709 339
4993 4 3780 270 4742 121 5102 282 6979 472
4994 4 1010 97 4983 841 6843 719 7819 682
4995 5 282 720 477 698 1334 576 2192 820 6068 141
4996 5 1993 431 2705 623 3394 726 5972 603 6759 276
4997 7 817 384 1573 821 4539 668 5206 981 8237 339 8244 713 8350 306
4998 5 753 849 2913 523 5197 536 6174 13 9711 81
4999 9 1737 792 2206 711 3696 362 3752 942 4421 470 5667 60 5866 912 6392 309 8807 840
5000 5 1754 786 1972 705 3310 954 3744 800 5123 950
5001 5 3424 557 5805 583 8686 118 8796 826 9912 400
5002 7 376 194 2589 972 5491 571 6284 312 7443 483 7754 679 8480 93
5003 2 1404 48 8639 35
5004 9 1606 433 1906 411 2635 566 2891 880 4300 988 6880 29 8617 820 8621 622 8769 205
5005 7 915 670 3329 950 3844 71 4047 756 4495 927 5821 817 9308 750
5006 3 863 969 3468 888 9448 626
5007 5 2228 768 3001 934 6573 22 8090 619 9089 692
5008 5 353 947 4576 780 5109 613 6061 77 6480 641
5009 8 801 106 1603 701 3319 238 4062 731 5746 963 7462 719 7487 484 7639 326
5010 6 4209 919 4862 488 6286 513 7871 286 8653 662 8931 726
5011 3 978 936 4545 614 5045 980
5012 4 406 218 1772 86 6105 106 9626 212
5013 2 1756 366 7477 178
5014 5 1493 236 1842 459 2289 773 6643 118 9722 572
5015 6 1956 48 2615 215 3869 946 6407 380 7132 267 8060 493
5016 2 359 37 3335 725
5017 8 350 890 1144 487 2170 380 7599 365 7841 473 8883 150 9330 538 9793 178
5018 3 2752 93 9013 199 9881 256
5019 5 312 556 3706 392 5246 328 8723 823 9662 22
5020 8 209 954 1922 357 2949 969 3725 726 5851 903 5905 320 6484 727 9972 113
5021 6 675 203 689 366 3185 525 4020 112 8805 952 9608 362
5022 6 1023 752 8092 919 8429 886 9217 841 9387 473 9766 521
5023 6 2668 157 4048 824 5266 526 7650 98 9079 808 9351 886
5024 4 747 182 1848 243 2625 311 2743 606
5025 8 532 427 1360 243 1942 752 2615 602 2975 539 4468 117 6023 993 6137 291
5026 5 581 794 1947 495 5450 647 6405 540 9815 347
5027 7 1093 635 1294 662 5507 644 6304 561 7131 99 7287 283 9954 832
5028 10 295 479 2937 742 4750 656 5444 277 5885 763 6334 126 6742 946 8464 269 8932 630 9643 290
5029 6 1305 464 4876 647 5236 883 8096 88 8206 581 8854 918
5030 5 1812 361 5435 216 7210 75 8433 262 8779 977
5031 7 332 902 1302 28 1457 693 1585 342 7362 397 7428 49 7819 382
5032 4 611 648 3027 586 3287 569 4609 791
5033 9 124 777 516 362 2602 565 4694 637 4717 544 5569 948 7211 869 8805 710 9316 840
5034 7 748 175 3116 977 3643 789 5897 745 6515 662 8111 784 8371 134
5035 9 288 881 2980 320 4511 424 7013 218 7358 245 7514 633 7794 964 8328 290 8771 972
5036 5 3480 866 6428 97 7196 641 9185 176 9677 851
5037 12 1724 837 2558 853 3087 751 3123 230 4235 419 4333 729 5507 292 6210 469 7535 55 7892 395 8793 343 9913 256
5038 5 1164 746 4060 988 4315 955 7196 887 8746 724
5039 4 1187 68 2476 418 3966 550 7569 588
5040 4 3148 126 7412 50 8082 216 8423 628
5041 4 2701 312 3486 66 4946 766 6355 587
5042 4 878 692 1400 313 5826 572 7226 646
5043 3 1138 179 6042 283 8178 869
5044 9 364 651 1044 762 4587 546 4873 915 4982 379 7867 925 7975 521 8741 716 9155 476
5045 3 4054 583 5011 980 8197 12
5046 2 2747 805 9115 178
5047 4 848 129 5068 933 5934 444 6933 393
5048 9 823 536 1438 145 1848 251 2223 136 3922 906 6180 696 6326 199 9316 278 9400 86
5049 7 2714 880 4787 563 5477 577 6188 49 6728 437 7113 882 9502 41
5050 8 228 782 2451 191 2775 413 2788 196 3202 507 4928 521 5607 721 6860 61
5051 9 56 457 734 904 1190 780 5589 359 7103 251 7271 221 8048 98 8849 760 9578 956
5052 8 2630 426 2899 453 3355 918 4365 654 6756 610 7143 845 8728 945 9261 669
5053 2 3302 592 4861 916
5054 7 644 923 1140 831 1740 403 2558 437 4149 336 7153 437 7371 308
5055 5 2510 918 3786 736 4158 227 4791 957 6530 399
5056 8 791 786 1488 214 2576 752 4174 264 4617 94 7469 268 9164 960 9192 59
5057 5 808 577 2161 162 2678 506 7972 56 9333 650
5058 7 1943 419 4478 521 5179 585 5817 687 6759 588 9063 326 9522 394
5059 5 596 104 4381 615 5593 399 7629 528 7663 468
5060 6 1937 868 2861 622 4562 330 4861 36 5410 466 6064 890
5061 5 367 289 2732 817 2949 845 7345 837 7831 200
5062 1 1774 276
5063 9 189 601 871 836 1167 832 1613 922 3271 682 3795 682 4554 65 7341 770 7973 657
5064 8 72 883 298 154 1777 813 3498 459 5540 542 6540 791 9104 551 9500 969
5065 5 2027 460 2160 418 2857 935 3743 369 9501 912
5066 8 2119 77 3526 140 3799 688 5438 702 5740 199 5838 794 8284 530 9766 122
5067 7 3696 442 4041 567 5321 290 5363 94 5547 764 7441 802 8849 93
5068 4 4903 705 5047 933 5355 27 6497 575
5069 6 3458 324 4283 674 4905 843 5427 535 5533 811 6953 623
5070 9 114 357 1915 365 3233 672 4022 52 5803 436 6347 110 8060 236 8550 584 9598 614
5071 1 563 47
5072 4 669 952 1230 666 9488 763 9978 635
5073 4 643 904 2897 704 5580 965 6485 565
5074 9 480 930 619 891 2624 716 2704 337 2824 408 3414 62 4869 579 7546 935 8252 784
5075 4 147 924 7024 416 9197 70 9511 813
5076 8 1196 979 3891 327 4028 478 4716 239 5670 33 5885 588 9089 49 9922 991
5077 3 2823 222 5800 20 8348 37
5078 7 2464 508 3682 982 5527 669 6226 3 7458 48 8606 561 9908 229
5079 7 1851 808 2121 524 2739 296 3531 764 4481 963 7576 86 7641 119
5080 11 66 272 139 88 145 824 1134 86 1342 543 3554 537 4601 841 5812 223 5984 505 7824 172 9330 449
5081 7 1386 561 3184 504 3349 444 5437 200 6162 34 6417 137 7136 999
5082 8 4774 452 5409 108 5894 423 6245 76 6773 549 6807 754 7013 532 8882 119
5083 5 772 542 1199 507 1484 156 2791 81 8765 250
5084 6 2777 69 4289 559 5160 970 6251 365 6627 996 8424 863
5085 4 222 26 559 742 4680 528 8012 753
5086 9 542 962 2438 686 3353 32 3862 370 5318 233 6435 556 7253 1 7686 134 9007 775
5087 8 246 383 337 865 3756 781 4937 299 5449 211 6273 296 8975 237 9462 493
5088 5 708 849 2789 684 4684 568 7552 287 9893 808
5089 7 2604 651 2997 206 4432 638 4433 810 5592 35 6475 832 9823 446
5090 6 232 369 3791 622 4424 870 4469 140 6211 502 8271 37
5091 2 40 236 2659 852
5092 7 182 749 1950 668 2070 517 4236 696 5523 867 5903 460 8513 850
5093 7 894 572 908 755 2497 631 3005 605 5515 110 7820 123 9895 269
5094 2 242 287 2936 672
5095 2 2079 295 9977 950
5096 3 4593 971 6860 845 7434 239
5097 7 608 159 1263 854 4406 73 6870 655 8133 390 9074 141 9932 930
5098 5 1553 318 2296 970 3900 180 6140 749 7539 277
5099 5 678 144 1395 552 3118 273 5865 252 8681 436
5100 6 1844 982 2604 29 3946 801 4209 316 7269 21 9488 420
5101 5 1977 136 3474 379 3552 556 6610 715 8809 239
5102 12 353 903 1175 176 3358 888 3670 576 4993 282 5953 427 6075 613 6103 988 7475 125 8026 414 8159 517 8488 603
5103 7 411 278 691 565 1936 782 3285 178 7456 626 8911 62 9307 729
5104 5 858 408 4580 180 5359 148 6454 814 7685 814
5105 8 1778 351 1976 566 3517 830 3603 267 5402 236 5921 78 6931 256 9758 447
5106 12 1521 751 4074 102 5159 657 5275 836 6235 438 7132 722 7422 665 7584 695 7737 704 8646 344 8676 173 9203 117
5107 6 2920 440 3006 366 3983 232 5826 571 6151 93 9528 951
5108 4 74 774 3781 368 4010 817 4590 285
5109 4 2163 922 3339 288 5008 613 6571 321
5110 5 1106 552 2303 477 2767 682 4546 351 9487 198
5111 8 378 892 397 48 862 4 2015 21 4129 561 4557 236 7624 170 8905 510
5112 6 3196 408 4399 563 5272 972 6185 861 7859 210 9002 900
5113 3 765 615 9223 311 9957 655
5114 6 2106 773 3596 257 5129 219 5481 417 8415 95 8474 424
5115 6 2337 765 2624 318 2925 198 5830 36 5981 414 7047 173
5116 5 219 714 1480 593 7951 361 8016 719 8379 586
5117 3 1833 108 3583 798 5153 802
5118 8 355 333 1129 562 2423 403 3900 724 5959 887 6606 967 7204 894 7691 165
5119 3 2122 226 4120 55 4482 793
5120 5 1763 100 3693 723 5542 261 6848 556 8942 224
5121 2 1410 470 9554 911
5122 13 335 457 659 915 1236 970 1461 550 1762 382 3725 168 4573 718 4578 36 6931 662 7082 339 7687 834 8396 142 9868 308
5123 4 1284 601 2354 223 4290 500 5000 950
5124 7 509 487 627 625 2388 198 6650 638 7101 658 7287 627 7929 983
5125 9 507 485 1990 297 2037 794 2453 475 3766 774 5908 399 5947 841 7517 441 9146 539
5126 3 2393 876 7266 678 8999 472
5127 6 49 127 2616 64 3309 123 6950 238 7458 901 8406 256
5128 12 459 276 3253 741 5131 245 5141 582 5439 635 7516 813 7647 547 8780 661 9399 608 9414 137 9821 753 9963 494
5129 3 3693 699 5114 219 8433 331
5130 3 2298 433 7351 379 9332 869
5131 6 1733 550 3565 25 5128 245 6684 357 7828 49 9129 696
5132 6 1706 667 3697 329 4587 332 5880 936 8537 982 9997 625
5133 5 173 166 817 891 6104 347 6564 320 7568 667
5134 3 2487 575 7920 967 9383 259
5135 8 698 36 874 385 1580 433 1672 950 2497 538 3241 131 9728 357 9964 542
5136 6 392 277 1628 172 4076 702 7410 771 7988 736 9960 215
5137 5 1610 847 2308 810 8628 966 9652 424 9833 133
5138 9 1297 256 3156 751 3773 161 3804 228 4807 873 6169 51 6736 934 7239 717 9755 548
5139 6 886 52 5316 604 5394 232 6729 359 8799 248 9906 201
5140 5 1222 567 1991 305 2721 567 4581 113 9247 523
5141 8 3437 195 5128 582 6735 284 6878 179 7916 400 8393 329 9209 200 9388 441
5142 4 12 614 660 164 6675 309 6876 349
5143 7 2809 105 4148 820 4987 333 5861 943 7005 55 7433 312 9350 400
5144 5 1645 291 5289 122 5431 231 5940 660 6165 344
5145 5 1208 242 2688 493 4033 417 7368 246 8261 512
5146 9 1333 868 2377 810 4137 289 4813 46 5942 703 6673 813 7590 290 8175 669 8660 670
5147 9 653 596 1548 953 2747 140 3296 309 3901 702 5255 745 5449 695 7122 581 7995 970
5148 3 4680 801 5751 321 9734 585
5149 7 4297 587 5291 501 5516 497 8119 886 8294 867 9615 351 9890 249
5150 3 2702 794 4718 784 6251 810
5151 4 2235 985 2827 809 7385 461 8202 312
5152 7 1996 127 4076 161 6271 211 7567 739 8060 415 8179 900 9471 766
5153 8 816 597 3141 451 4414 910 5117 802 5474 88 6141 414 7731 489 9883 110
5154 6 335 125 346 524 766 884 2482 207 6248 168 8026 971
5155 4 3790 794 6312 613 7787 754 7885 926
5156 6 866 420 1463 155 6314 599 6562 856 8504 6 8762 600
5157 6 1429 198 3562 30 4447 49 6364 897 8147 834 9430 670
5158 6 4226 278 4540 871 5462 492 5927 764 5999 552 7972 717
5159 8 856 834 1128 953 1389 998 2247 892 2581 100 5106 657 5383 978 5424 860
5160 8 129 15 233 549 318 299 2175 834 5084 970 6179 82 8073 768 9822 587
5161 3 153 210 491 390 2905 901
5162 5 96 992 6352 630 8343 46 9674 988 9879 824
5163 3 4639 377 5361 699 6401 562
5164 4 370 504 2440 623 3176 979 3190 79
5165 4 2656 42 2882 636 6235 809 7972 480
5166 4 437 893 3340 437 6626 868 9326 602
5167 7 2995 408 3169 20 4354 791 7504 575 8661 81 8740 88 9262 840
5168 8 389 131 1304 895 2410 102 2846 344 4357 912 6015 251 8745 45 9939 876
5169 3 2037 330 5748 735 6407 777
5170 8 817 302 1555 880 2317 920 4309 642 6576 78 8153 487 9100 618 9122 774
5171 7 551 497 3517 973 4932 540 5274 186 5628 403 5872 834 7934 197
5172 4 620 207 5603 129 7022 309 8216 322
5173 4 2065 696 4704 160 6075 699 8068 955
5174 4 1949 224 4182 557 4471 86 8686 775
5175 5 2156 377 3856 154 3965 585 4410 626 5909 261
5176 6 235 50 4707 194 5582 629 5639 717 7615 655 8285 621
5177 4 831 617 1024 551 1052 795 6067 274
5178 8 1552 211 3021 126 3406 859 3924 599 6976 308 8539 849 8720 953 9258 946
5179 9 638 363 2528 155 4104 706 4355 666 5058 585 5820 610 6865 754 7342 705 8063 202
5180 7 1851 199 2512 239 2812 394 4435 497 5616 23 5993 664 8765 775
5181 5 8 877 1062 933 1876 743 6401 55 9639 139
5182 6 871 670 2273 748 4569 213 6438 734 6570 308 8477 663
5183 6 2143 134 2528 554 2842 365 3490 507 4243 333 7508 999
5184 7 808 948 2236 224 4321 791 4941 481 5871 510 6272 861 7275 909
5185 5 3058 978 4277 146 4296 297 8663 274 8721 269
5186 4 909 592 1377 977 3856 40 8095 167
5187 4 456 387 1203 851 2565 254 4625 387
5188 7 11 970 413 343 1532 790 4523 745 6270 230 7005 85 9184 349
5189 6 20 506 181 769 1893 274 6177 203 7270 943 9587 362
5190 4 78 790 1978 746 2509 130 4879 452
5191 6 528 740 743 153 3582 222 5295 759 5723 631 6000 953
5192 5 30 510 1953 362 6492 616 7532 199 8217 360
5193 8 917 284 2344 357 2591 103 2746 182 2859 296 4041 995 6085 83 7968 184
5194 3 2375 739 2739 483 8816 868
5195 8 681 820 1236 275 2289 515 2714 863 5560 81 6451 787 8858 324 9382 160
5196 10 690 176 943 690 2873 676 3262 530 3454 285 4299 694 5469 363 5503 386 7098 410 9752 69
5197 5 1161 33 1847 848 3417 102 4998 536 6805 242
5198 4 944 150 2856 269 7281 967 7939 18
5199 8 58 709 898 972 2208 270 2316 602 4157 247 4638 623 6018 706 9941 270
5200 7 1079 154 2622 677 2661 126 5583 766 7584 818 8798 727 9498 757
5201 8 1239 202 3866 661 3949 806 4328 433 4799 759 6268 878 7116 700 9548 661
5202 6 120 75 1074 770 7623 531 8689 494 9140 534 9222 617
5203 5 2045 831 7531 565 7971 82 8360 6 8876 443
5204 6 2819 788 3251 4 3826 896 7762 142 8507 873 9889 643
5205 4 105 91 2430 42 6577 430 7288 66
5206 5 2404 316 4631 733 4997 981 9323 21 9340 961
5207 7 32 738 2391 296 2487 365 2506 50 4327 75 6590 582 9887 510
5208 5 338 380 2530 375 3159 508 3855 399 7861 152
5209 4 2080 357 3044 516 3391 9 6567 584
5210 6 393 247 1224 228 2715 241 4442 134 6958 303 8778 919
5211 10 234 160 644 541 882 168 957 54 1332 869 3564 886 4519 70 5550 646 7194 285 8320 618
5212 9 301 163 6301 553 6451 509 7246 413 7876 344 9023 993 9225 117 9244 932 9371 354
5213 4 607 819 3303 409 6370 519 7808 181
5214 6 32 937 3952 677 4675 738 6927 93 7366 860 9172 538
5215 4 701 380 2115 110 8533 378 9408 222
5216 4 2986 1000 3468 662 3738 858 4618 795
5217 4 4353 845 7928 967 7943 260 8407 262
5218 4 3174 573 4795 352 6329 412 9267 574
5219 7 7 256 145 717 1331 727 2705 387 4243 437 7400 448 9757 493
5220 5 195 132 5538 280 7386 725 8105 321 8932 619
5221 3 916 638 1923 799 7797 329
5222 4 534 910 5611 770 8591 715 8695 340
5223 12 602 469 684 133 1640 747 2256 394 2944 376 3488 335 4225 24 6092 957 6334 987 6384 781 7401 104 8441 511
5224 5 579 861 2506 19 3865 432 4163 494 8675 221
5225 4 3535 70 4802 74 7775 184 8802 274
5226 4 2335 280 4105 680 4177 811 8200 664
5227 4 3296 576 7911 978 8495 905 9625 505
5228 4 2194 116 2487 27 7887 206 9148 518
5229 5 2485 278 4554 275 7090 443 8438 505 9948 944
5230 4 702 709 3134 765 5262 626 6985 49
5231 4 3574 118 4948 899 6684 745 8292 171
5232 6 2345 979 5820 343 7455 90 8016 271 8948 138 9442 871
5233 11 399 170 4055 438 6143 809 6487 177 6568 984 7190 34 8006 223 8320 696 8836 665 9017 976 9612 20
5234 5 497 339 1630 802 4424 387 8087 779 9674 565
5235 9 369 673 1691 833 2598 519 3993 883 4621 385 4837 320 4952 913 5480 289 8930 607
5236 5 1754 923 3191 153 4216 525 5029 883 6579 210
5237 4 1415 777 2171 725 6795 775 8054 676
5238 4 3999 969 6355 269 7538 269 9474 225
5239 8 609 213 1536 146 4289 880 4832 25 4948 735 5614 577 6630 733 7077 209
5240 7 1305 499 2350 120 2571 732 3675 874 7974 492 8802 965 9139 472
5241 5 2525 661 2572 256 5769 732 6447 952 7821 218
5242 6 796 323 3795 924 6145 899 6301 841 8749 755 8987 949
5243 6 896 293 3479 894 4190 622 8118 776 9087 692 9279 824
5244 9 1779 703 2509 318 3139 959 3546 476 4143 603 5644 891 6270 501 8580 671 9786 884
5245 9 232 723 2294 499 2366 840 2670 993 3767 700 4243 331 4955 848 8130 346 9495 200
5246 5 1853 196 5019 328 6156 385 8350 115 9675 284
5247 6 1613 538 2466 337 7141 472 8537 907 9070 779 9132 252
5248 3 2807 856 6543 784 8070 462
5249 6 592 594 1177 958 1181 933 5400 318 6726 116 9658 18
5250 5 381 458 960 74 3219 305 6729 213 9289 1000
5251 6 3234 122 4090 326 4116 209 5769 494 8578 799 9713 680
5252 7 1047 782 2120 872 3283 136 3511 746 5957 464 8060 414 9510 596
5253 6 1310 957 1688 272 2251 51 2555 848 3089 467 9528 26
5254 3 2768 170 6461 693 6648 415
5255 5 2493 525 4208 574 5147 745 6974 165 9606 230
5256 8 1867 316 2338 141 2507 41 3932 674 5781 547 6497 560 6774 304 9742 819
5257 5 106 805 3161 437 4826 399 4949 956 7864 32
5258 6 1993 498 3089 867 3113 425 3782 708 6614 728 8574 204
5259 6 30 919 2039 255 3433 618 4868 279 8250 533 9424 249
5260 5 910 420 1908 522 7423 749 8127 12 9415 214
5261 3 2449 511 3632 693 8950 752
5262 8 198 463 1822 882 4951 94 5230 626 6531 273 7035 466 9066 75 9991 868
5263 5 956 517 1584 903 2047 391 7881 901 8316 280
5264 6 690 890 2864 653 4686 343 6233 151 7446 736 9071 612
5265 5 322 41 4556 953 4952 128 5477 913 8389 538
5266 9 2216 28 2362 990 2909 415 3643 739 4524 266 5023 526 8041 492 8713 434 9046 589
5267 6 4938 127 5366 585 5898 242 6073 333 9275 770 9547 316
5268 5 506 659 1215 367 1941 468 7019 406 8355 751
5269 4 729 747 2571 230 6387 879 9064 747
5270 4 131 816 5276 329 5360 444 8314 266
5271 4 1448 451 2842 772 7521 18 9832 670
5272 7 761 644 858 327 4481 443 5112 972 5975 968 6317 238 8538 781
5273 4 882 846 2703 225 4480 435 7355 857
5274 2 288 189 5171 186
5275 2 2353 391 5106 836
5276 4 333 223 575 716 5270 329 6097 454
5277 7 1038 509 3904 658 4545 312 5511 356 6156 611 7991 931 8725 260
5278 5 471 793 1222 892 3453 174 6202 180 6248 630
5279 5 90 524 2653 820 5593 481 7305 941 7643 484
5280 7 3140 16 5918 100 5923 968 6659 415 6925 207 7054 973 7137 457
5281 5 914 659 2244 259 3206 811 4421 53 7145 416
5282 4 2493 709 4698 10 5909 589 7708 67
5283 7 1445 331 4185 421 4300 864 4483 156 6103 869 7208 519 9033 162
5284 6 2589 22 2869 450 5616 75 9410 7 9670 258 9966 402
5285 4 512 583 2935 182 4457 508 8054 287
5286 9 2048 305 2147 899 3849 63 3979 521 5574 527 7162 796 7257 145 7825 843 8496 891
5287 3 4545 824 5827 171 6055 243
5288 6 672 121 1731 246 4635 220 5711 59 6535 732 8082 171
5289 6 951 876 1200 35 2362 374 5144 122 7331 382 9887 424
5290 7 1513 399 1597 443 2560 441 2696 472 5852 660 6181 516 7695 424
5291 4 1642 873 3911 246 4345 339 5149 501
5292 5 3764 695 3955 293 5515 373 5844 189 7652 614
5293 5 1023 719 2222 156 2759 337 8389 163 9085 956
5294 4 2991 583 7886 980 8996 716 9593 164
5295 4 3834 85 5191 759 7131 23 8675 907
5296 4 2479 923 2627 579 7713 376 9636 644
5297 3 1858 66 4057 659 6996 446
5298 5 2135 203 2328 370 3903 85 8256 900 9109 444
5299 3 3405 354 7833 18 8430 617
5300 2 736 77 774 347
5301 3 3830 84 3959 863 7969 139
5302 6 3963 487 5572 112 6784 382 7963 42 8475 985 9520 891
5303 4 618 759 1781 949 1921 587 3118 570
5304 8 162 149 834 307 1714 4 2451 970 6218 742 6872 107 7606 652 7694 726
5305 4 1432 83 2238 767 6984 672 8452 617
5306 6 728 942 946 328 1564 346 2374 95 8579 991 9796 34
5307 1 1956 64
5308 6 2811 817 3251 692 4954 736 5830 158 6183 591 9818 196
5309 7 246 587 1653 960 6317 989 6504 372 6507 148 7103 582 9925 78
5310 9 1253 873 1875 462 1882 954 3543 373 4477 607 6024 311 6386 828 7501 383 8593 101
5311 10 1080 746 3509 381 4833 180 5975 188 6543 688 7455 470 8126 190 8907 334 9122 791 9848 768
5312 8 1102 326 1841 438 3471 888 5536 593 5735 173 6988 985 8555 181 9731 889
5313 5 295 212 328 604 2937 794 6723 146 7751 137
5314 7 439 181 2744 854 3023 533 5738 250 8525 809 9515 728 9559 682
5315 8 1106 789 1337 806 3270 716 5675 33 6016 148 6681 880 6761 78 9635 700
5316 6 1400 63 2636 766 3416 328 5139 604 6918 257 8597 772
5317 5 3842 855 6445 890 7355 839 7463 864 9265 888
5318 5 358 910 3265 501 4349 635 5086 233 9769 470
5319 7 68 271 1592 878 2427 298 4316 373 7326 764 7614 134 7857 144
5320 6 4095 13 4773 56 5581 526 6272 307 8675 636 9344 381
5321 6 708 539 4589 77 5067 290 6150 725 7099 189 9365 273
5322 5 1162 238 4945 786 5463 986 6135 480 6783 334
5323 6 3089 235 3166 358 6963 905 6982 308 8247 334 8361 153
5324 5 2105 237 2911 240 4250 145 7923 822 9068 529
5325 3 977 838 3585 128 4400 328
5326 3 535 588 1147 594 6289 964
5327 7 619 301 1178 540 3183 689 3585 778 4060 621 4283 743 9734 528
5328 6 2331 411 2690 533 6233 805 8341 510 9042 799 9983 535
5329 5 3797 168 4755 191 8684 129 9528 760 9615 832
5330 6 970 794 2332 275 3203 694 8392 672 9117 881 9786 583
5331 5 1551 225 2809 95 3163 204 4254 537 4621 74
5332 4 2452 246 3446 626 5691 855 5795 535
5333 4 570 193 3717 992 5598 155 5889 52
5334 6 1177 909 3721 224 6781 25 8562 726 9097 32 9742 911
5335 7 487 70 3404 687 3607 830 6554 866 6881 798 7773 719 8681 126
5336 10 2007 121 3675 121 5448 743 5652 732 6116 157 6864 177 7603 629 7793 689 8868 317 9343 256
5337 6 2025 110 4199 218 6306 221 6477 628 6693 576 8842 403
5338 7 4336 193 4753 778 6084 903 6536 281 7264 789 9275 228 9656 446
5339 4 2161 479 3607 380 6582 192 8561 340
5340 6 330 735 1511 301 2201 525 5365 517 6489 863 8601 755
5341 3 3215 53 5800 330 9176 430
5342 7 573 512 3516 407 4480 528 5683 938 6644 636 7142 383 7573 373
5343 10 1761 729 2014 662 2307 81 3713 392 4716 851 6456 959 6841 561 7131 540 8227 768 9956 367
5344 6 2146 436 3994 155 4501 841 7347 833 8446 141 9390 778
5345 3 1626 937 2813 625 4178 965
5346 6 611 909 1944 271 4888 989 5950 759 6747 745 7334 435
5347 5 621 945 5387 475 5678 97 7220 180 9581 873
5348 8 113 780 321 534 2093 429 3603 80 7339 579 7348 564 8916 325 9756 999
5349 9 2171 745 3773 849 4321 29 5822 674 6355 558 6384 898 6758 909 7401 548 7831 844
5350 4 1051 544 2623 469 7889 72 7989 631
5351 6 1622 457 2091 841 2894 770 7303 924 7389 389 9421 211
5352 4 1430 775 1565 648 2338 950 4552 537
5353 8 133 426 3147 815 4882 460 6215 518 7801 792 7802 507 9224 324 9618 544
5354 9 1724 878 2442 881 3303 888 4036 772 6592 30 6762 699 7408 517 7699 663 9877 154
5355 9 316 319 583 914 1100 369 1582 848 4590 58 4826 518 5068 27 7402 150 8602 937
5356 7 145 533 2241 990 3685 477 3905 3 6219 221 9531 243 9878 641
5357 2 3154 65 3601 642
5358 7 398 832 2140 22 2712 452 3013 827 3915 718 8402 628 8661 41
5359 6 2360 727 4068 385 5104 148 5740 831 8434 622 9737 432
5360 12 255 9 1183 362 1564 395 2186 894 2897 599 4123 478 4843 253 5270 444 6112 239 6431 265 6679 275 8495 544
5361 4 5163 699 5845 408 8780 968 9610 48
5362 7 866 891 1259 575 3745 643 4437 957 6999 982 8459 595 9465 524
5363 3 1389 435 4533 685 5067 94
5364 6 950 971 2202 327 5462 713 6971 673 7298 539 8619 633
5365 6 105 147 2060 678 3705 194 5340 517 6026 542 8947 72
5366 6 1083 944 1976 493 3277 415 5267 585 5656 855 7151 880
5367 3 529 464 2381 564 8669 390
5368 9 142 656 2431 849 2750 967 3217 951 3326 754 4502 295 4924 628 6579 549 7411 935
5369 5 3472 554 4373 646 4770 574 4968 379 5936 272
5370 6 21 996 515 447 1805 708 2821 946 4455 794 5939 185
5371 4 1360 690 3081 147 4664 131 4858 565
5372 4 3668 799 4023 158 4354 424 4649 704
5373 9 862 463 1261 421 1770 553 2008 660 2142 978 4467 804 5944 856 8730 417 9266 582
5374 7 788 50 793 555 3366 860 4031 887 5622 915 7391 554 7530 390
5375 7 4102 658 5675 77 6042 252 6063 42 6295 639 6921 84 7671 119
5376 11 932 654 933 670 1190 662 2324 321 2944 9 4195 332 5391 76 6394 274 6887 599 7571 260 8645 74
5377 6 1490 866 1842 780 2817 468 3782 660 4448 89 5486 138
5378 7 1021 533 1562 672 3811 425 6081 600 7192 679 7608 76 9178 189
5379 4 1418 107 7102 248 7338 39 7507 837
5380 9 135 634 166 203 1739 651 3212 227 6159 755 7699 984 8565 189 9380 41 9646 617
5381 7 2760 445 3446 536 4085 661 4187 583 4336 381 4908 187 8452 96
5382 6 2155 184 2208 370 4373 251 6066 422 7894 849 9349 517
5383 3 1220 766 5159 978 8539 659
5384 9 1279 21 1860 900 3865 445 4587 947 5651 75 5998 165 8302 915 9913 370 9941 965
5385 5 1938 194 3608 680 5679 194 7974 327 8250 199
5386 5 2227 713 3979 433 5943 252 7208 583 7443 487
5387 7 284 171 4204 271 4340 664 5347 475 6080 434 7284 626 7329 951
5388 5 1212 14 2059 365 4112 369 7473 711 8917 615
5389 6 1721 493 3729 14 6043 281 6756 272 7760 626 9830 457
5390 5 1564 784 1897 212 4350 219 4474 709 6852 529
5391 6 544 435 4445 440 5376 76 5555 304 7075 151 7563 988
5392 4 2201 26 4074 713 4093 758 8703 553
5393 10 1406 641 2248 886 2549 163 2570 760 4801 472 8484 14 9020 445 9601 830 9616 700 9853 284
5394 5 354 531 5139 232 6148 523 6583 445 6741 917
5395 3 4626 762 4704 90 9869 654
5396 7 587 544 932 484 2027 529 2064 411 3818 983 7257 641 9148 16
5397 7 358 362 1838 848 2064 957 3838 819 4223 850 7733 405 8752 919
5398 4 1848 837 2879 905 6587 331 7038 521
5399 5 919 907 1287 965 2009 987 6722 329 7264 953
5400 11 993 238 1513 394 1865 318 3475 456 3988 800 5249 318 5779 191 5927 687 7923 615 7953 307 9604 360
5401 2 2186 657 9176 860
5402 2 4626 291 5105 236
5403 7 562 537 2833 201 6044 630 7042 54 7194 680 7393 42 7912 280
5404 5 1476 137 4278 737 7896 461 9319 146 9850 366
5405 3 1984 760 6359 156 8220 78
5406 8 657 99 3158 624 5847 351 7060 719 7164 55 7861 455 7883 259 8295 196
5407 5 2722 249 3611 861 4131 654 4706 197 7876 30
5408 3 979 331 3922 456 8990 47
5409 6 1479 277 1712 28 2073 739 5082 108 6672 568 8719 202
5410 6 1106 336 2103 783 2446 242 5060 466 8192 218 8248 339
5411 4 2622 625 7587 237 7778 109 9624 77
5412 5 3036 928 4069 51 6233 903 8798 915 9631 282
5413 2 2820 178 3821 997
5414 3 1797 466 2115 207 8293 485
5415 4 3254 135 4290 718 6636 688 9815 449
5416 6 1416 92 2643 119 2960 401 5450 919 6082 236 8553 82
5417 5 2038 330 2086 920 2549 930 7611 492 8220 36
5418 5 1188 93 1607 30 3510 346 3654 147 9332 779
5419 5 638 633 1277 603 4515 342 6460 400 8931 120
5420 8 649 619 669 678 2434 648 2512 597 5802 267 6131 825 6951 104 8834 521
5421 5 104 626 2434 162 4884 282 5748 477 8757 956
5422 7 1383 442 1806 579 2121 374 4784 742 5491 20 8743 441 9401 70
5423 6 1488 717 2280 690 3491 742 4388 794 4533 622 8766 715
5424 4 3082 470 4258 7 4300 439 5159 860
5425 7 661 134 1695 361 2953 81 3108 101 6462 244 7307 274 8346 473
5426 7 2565 355 3179 429 3694 826 4491 837 8446 960 8863 465 9633 596
5427 5 1931 735 3552 850 3854 530 5069 535 6863 937
5428 3 3643 911 4387 901 7513 908
5429 4 870 905 5688 797 6848 518 7899 827
5430 8 869 416 2187 180 5737 619 7565 883 8485 864 8707 682 9124 86 9146 546
5431 7 3786 780 4188 196 5144 231 5958 55 6413 544 6463 338 9491 171
5432 6 2714 672 3151 456 3450 282 4641 255 4861 837 6798 955
5433 5 2989 686 3202 217 4227 226 4291 979 7715 535
5434 4 2058 297 2648 809 6888 430 7013 588
5435 9 726 913 1648 903 1844 4 2775 782 5030 216 8421 358 8681 642 9056 56 9438 134
5436 5 37 107 2420 388 4989 245 6344 495 9685 22
5437 11 169 276 4022 996 4073 509 5081 200 5877 352 6225 293 6692 243 6986 30 7211 594 9353 704 9700 940
5438 4 2398 662 5066 702 8998 940 9922 790
5439 9 2564 633 3073 749 3662 873 4331 113 5128 635 7275 585 7894 833 8651 583 9184 364
5440 5 1007 576 4900 326 4911 803 8205 839 9820 803
5441 6 1715 651 1814 515 3719 717 4102 441 5687 355 6647 50
5442 5 1165 500 2317 593 3671 396 5556 512 9005 70
5443 5 849 558 1230 983 4163 771 7078 150 9105 291
5444 6 1051 839 4192 560 4358 10 5028 277 8017 354 8499 632
5445 5 2738 7 4671 532 5583 927 6191 66 7341 151
5446 4 221 942 770 696 8697 730 9777 135
5447 4 211 408 7173 750 7690 358 9560 631
5448 6 2496 121 2534 190 2607 911 5336 743 8867 771 9109 461
5449 4 289 540 5087 211 5147 695 8889 803
5450 10 1534 86 1965 210 3341 910 4721 884 5026 647 5416 919 5493 461 6825 758 7353 326 7488 883
5451 3 1700 886 2047 649 2339 640
5452 5 1051 251 2394 230 4260 989 8218 406 8751 810
5453 6 1225 522 1617 39 2037 539 4880 591 7861 347 9295 882
5454 4 3282 153 8496 880 8801 928 9640 924
5455 7 3866 4 4106 117 4118 299 5855 402 6158 491 9246 821 9998 423
5456 7 1716 678 1952 948 2284 70 2444 43 4465 731 6048 449 8547 508
5457 7 11 194 450 166 3217 395 3275 56 6072 693 8888 765 9982 968
5458 1 4467 523
5459 5 776 932 1051 811 3905 662 4814 255 6263 928
5460 8 2075 408 2316 678 2409 751 3634 731 6987 199 7236 824 8305 573 8363 561
5461 4 4613 210 5466 659 6138 770 8898 475
5462 7 696 871 5158 492 5364 713 8317 879 8384 128 8761 909 9493 59
5463 6 274 785 1115 333 1216 514 5322 986 5512 400 6642 410
5464 5 2106 215 2607 501 2879 982 3175 677 9672 156
5465 7 1822 92 4920 534 6706 99 6829 535 7443 399 8813 857 9385 196
5466 3 5461 659 9257 600 9725 919
5467 7 538 254 1199 361 4003 389 4156 472 4164 308 6063 787 6968 422
5468 3 2146 817 3727 561 4887 162
5469 6 434 408 4268 107 5196 363 8480 591 8583 38 9233 574
5470 3 539 877 3835 986 6033 702
5471 7 216 253 619 251 3350 673 4983 24 5658 149 7274 715 7781 353
5472 5 210 96 1106 345 3532 783 7781 780 8640 823
5473 5 879 19 953 366 4336 379 7061 692 8845 639
5474 4 2557 179 4033 319 5153 88 9075 24
5475 6 325 322 1059 856 1335 952 6313 785 6505 145 9249 134
5476 5 2225 905 3190 364 4341 707 6228 115 7738 274
5477 9 735 611 1099 808 1661 203 4334 381 5049 577 5265 913 6125 867 7643 955 8543 233
5478 8 7 455 315 103 3584 41 3908 811 5797 978 8003 414 8816 589 9840 809
5479 5 40 135 1026 516 2008 104 8670 988 9097 38
5480 8 2275 242 2567 419 2941 464 5235 289 6107 344 6328 408 6577 639 7497 825
5481 7 1650 326 3178 791 3285 663 4302 405 5114 417 6425 653 9898 447
5482 9 1168 432 2124 125 2504 668 3318 660 3741 659 5720 390 8665 616 9130 628 9182 376
5483 5 885 158 1842 743 4314 812 7033 47 8632 819
5484 7 1094 423 1300 382 1893 234 2183 515 3697 595 4059 531 5588 630
5485 9 1422 262 3057 433 3145 469 3276 210 6035 231 6167 872 7388 236 8015 41 8561 349
5486 7 120 720 452 807 664 849 1258 534 5377 138 5489 86 8552 911
5487 3 177 700 3034 564 4091 387
5488 5 493 327 1914 602 2838 686 5510 499 9179 750
5489 8 3481 817 4920 445 5486 86 5780 543 6705 830 8169 398 8644 198 9204 251
5490 2 3916 796 7826 11
5491 7 769 641 1161 263 1673 205 2023 863 5002 571 5422 20 6236 66
5492 6 1311 535 1871 4 4032 488 5917 404 7414 610 9798 106
5493 5 1412 561 4722 945 5450 461 5980 726 6732 981
5494 3 3525 107 4196 417 9190 310
5495 7 390 120 392 553 455 884 4497 127 4875 671 5496 905 7634 967
5496 2 330 381 5495 905
5497 3 450 390 4220 915 4447 152
5498 3 1278 892 2293 961 8259 535
5499 12 520 905 1066 486 1659 42 4260 770 4819 18 5657 967 6017 245 6147 577 7488 300 8004 577 8977 695 9436 978
5500 10 53 465 2387 407 4514 998 4545 297 4822 938 4850 374 6031 954 6680 165 6749 41 9886 972
5501 2 2147 787 8027 442
5502 7 11 910 378 969 4587 694 5602 726 5773 405 6394 43 8179 858
5503 5 3170 793 3426 724 4023 695 5196 386 9724 938
5504 8 802 632 1471 457 2028 704 2180 823 3520 43 6699 576 7308 90 9510 403
5505 8 1839 786 2046 872 4058 409 4678 728 4950 946 5715 432 8321 219 8923 888
5506 3 3098 917 4438 914 7883 972
5507 5 4034 154 5027 644 5037 292 8146 122 9412 317
5508 5 2737 647 2962 262 3304 297 5944 432 8942 226
5509 5 864 154 4579 317 4754 943 5729 165 6644 676
5510 6 2243 530 2713 567 3071 120 5488 499 9143 493 9765 431
5511 4 750 756 1499 485 4646 141 5277 356
5512 3 3676 248 5463 400 6290 199
5513 3 2489 106 2560 440 8691 492
5514 9 231 59 408 507 1633 78 3261 315 3355 575 4200 23 5854 922 6613 24 9287 299
5515 6 2284 622 2641 927 5093 110 5292 373 6683 610 8447 392
5516 5 52 841 1861 503 2972 123 3045 81 5149 497
5517 6 886 116 2851 66 3748 314 5617 484 6408 986 9768 564
5518 3 61 519 2515 280 9996 712
5519 1 1134 115
5520 6 2293 774 4021 984 4641 46 6808 208 7827 893 8155 357
5521 4 432 531 6136 164 6639 830 7003 193
5522 2 955 711 6980 70
5523 8 215 710 3135 558 5092 867 5541 4 5820 693 7434 215 8682 214 9735 301
5524 9 173 624 2445 370 2820 689 2939 420 4680 882 5764 312 6991 205 8307 38 9785 128
5525 5 265 234 5538 769 7934 234 8941 703 9688 858
5526 6 339 869 811 642 1245 257 2868 912 8624 325 8939 771
5527 8 1959 894 2854 453 3354 940 5078 669 6405 866 7361 911 7382 531 9502 26
5528 6 241 198 3065 729 5991 880 6400 574 7211 465 9770 647
5529 6 1066 586 1375 442 1875 919 2537 192 8208 768 9339 816
5530 5 3541 537 3620 490 4834 561 5870 372 8429 3
5531 4 3329 697 3394 349 7107 944 8174 517
5532 3 1405 93 1848 898 8584 243
5533 5 476 726 3178 308 4501 687 5069 811 9674 805
5534 5 76 909 3545 466 6384 953 6409 543 8241 177
5535 6 811 209 2617 770 3183 326 4375 100 6963 506 8755 5
5536 6 21 150 681 988 2879 968 4036 3 5312 593 6803 964
5537 1 2697 430
5538 5 313 835 1375 615 4462 114 5220 280 5525 769
5539 5 2387 441 4707 689 4853 858 9442 939 9489 751
5540 6 1505 348 5064 542 7426 887 8531 662 9273 330 9892 492
5541 7 833 11 1694 217 2446 808 3653 44 5523 4 7776 687 9625 153
5542 9 2555 929 3045 546 3176 920 4795 696 5120 261 7995 799 9452 830 9782 912 9939 182
5543 2 3680 94 6217 830
5544 3 4837 328 7164 202 8317 375
5545 8 549 136 3050 740 4610 217 6245 847 7342 385 8051 132 8442 213 8483 719
5546 7 445 885 1394 7 1631 244 1880 80 3569 737 3865 906 6951 508
5547 6 2801 935 3437 249 5067 764 5868 923 7452 619 9433 510
5548 4 2642 605 3782 634 4914 98 8010 687
5549 4 530 173 743 881 1072 183 3044 729
5550 9 169 710 1351 956 3594 186 4217 830 4335 865 4884 186 5211 646 8740 931 9545 797
5551 5 1138 156 1661 499 4755 429 9038 85 9389 123
5552 4 837 809 4540 421 5770 152 6243 133
5553 2 1025 230 6603 600
5554 5 77 252 750 575 1636 480 1686 479 2750 81
5555 3 761 48 1554 639 5391 304
5556 6 737 717 2753 490 4242 652 5442 512 5759 506 7902 518
5557 5 3995 656 4259 901 4429 31 7110 468 9754 744
5558 6 1827 961 2809 216 6567 746 8045 660 8525 26 9773 99
5559 6 462 601 1416 237 5631 889 5632 754 7101 296 8180 26
5560 9 206 24 836 761 1980 548 5195 81 5776 674 6615 233 7325 405 8334 79 8466 400
5561 6 3169 812 3659 17 4810 209 9589 713 9711 55 9833 961
5562 4 250 779 4178 740 5653 923 5992 978
5563 6 1339 6 5927 632 7577 470 9014 983 9394 113 9713 340
5564 7 255 32 877 108 3949 85 4475 544 6746 204 6833 461 7298 255
5565 3 1020 361 6311 829 7047 533
5566 6 463 365 4625 539 6106 144 6530 732 7049 940 9351 514
5567 5 1243 248 2346 652 4384 963 7059 793 9561 754
5568 6 650 142 1431 271 2404 524 8499 586 8535 157 9424 389
5569 7 1691 568 5033 948 5848 915 7541 657 9638 279 9696 806 9741 483
5570 4 224 80 1078 177 2000 872 8903 725
5571 9 888 53 921 27 1112 122 3086 533 3506 753 3510 720 6347 585 7446 496 8002 969
5572 5 876 476 2373 581 2404 699 5302 112 5876 540
5573 8 1022 592 1914 988 3197 349 4405 507 7309 812 8151 982 9240 123 9423 598
5574 10 810 249 1915 43 2865 309 3255 414 4305 969 5286 527 5613 135 7068 212 7169 804 7238 148
5575 7 157 339 3587 828 4298 773 4517 464 6196 690 6428 223 7061 441
5576 4 792 200 6225 863 8914 990 9992 799
5577 4 2156 530 2531 410 9329 390 9776 954
5578 4 19 426 4514 179 8437 625 8482 831
5579 4 908 412 3365 968 4184 652 4713 456
5580 7 761 700 1537 736 5073 965 8567 401 8962 725 9233 791 9436 753
5581 4 258 890 2695 190 5320 526 7986 641
5582 6 1753 64 5176 629 5612 83 8176 601 8355 801 9723 823
5583 7 904 670 1743 368 3070 193 5200 766 5445 927 8041 381 8158 489
5584 6 517 497 820 86 994 505 1916 112 2475 538 3710 313
5585 7 2642 35 2916 15 4377 162 5794 338 6373 744 6734 539 9374 882
5586 9 2141 571 2249 638 2858 515 3247 490 4219 937 7195 140 7668 298 7987 727 9701 39
5587 5 1435 265 1519 998 2509 197 7713 387 8093 203
5588 7 3273 300 4807 203 5484 630 6113 226 8750 17 8838 591 9736 719
5589 2 2856 27 5051 359
5590 6 412 873 1708 183 4008 396 5881 26 7694 373 8227 2
5591 3 395 874 5690 656 7883 160
5592 5 4038 583 4486 584 5089 35 7273 728 7486 959
5593 7 2154 601 3596 140 4393 193 5059 399 5279 481 5984 317 8044 491
5594 8 1440 593 2057 595 2310 298 2350 899 2359 199 3432 853 8074 365 8356 712
5595 4 2237 500 2695 93 5723 504 7000 15
5596 4 3991 71 4965 266 6588 803 9266 433
5597 6 790 21 888 474 2467 375 3712 399 8096 77 8835 903
5598 5 2101 561 3596 975 4565 240 5333 155 7066 650
5599 4 1121 692 2443 716 7930 173 9158 623
5600 3 877 167 5986 490 6510 416
5601 7 2238 288 2737 199 2974 908 6861 185 7144 817 7181 892 7380 937
5602 6 2321 751 4371 757 5502 726 6614 675 8789 468 9838 257
5603 6 920 138 1659 577 2643 350 5172 129 7473 764 7511 61
5604 7 1839 128 2053 264 3375 681 3431 727 4314 444 6923 987 8365 340
5605 7 49 920 1170 556 1441 487 1514 491 2203 281 8724 667 9736 229
5606 5 1193 74 2117 125 6358 643 6977 569 9884 894
5607 5 148 122 4483 815 5050 721 7449 542 9311 562
5608 1 4990 940
5609 3 1779 820 3723 15 4726 989
5610 6 1186 515 2297 950 2708 523 8062 377 8954 102 9929 16
5611 5 2651 872 2921 276 5222 770 6863 70 7821 855
5612 10 515 350 708 924 2007 711 2896 213 3607 797 5582 83 6433 340 9465 778 9505 853 9863 590
5613 8 1458 720 3932 341 5574 135 6214 401 6531 992 8404 5 9065 180 9308 267
5614 6 121 66 946 794 1071 217 5239 577 6293 468 9920 155
5615 6 1746 781 4089 741 4101 532 4642 961 4806 149 5730 631
5616 5 2527 274 5180 23 5284 75 5706 55 6077 567
5617 7 767 485 1518 355 2676 252 5517 484 5938 884 7417 770 7887 855
5618 5 324 284 1517 642 3081 155 6742 920 8587 783
5619 6 659 5 2285 363 2736 139 8445 800 8845 81 9758 626
5620 5 1041 622 1678 241 4812 858 4845 569 6052 560
5621 4 76 14 568 551 5758 163 8325 685
5622 4 3177 705 5374 915 8417 54 9397 118
5623 8 667 575 921 973 2136 948 3566 325 7315 484 7457 22 9678 459 9787 62
5624 4 903 859 1551 177 4341 768 5825 92
5625 1 806 156
5626 6 632 876 1939 763 2179 148 7421 844 8177 10 9330 660
5627 7 451 730 768 517 899 628 1528 527 6354 847 6571 15 8845 777
5628 5 1066 240 5171 403 7817 746 8719 744 9902 137
5629 4 102 549 3469 773 6522 224 6530 133
5630 3 2149 189 4991 403 6991 753
5631 7 1802 590 3548 793 4910 690 5559 889 7006 871 7707 987 8354 134
5632 6 2576 50 3106 496 5559 754 5633 934 5876 168 6087 399
5633 6 933 767 3237 606 5632 934 7403 285 9036 592 9511 513
5634 6 1003 617 3728 459 7120 750 7862 656 9177 488 9769 578
5635 8 1289 626 2466 473 4774 178 6122 636 7486 988 8698 358 8813 607 9410 384
5636 7 1931 615 3028 116 3749 163 4779 67 6169 469 7145 850 7177 993
5637 8 812 691 1502 363 2622 380 2650 125 3743 964 6903 258 9081 956 9191 640
5638 9 888 151 1040 357 1752 423 1937 373 2370 345 3432 66 4626 764 6053 408 6594 207
5639 5 253 878 431 344 2066 233 3506 448 5176 717
5640 4 2098 120 3083 526 4508 541 9817 694
5641 7 796 402 1661 439 3233 62 7934 872 8016 546 8184 959 8582 290
5642 6 547 125 1897 467 1953 669 6257 887 6788 838 7957 219
5643 4 2112 169 7197 198 8716 304 8903 514
5644 4 3758 887 4649 799 5244 891 8844 739
5645 4 1737 293 2221 9 2583 88 4900 985
5646 5 3796 94 5986 466 6721 143 8273 784 9022 271
5647 6 1123 546 1411 962 6166 679 7643 518 7720 887 9088 885
5648 5 391 925 556 105 618 770 7469 926 8337 439
5649 4 3515 865 8880 727 8959 553 9431 695
5650 6 1764 586 7868 543 8001 672 8138 492 8643 543 9654 908
5651 8 935 227 1526 733 2651 147 2930 949 4759 846 5384 75 7495 47 8768 706
5652 4 483 793 5336 732 5827 777 9219 72
5653 3 1766 362 2224 146 5562 923
5654 7 2918 817 3567 933 6158 39 7693 829 8132 984 8631 544 9573 873
5655 3 1437 89 3594 929 6105 415
5656 4 2949 738 4833 523 5366 855 9726 219
5657 5 238 59 534 678 2812 450 5499 967 8375 410
5658 6 1760 531 3825 511 5471 149 6395 449 7916 583 8513 892
5659 8 728 676 3102 621 4065 283 6282 909 6476 162 8000 212 9095 607 9215 370
5660 6 85 950 1202 658 1620 179 3632 790 3783 437 7245 64
5661 5 249 363 3846 657 5900 260 9242 208 9934 977
5662 3 2961 983 7225 695 7712 698
5663 3 4236 914 4440 575 6232 12
5664 5 933 109 2437 222 3650 183 7843 63 8405 807
5665 7 402 287 893 470 906 384 6296 610 7990 430 8567 353 8782 16
5666 7 840 333 3785 75 4417 375 7378 503 7747 680 9574 150 9949 545
5667 7 1127 787 1827 800 3469 365 3998 571 4999 60 8017 804 9567 547
5668 6 201 1000 1415 277 2198 821 2340 441 8528 696 9305 999
5669 2 3018 127 3350 54
5670 9 195 686 1724 880 1726 79 3087 618 3737 871 5076 33 6414 557 7620 13 9448 475
5671 5 171 365 2563 430 6907 932 8352 300 9431 851
5672 7 1034 582 1433 47 2683 758 4274 129 5681 879 6530 593 9287 430
5673 8 552 219 2301 683 4547 306 7133 233 7261 815 7724 819 8120 487 9541 96
5674 5 155 483 215 26 1453 485 1467 896 2363 439
5675 6 335 405 4725 963 5315 33 5375 77 8132 72 8686 816
5676 8 269 168 346 149 482 595 3137 383 4299 610 8015 372 8283 258 8386 157
5677 6 1867 761 2942 952 4161 103 7047 768 9426 231 9566 954
5678 4 1107 79 4958 232 5347 97 7228 853
5679 4 3300 923 4579 309 4960 256 5385 194
5680 10 998 328 2189 251 3203 234 3519 752 4169 184 6481 286 6847 191 7320 64 8172 1 8350 561
5681 5 1944 195 5672 879 6863 194 7262 790 8990 6
5682 7 2664 409 3254 191 4004 872 4100 813 4766 214 4798 259 9840 229
5683 4 3995 735 4660 121 5342 938 9805 325
5684 7 231 106 1292 822 1548 948 3678 47 7164 871 7254 411 8612 104
5685 7 713 829 1665 43 2471 490 4791 547 6298 951 7148 939 9464 370
5686 6 886 451 4225 201 4383 528 8089 614 8389 283 9769 774
5687 3 1632 543 5441 355 6831 214
5688 4 1995 513 5429 797 7695 739 9764 222
5689 1 555 190
5690 6 907 276 3263 755 5591 656 5961 504 9166 475 9229 563
5691 7 41 707 2598 419 5332 855 6195 224 7908 178 8288 325 8865 762
5692 4 882 642 4510 547 6636 71 9956 504
5693 5 1751 715 3779 524 4191 437 7923 93 8905 328
5694 4 944 333 2408 963 3155 394 8308 91
5695 10 2433 911 4810 861 4942 915 7010 960 7531 497 7857 231 8099 996 8308 787 8546 516 9871 688
5696 6 1568 282 2095 976 4642 760 6040 955 6457 936 6709 759
5697 8 1469 285 3668 633 3682 702 4035 151 4892 583 5762 276 6571 442 6817 17
5698 7 1472 988 1991 489 4604 874 6440 438 7296 604 7333 222 8064 475
5699 4 841 661 2713 2 3285 587 9779 684
5700 6 1973 695 2534 86 3012 407 3598 606 5891 354 6885 170
5701 7 342 738 3371 510 4132 700 4477 415 4622 802 6622 968 6868 307
5702 10 283 119 646 488 707 311 2046 492 2905 418 3964 226 7267 988 7710 252 7943 251 9623 975
5703 6 1911 981 2663 146 4086 822 6244 327 6690 447 7316 209
5704 9 535 229 812 803 848 965 1037 831 2517 983 4690 461 8412 672 9420 885 9743 488
5705 4 911 324 6804 711 7230 156 9285 418
5706 6 221 933 1573 30 2194 501 5616 55 7544 710 9925 525
5707 4 1595 602 2689 851 3305 1 6133 238
5708 6 162 865 1460 834 4534 685 7485 301 7655 532 8327 210
5709 6 2297 938 2478 9 2930 414 4736 436 8876 849 9769 497
5710 4 1840 80 3248 708 3790 517 7330 886
5711 6 87 76 2600 499 5288 59 8045 948 9785 395 9821 882
5712 6 2781 613 4285 152 4913 464 6891 403 7663 916 8203 239
5713 3 998 261 1582 910 2423 896
5714 6 1373 934 2495 526 3817 716 8254 880 8944 865 9463 830
5715 5 4465 850 4681 958 5505 432 6833 152 7995 313
5716 6 4018 528 4231 291 5757 140 6338 99 7432 366 8650 976
5717 3 4605 609 4720 547 9154 786
5718 8 499 250 825 724 3053 49 3423 465 3722 86 8572 671 9186 218 9352 486
5719 6 47 336 235 733 621 308 2798 729 4462 483 8607 100
5720 7 731 6 1352 88 2201 860 4611 126 5482 390 7648 413 8875 178
5721 7 141 566 208 607 2198 529 4594 752 6646 440 9051 565 9302 412
5722 6 718 136 882 103 6744 368 7226 310 7853 155 7923 42
5723 4 2877 27 3741 312 5191 631 5595 504
5724 4 4478 921 7727 835 8888 463 9491 720
5725 3 408 30 3350 432 3535 860
5726 5 732 1000 1183 554 3705 921 8218 754 8508 84
5727 3 271 715 2391 111 6132 898
5728 3 4091 305 4337 744 8698 638
5729 9 1175 9 4031 49 4070 330 4140 400 4445 728 5509 165 6230 933 9402 828 9905 858
5730 4 2544 33 5615 631 7175 956 7461 103
5731 4 1456 724 2613 673 4607 487 5985 326
5732 6 1130 890 4316 968 6127 776 6628 173 6834 236 7066 346
5733 8 968 834 1548 872 1607 219 1863 648 2472 40 2651 93 6095 956 9507 28
5734 7 1466 684 1834 368 2629 424 3910 525 6797 875 7546 162 9194 447
5735 5 508 967 946 419 1229 343 4634 120 5312 173
5736 3 207 752 891 850 4383 701
5737 5 1541 797 3333 806 3886 87 5430 619 7447 586
5738 6 1474 510 2546 470 4758 551 5314 250 6924 76 8307 862
5739 3 4725 996 6242 104 6814 594
5740 9 1916 94 3735 706 5066 199 5359 831 6315 3 7031 268 7467 366 8751 42 8904 89
5741 5 1876 992 3554 454 3634 540 4904 274 7392 482
5742 3 2166 845 2306 749 7987 112
5743 9 887 595 2130 451 2377 76 3352 290 3625 950 4092 390 4958 746 7232 995 8314 19
5744 4 3203 735 4383 286 8436 386 9789 527
5745 4 429 851 1719 622 2874 265 3727 671
5746 6 1621 794 2197 823 3864 523 5009 963 7774 609 8374 695
5747 4 718 836 862 969 2671 395 4469 160
5748 8 1356 689 1811 915 3292 511 3717 909 4492 789 5169 735 5421 477 8438 841
5749 4 324 829 4249 819 4589 353 9865 446
5750 4 1628 52 2986 59 6223 518 6800 293
5751 4 368 923 1763 804 5148 321 9753 351
5752 7 34 845 2401 986 4164 862 6545 667 6815 495 6897 445 9713 188
5753 3 756 939 4161 50 8304 523
5754 6 42 196 4247 157 6917 113 7984 522 9850 638 9944 83
5755 4 463 982 4424 90 6159 253 9231 394
5756 4 124 2 3264 146 7189 65 9378 571
5757 8 604 314 1539 881 1638 392 3414 171 4605 295 5716 140 6085 898 9789 764
5758 6 2604 904 2755 498 3812 110 4516 160 5621 163 8707 590
5759 3 1185 568 5556 506 6966 806
5760 4 186 43 3858 933 7274 954 8655 779
5761 7 2210 686 3363 548 6004 1000 6279 484 7232 966 7964 84 7994 933
5762 7 2730 392 3705 438 3861 894 5697 276 6049 822 7985 53 8814 9
5763 8 809 100 2944 870 2984 766 6196 38 6609 918 6661 296 8549 334 9292 624
5764 3 4697 568 5524 312 9160 202
5765 2 3363 509 4002 510
5766 10 150 998 2700 106 4195 625 4388 502 5848 104 6530 459 6906 532 7210 250 8835 877 8935 220
5767 7 1255 643 2487 642 4185 571 6451 83 7481 845 9068 174 9785 623
5768 6 717 52 1763 51 3652 351 3660 844 8321 442 9824 80
5769 10 337 634 514 800 641 402 1911 541 2301 480 5241 732 5251 494 6514 925 7982 818 9936 933
5770 6 477 935 1726 135 2599 253 5552 152 8899 383 9985 243
5771 8 290 374 3392 799 4067 825 6576 669 7032 209 7740 954 8812 975 9300 49
5772 6 247 525 1556 84 1744 396 8236 311 9134 225 9470 874
5773 5 931 772 969 966 1809 489 5502 405 6170 381
5774 5 1740 213 2778 847 3825 141 7137 1000 7332 650
5775 4 1221 878 1596 394 4667 102 6403 409
5776 5 439 903 1955 678 2215 285 5560 674 7557 422
5777 7 165 497 1073 639 4406 673 6253 121 6294 833 6412 799 7799 720
5778 8 1709 138 3423 39 4447 361 4650 954 6600 292 6733 470 7136 152 9463 895
5779 8 1437 334 2729 602 3139 299 5400 191 6108 959 6864 953 7447 236 9172 856
5780 2 5489 543 8255 568
5781 8 238 276 240 651 1986 797 2574 59 3407 627 5256 547 6484 126 8696 473
5782 4 1398 167 1901 320 4722 143 9868 761
5783 4 835 683 1743 863 3330 135 4676 905
5784 5 3163 915 3657 414 4908 317 6776 316 7192 413
5785 4 253 39 264 640 1344 405 2456 562
5786 3 2030 732 2471 493 9912 867
5787 4 4373 868 7521 76 7592 58 9872 805
5788 7 1423 48 2460 523 2711 368 3130 154 6157 120 8256 692 9370 168
5789 6 1128 624 3302 249 4273 142 4692 550 7269 241 7496 181
5790 5 2731 642 3985 48 6422 140 6813 432 7240 226
5791 7 1581 423 1721 724 1877 7 6437 340 7127 626 7771 504 8250 750
5792 4 1913 609 4719 652 7218 289 7681 490
5793 9 140 819 409 856 1009 614 1053 890 1654 378 2104 7 6160 760 7852 476 8030 184
5794 7 1577 990 3765 379 5585 338 6538 280 6589 782 8252 456 8690 612
5795 9 2736 211 4064 544 5332 535 6101 295 6492 825 6516 531 7399 740 7755 971 7959 710
5796 6 28 17 864 849 907 358 3259 354 4390 929 5812 405
5797 5 2339 686 3110 718 4102 684 5478 978 8524 338
5798 6 474 100 1433 363 4981 262 6316 485 8329 152 9438 272
5799 7 1806 298 2152 703 2191 12 3980 886 4245 707 4335 913 8311 72
5800 7 1523 708 1934 298 3203 147 5077 20 5341 330 9456 38 9983 21
5801 7 2195 313 2264 262 3733 334 3807 955 7424 906 7655 360 8714 120
5802 7 801 377 1621 991 1721 676 5420 267 6780 129 7595 551 9262 778
5803 6 2075 846 4093 280 4271 833 5070 436 8209 277 8339 538
5804 6 4842 994 7088 1 8884 569 9549 396 9734 195 9936 122
5805 4 2769 279 5001 583 6689 976 9250 548
5806 4 2189 905 2299 375 8898 961 9831 180
5807 6 1580 555 4011 451 6295 34 7143 928 8898 734 9724 943
5808 6 2050 478 4048 666 7145 148 8301 799 9258 608 9996 63
5809 4 2417 578 3775 383 8022 832 9379 506
5810 7 3039 991 3278 396 3488 461 6779 497 7098 712 7923 770 9530 460
5811 5 84 559 838 709 5821 979 7359 212 9277 197
5812 10 144 388 2153 291 3191 956 3752 873 5080 223 5796 405 6026 789 6696 744 8950 335 9379 906
5813 3 1922 865 2548 707 4595 196
5814 3 607 217 2938 344 6661 852
5815 5 4326 332 6738 624 8513 552 9256 277 9604 989
5816 10 442 640 1463 939 2273 563 2621 10 3438 229 6354 88 7509 84 7971 375 9038 135 9988 302
5817 9 1286 333 1919 287 3396 805 3953 883 4855 992 5058 687 6489 809 7288 227 8031 43
5818 5 396 998 2746 89 4201 462 8168 416 9407 769
5819 7 507 751 802 931 1800 899 7441 517 7564 79 8222 548 8298 749
5820 8 1255 515 1696 755 4908 899 5179 610 5232 343 5523 693 7529 900 9498 16
5821 7 86 141 2654 510 5005 817 5811 979 6749 685 7019 897 8157 946
5822 10 58 726 1205 648 1576 14 2574 654 3379 885 5349 674 5860 343 8747 917 9252 805 9738 292
5823 5 97 884 579 613 4797 674 6246 750 9441 894
5824 5 800 37 3498 465 5826 979 7819 473 8282 744
5825 8 1202 388 1681 479 2126 629 3424 908 4197 83 5624 92 8028 32 8343 217
5826 8 1124 959 4677 18 5042 572 5107 571 5824 979 5855 851 7878 204 8918 323
5827 8 282 996 1125 939 1468 970 2733 596 5287 171 5652 777 5829 247 6501 303
5828 2 3108 726 4795 287
5829 6 1809 499 4244 479 4558 966 5827 247 9165 951 9780 197
5830 9 796 462 923 177 3453 853 4625 842 5115 36 5308 158 6603 339 7681 340 7863 256
5831 4 3455 987 4267 771 6570 35 7854 573
5832 4 389 101 3251 895 4788 210 8050 94
5833 4 1540 858 6839 649 8871 314 9985 994
5834 5 1981 439 2268 387 3174 614 7518 134 8067 11
5835 6 678 418 3159 574 3582 420 4520 786 6032 186 8062 451
5836 8 2221 745 2533 800 4972 885 6256 630 8088 13 8676 438 8801 923 8917 855
5837 5 1821 478 3280 764 3355 304 3831 895 6516 165
5838 6 4240 735 4546 705 5066 794 8304 589 9298 952 9719 904
5839 5 1670 334 2396 549 3744 864 7602 397 8114 561
5840 4 3335 78 3824 714 4050 665 7198 930
5841 8 332 793 3987 859 4736 375 6641 337 6827 171 7873 367 8973 384 9391 988
5842 8 1857 289 3319 604 3974 573 4512 82 6175 124 6288 368 8619 674 8646 352
5843 4 1036 464 4550 882 6938 591 7558 808
5844 3 4134 351 4710 206 5292 189
5845 8 727 190 2111 169 2413 270 2688 603 3173 357 4103 915 5361 408 6550 746
5846 6 2644 195 3967 627 6483 187 7773 910 8455 914 9398 326
5847 4 1016 697 4522 917 5406 351 6009 718
5848 5 1965 359 2266 973 5569 915 5766 104 6779 968
5849 7 608 143 1420 190 3028 842 3360 701 4076 63 5873 531 9010 108
5850 7 194 392 336 757 860 135 4417 663 6623 76 7731 27 8169 35
5851 4 42 122 529 636 691 785 5020 903
5852 5 5290 660 6833 133 8650 808 9666 519 9856 888
5853 2 428 683 4126 976
5854 5 362 671 4604 819 4839 600 5514 922 7990 581
5855 6 5455 402 5826 851 9151 785 9636 885 9682 571 9968 444
5856 6 1405 463 3053 562 4508 779 7504 978 7687 460 9195 315
5857 4 1166 371 3189 370 8357 197 8724 765
5858 5 1752 886 6737 238 6762 938 7753 534 8761 851
5859 8 2126 465 2778 917 3151 374 6700 735 7086 802 7265 133 7932 648 8888 538
5860 9 89 502 608 702 4091 661 5822 343 6371 775 7540 205 8179 202 8225 611 8722 41
5861 4 1171 840 3926 884 5143 943 8922 472
5862 5 831 759 2197 158 2377 122 3321 5 6959 81
5863 6 183 441 1536 925 4150 617 6244 976 7820 482 8616 48
5864 1 1719 39
5865 4 1287 754 2295 420 2358 6 5099 252
5866 4 4014 760 4999 912 7505 506 8045 355
5867 3 3163 348 6350 556 7418 876
5868 8 607 554 1740 455 2190 554 2860 933 5547 923 6160 550 6250 230 9554 98
5869 6 1191 801 3861 779 6768 999 7426 138 7795 410 9417 807
5870 7 816 722 853 355 3856 762 5530 372 6977 115 7068 263 7126 617
5871 4 2334 619 3256 439 4839 456 5184 510
5872 9 366 263 1818 815 2347 82 4412 98 4647 649 5171 834 8161 86 8849 911 9502 76
5873 6 3806 593 4702 159 5849 531 9121 513 9230 747 9493 927
5874 9 1050 476 1377 59 1756 593 2574 134 2597 952 2900 163 3834 901 9434 555 9686 364
5875 5 1386 945 3220 568 3967 319 6464 981 7569 63
5876 5 2738 464 5572 540 5632 168 6025 616 8577 377
5877 6 518 507 629 472 3113 340 5437 352 8870 588 9402 61
5878 2 2877 45 3331 934
5879 5 622 480 2338 751 2547 244 4404 662 6784 455
5880 11 1011 404 2910 627 3276 347 4220 248 4702 82 4759 432 5132 936 6319 448 7040 108 7364 169 9170 35
5881 5 4980 842 5590 26 6518 879 6749 15 7807 202
5882 8 653 19 1860 238 3082 514 3624 368 4427 752 7818 737 8307 999 9465 644
5883 5 1162 419 2775 808 3831 663 6363 976 8837 351
5884 8 584 53 1111 564 1230 395 2057 659 3288 947 7209 580 8085 142 8571 731
5885 4 5028 763 5076 588 8747 414 9055 475
5886 4 1178 19 1773 514 7243 372 9532 571
5887 3 3921 463 4807 26 7462 953
5888 4 2225 311 2806 360 2933 610 6093 124
5889 7 1548 470 2514 533 2654 733 4546 151 5333 52 8929 250 9177 162
5890 3 2844 509 3989 60 6086 296
5891 6 3084 29 5700 354 6193 716 8033 151 8551 756 9581 369
5892 5 548 800 4102 500 8334 962 9427 687 9859 524
5893 8 508 334 1207 526 1745 988 2040 895 2650 338 4919 466 8049 163 9035 482
5894 4 3643 484 5082 423 6457 780 9683 105
5895 5 998 746 1248 364 2890 804 3649 353 7810 248
5896 4 1868 803 3381 526 6573 142 9647 428
5897 6 3011 401 3012 7 3169 191 4682 454 5034 745 8451 482
5898 7 141 93 313 981 1086 128 5267 242 6144 881 6688 372 7017 912
5899 7 564 410 677 659 1000 647 2753 247 7390 902 9383 856 9772 692
5900 5 2698 247 5661 260 7297 581 7318 36 9042 798
5901 3 2450 490 2558 776 3002 474
5902 6 4057 720 4074 330 4901 111 6466 903 9339 745 9343 636
5903 4 3752 736 5092 460 6716 290 8668 577
5904 3 967 828 3051 560 8150 639
5905 5 939 22 1354 590 5020 320 9002 445 9531 188
5906 3 1463 682 4167 727 9486 207
5907 5 2077 67 2375 465 2621 652 6364 762 7801 141
5908 7 512 862 3875 797 4769 520 5125 399 6148 667 6799 60 7686 861
5909 4 5175 261 5282 589 8514 297 8957 506
5910 5 255 803 380 261 2970 734 4777 964 6098 29
5911 7 2021 688 3981 197 4773 966 6472 714 6731 636 6847 448 8584 429
5912 5 3731 678 4273 158 6617 465 7736 868 8379 740
5913 4 1910 79 7257 753 9227 444 9683 933
5914 6 266 55 1048 380 3460 764 4816 14 6287 14 7603 662
5915 8 663 50 1598 186 2434 298 4685 22 6111 338 7123 501 7973 632 9304 577
5916 5 4707 620 6224 657 6232 654 6549 234 8449 884
5917 5 463 25 3913 993 5492 404 6826 813 8151 98
5918 5 2065 99 3456 647 4083 530 5280 100 7668 85
5919 7 661 282 2693 295 4171 930 6101 78 7031 515 7723 661 7828 344
5920 7 1541 196 3892 240 4896 331 6053 72 7148 226 7522 520 9750 877
5921 3 1517 883 4815 632 5105 78
5922 3 1388 993 7742 353 9468 230
5923 9 777 378 983 583 1768 228 5280 968 6369 444 6811 35 6934 988 8921 706 9438 643
5924 5 1622 70 4518 355 6585 198 7569 272 8864 849
5925 4 390 319 4788 740 8040 252 9856 227
5926 10 656 335 1031 368 1360 997 1839 550 1878 498 3170 670 4381 48 6004 569 7474 999 9940 393
5927 4 2463 687 5158 764 5400 687 5563 632
5928 7 4737 301 6557 363 6793 686 7099 135 7321 950 8178 692 8333 425
5929 3 1695 883 2337 997 4235 912
5930 5 380 292 739 375 1890 974 6004 732 6943 100
5931 5 181 169 1880 937 2746 682 3738 117 9134 222
5932 6 2919 733 3134 198 3697 123 4847 780 9213 384 9642 331
5933 5 659 291 1524 392 2403 243 8336 726 9289 767
5934 8 2029 361 2365 507 2475 804 2657 201 5047 444 6497 848 8716 448 9084 254
5935 4 397 856 1311 205 4468 116 8438 741
5936 7 104 930 249 221 998 898 2276 580 5369 272 6495 620 8337 419
5937 1 2944 623
5938 4 4691 568 5617 884 7022 926 8212 294
5939 3 3946 407 4780 463 5370 185
5940 5 1387 426 3613 648 3629 577 5144 660 7540 525
5941 5 3036 201 3374 904 3593 205 6250 82 9820 599
5942 7 626 20 885 13 5146 703 6815 714 7271 504 8822 655 9178 404
5943 4 1668 783 2289 229 5386 252 7958 478
5944 9 675 618 3737 285 4923 690 5373 856 5508 432 7771 724 8401 214 8545 266 9417 898
5945 4 970 948 3979 746 4206 970 6601 498
5946 2 2716 309 4531 478
5947 8 99 575 589 428 2798 645 3466 911 5125 841 6062 274 8684 87 9653 378
5948 5 2170 489 3948 382 4536 532 4627 450 6114 852
5949 3 1058 275 1612 345 4700 323
5950 3 685 68 4501 971 5346 759
5951 6 861 17 3409 106 7058 896 7157 651 7227 35 8590 120
5952 8 61 15 2870 277 3013 720 4834 229 6574 811 6988 719 7652 318 9340 829
5953 2 2206 149 5102 427
5954 3 3233 115 7905 664 8615 575
5955 4 3809 782 6802 829 6992 878 8193 523
5956 7 4059 227 4328 499 6406 526 7401 448 8638 359 9208 630 9464 523
5957 5 1207 716 5252 464 6624 44 9599 584 9913 175
5958 4 427 851 5431 55 8948 726 9155 792
5959 4 591 181 5118 887 6090 701 7190 532
5960 6 1332 138 2134 482 3770 927 6325 552 8313 231 8465 164
5961 9 1572 936 2019 303 2736 879 3673 218 5690 504 6012 866 6664 638 7159 91 8459 766
5962 4 2247 8 4312 532 7101 353 8527 671
5963 3 1790 102 2141 640 9710 426
5964 7 642 671 664 140 1799 614 2173 128 6051 962 7081 4 7614 969
5965 8 1017 967 1077 509 2567 576 4296 519 6054 408 7036 524 7550 595 8233 442
5966 6 4031 266 6150 868 6772 456 8388 538 9348 637 9662 678
5967 1 2238 82
5968 6 1210 896 1402 221 1462 130 3375 891 6368 423 9780 65
5969 3 331 36 566 372 6234 983
5970 2 718 569 4258 29
5971 6 1481 191 1929 117 2443 264 2830 567 3823 762 8466 711
5972 4 2503 90 3879 758 4757 665 4996 603
5973 9 620 457 2301 921 2417 494 3058 505 3842 842 7067 532 7375 504 9313 453 9321 765
5974 6 370 884 1571 466 3163 292 4680 896 9763 241 9850 634
5975 9 298 896 1785 220 4778 384 5272 968 5311 188 5976 434 9346 477 9390 593 9663 291
5976 3 1307 257 5975 434 7092 504
5977 4 2062 871 4468 166 8128 417 8527 430
5978 3 282 992 520 691 3552 102
5979 5 2798 335 3394 51 8988 324 9075 298 9517 908
5980 6 857 465 2821 654 5493 726 6153 242 8691 949 9091 198
5981 5 548 104 1609 549 2232 861 5115 414 6591 961
5982 6 810 689 3498 244 4540 427 6889 413 8013 455 8796 173
5983 6 1699 458 4147 68 4490 919 6409 797 7589 307 9874 455
5984 9 963 240 2606 747 3134 152 3191 819 4382 763 5080 505 5593 317 7568 231 8258 10
5985 4 1776 783 3674 253 5731 326 9815 503
5986 14 943 362 1350 785 1399 715 3373 975 3606 840 3931 714 4383 24 4541 579 5600 490 5646 466 6131 268 6237 407 6362 775 7793 705
5987 5 1577 804 6509 458 7701 242 8044 375 8951 581
5988 4 320 644 2062 886 3356 926 4669 376
5989 7 302 73 1192 541 1511 627 4011 191 9209 102 9562 863 9577 295
5990 10 706 709 2332 69 2396 675 4135 86 4650 171 6562 12 6793 99 7046 607 8118 710 9145 863
5991 7 1551 444 1777 585 3120 347 4700 315 5528 880 6040 363 8394 836
5992 5 3354 808 5562 978 6031 237 6296 423 9836 384
5993 3 2413 657 5180 664 9027 534
5994 1 431 181
5995 9 223 211 350 471 2163 317 4005 665 4783 871 6211 223 7209 720 8905 373 9572 395
5996 7 1741 770 1760 669 2655 845 3528 48 6513 660 7247 728 9708 357
5997 6 1590 729 3552 743 6754 652 7520 184 8356 198 9746 680
5998 5 134 233 2445 257 4350 202 5384 165 6870 232
5999 4 449 324 4193 529 5158 552 7162 258
6000 4 236 241 5191 953 6217 496 9701 132
6001 3 3553 520 6075 100 6975 50
6002 2 713 779 2061 777
6003 2 2518 352 3506 578
6004 5 2985 697 5761 1000 5926 569 5930 732 6998 227
6005 5 2178 276 2860 593 3047 922 9437 837 9874 418
6006 4 2129 692 4976 401 6987 641 9737 496
6007 3 882 90 1138 882 3794 679
6008 6 184 856 203 640 1326 982 2135 517 3873 617 9444 341
6009 3 5847 718 7668 175 9679 384
6010 2 364 356 6754 801
6011 8 1299 914 1454 203 2240 264 3523 984 7187 416 8329 14 8761 465 9651 842
6012 5 1810 346 3403 179 4970 225 5961 866 6547 567
6013 4 1874 208 4069 538 6828 187 8093 505
6014 5 668 973 1661 927 2521 167 3306 253 7612 133
6015 5 1578 908 2094 373 4232 963 5168 251 6064 34
6016 8 2439 781 2860 350 4019 601 5315 148 6690 619 7614 494 8848 226 9478 838
6017 3 5499 245 7844 292 8913 457
6018 7 1675 77 5199 706 7273 216 8057 450 8536 867 9695 416 9863 893
6019 6 876 462 3659 597 3970 315 6061 103 8181 896 9200 215
6020 4 285 601 1187 780 3802 943 9990 614
6021 6 584 710 1994 524 3236 850 4090 368 8078 518 8769 349
6022 4 2893 763 4212 894 4762 731 6953 602
6023 9 1311 570 3965 961 4649 18 4917 39 5025 993 6805 284 7136 384 8464 116 8949 223
6024 5 4043 730 4612 583 5310 311 6551 52 7308 461
6025 6 24 199 1234 370 3783 280 4437 39 5876 616 8793 18
6026 6 334 723 914 193 5365 542 5812 789 8758 345 8875 398
6027 4 192 856 2360 262 3283 227 9462 811
6028 6 1681 80 3227 578 3508 982 4133 140 6555 628 7553 422
6029 3 1797 216 2850 590 8721 443
6030 3 3005 940 3055 846 7074 442
6031 11 120 109 2703 614 2944 950 3438 844 5500 954 5992 237 6410 889 8462 812 9420 411 9535 709 9780 535
6032 2 1768 655 5835 186
6033 9 1376 81 3385 256 3637 103 4080 640 5470 702 6713 115 7613 679 8621 396 9166 709
6034 8 243 713 1549 758 3743 84 3843 883 4529 582 6366 875 7192 606 7273 48
6035 5 1365 596 2249 526 5485 231 6502 330 6988 941
6036 4 3392 964 4313 460 6065 295 6617 417
6037 5 1137 352 2625 175 3598 555 3936 920 8095 744
6038 6 853 308 1679 813 3821 37 6124 816 6176 250 9753 472
6039 3 512 658 1526 838 1639 222
6040 6 3119 823 3641 530 5696 955 5991 363 6174 389 9027 19
6041 3 711 248 4553 842 6902 491
6042 4 4439 977 4600 841 5043 283 5375 252
6043 5 1889 623 2381 788 3048 23 5389 281 8256 526
6044 4 1598 148 5403 630 7226 974 7642 971
6045 4 275 769 1328 108 1985 631 7107 517
6046 10 46 68 956 246 1771 164 3206 109 4058 723 4871 939 6198 938 6207 244 8339 344 9868 570
6047 12 755 279 1746 929 2243 562 4269 174 4299 634 4515 361 6458 564 7071 387 7770 812 8029 419 9187 136 9636 970
6048 8 1604 653 4904 468 5456 449 6825 387 6953 777 7534 317 8298 403 8678 605
6049 9 877 157 1424 929 1848 18 1995 918 2462 118 5762 822 9090 518 9105 244 9445 31
6050 3 3614 624 7245 16 8278 137
6051 9 982 475 1289 293 1580 418 2593 663 2854 543 4804 387 5964 962 8237 57 8713 965
6052 6 1298 331 1684 464 2080 903 5620 560 7225 175 8218 37
6053 5 133 347 3608 645 5638 408 5920 72 6842 519
6054 5 1827 452 4459 119 4856 688 5965 408 7502 304
6055 7 288 889 2271 641 2301 341 5287 243 7548 106 8283 511 8400 506
6056 6 2019 565 4347 740 4964 995 6893 203 7204 755 9880 803
6057 2 1718 35 2736 147
6058 4 1667 325 4018 43 9406 956 9444 651
6059 7 46 343 2439 212 2860 525 4386 547 4582 192 4979 40 9363 320
6060 4 795 148 2190 407 2503 915 6870 198
6061 7 2260 812 3041 274 3652 977 5008 77 6019 103 7397 577 9598 535
6062 6 81 173 122 555 1703 480 3262 662 5947 274 9724 471
6063 4 5375 42 5467 787 7164 430 7938 29
6064 5 528 626 720 253 4943 130 5060 890 6015 34
6065 8 1269 571 2946 895 3596 30 4475 238 6036 295 6125 287 7502 641 9418 327
6066 8 771 681 2752 916 5382 422 6919 362 7599 260 8186 120 8549 987 8871 633
6067 5 1820 777 2034 865 4410 36 4500 538 5177 274
6068 5 1053 656 4515 138 4995 141 6299 249 9593 334
6069 3 77 523 829 571 8751 490
6070 6 136 246 634 828 3344 661 8195 225 8690 985 9326 792
6071 4 2181 818 2199 203 7801 701 7966 676
6072 3 4454 602 5457 693 7811 488
6073 5 1435 826 3039 996 3621 63 4407 600 5267 333
6074 4 2681 236 2891 101 8032 726 9148 806
6075 8 791 551 2233 63 3565 993 5102 613 5173 699 6001 100 7272 797 8679 677
6076 6 414 373 1692 194 1707 920 6658 940 6743 227 7183 258
6077 3 1005 97 5616 567 7774 931
6078 6 1302 770 1707 947 4480 986 4986 911 6863 988 9664 838
6079 3 1471 388 4025 458 7312 552
6080 7 866 22 2079 342 3852 706 5387 434 6103 261 7070 840 8535 495
6081 9 972 930 1477 787 4927 372 5378 600 6190 414 7872 568 7886 769 8828 737 9997 701
6082 5 496 867 3512 21 4280 370 5416 236 8016 887
6083 6 1804 580 2687 659 2971 369 4576 787 6576 17 8805 494
6084 8 37 33 657 963 724 534 2165 670 3884 299 5338 903 7939 960 9777 80
6085 5 5193 83 5757 898 6222 288 7018 943 7173 701
6086 5 595 75 2374 283 2476 249 5890 296 7824 921
6087 6 977 980 2311 947 3696 82 5632 399 7103 245 9265 991
6088 2 1472 259 6755 753
6089 4 1223 902 1706 597 2297 742 6483 635
6090 7 338 560 1249 926 4937 330 5959 701 6386 713 8453 90 9920 163
6091 5 1333 135 2233 202 4099 67 4529 703 7668 266
6092 12 631 271 2245 179 2785 429 4121 262 4466 84 4694 650 4702 309 5223 957 6647 379 7672 391 8859 208 9357 635
6093 5 1204 992 3292 37 5888 124 8365 716 9881 592
6094 4 664 184 3897 929 3954 595 4372 485
6095 6 776 870 2663 77 4833 817 4846 442 5733 956 9510 300
6096 5 2262 631 4532 570 6221 381 7875 381 7887 768
6097 5 1945 132 3389 345 3481 6 4778 324 5276 454
6098 6 4032 480 5910 29 6856 941 7087 973 8620 258 9230 297
6099 2 522 124 665 728
6100 2 2871 778 6713 795
6101 8 1186 707 5795 295 5919 78 6706 362 7427 26 8439 380 9431 866 9901 462
6102 10 108 172 412 524 757 656 2562 826 3860 266 6278 258 6956 376 7630 880 8765 380 8769 501
6103 8 43 581 534 796 1751 521 5102 988 5283 869 6080 261 7369 593 8603 541
6104 3 2798 391 4509 262 5133 347
6105 4 2153 168 5012 106 5655 415 7163 660
6106 9 162 959 1276 73 1293 363 1786 855 2181 289 2914 760 5566 144 7496 847 9446 498
6107 7 852 390 1208 802 1747 912 2948 772 4482 88 5480 344 6154 209
6108 6 2056 649 4640 779 4903 85 5779 959 6237 338 7926 905
6109 3 3717 885 4323 198 6177 794
6110 5 1632 523 3333 730 4213 675 7067 277 9956 188
6111 3 2621 327 4031 706 5915 338
6112 4 977 508 1649 590 2750 220 5360 239
6113 4 1901 389 4406 785 5588 226 9394 714
6114 8 1005 749 1147 312 2652 277 3929 744 5948 852 9179 678 9644 972 9883 849
6115 4 2030 749 2976 897 3144 51 9329 65
6116 3 241 496 5336 157 9169 11
6117 7 1382 72 2065 907 3174 643 3905 766 7762 687 9068 992 9304 416
6118 4 265 573 764 259 2235 858 8991 219
6119 8 269 625 2465 358 2469 681 3271 998 4163 295 4787 402 7743 404 8833 272
6120 6 2572 572 2850 608 8232 809 8290 775 8455 150 9496 357
6121 5 1891 792 2512 399 4289 829 4911 774 8999 194
6122 4 3335 922 5635 636 7691 908 9095 465
6123 6 1747 950 3265 255 6178 129 6242 48 7259 360 7447 764
6124 5 998 698 2937 414 4519 355 6038 816 8685 575
6125 7 3996 484 4081 171 5477 867 6065 287 6445 245 8086 942 8582 502
6126 5 718 39 1058 689 6445 228 6574 480 6803 314
6127 9 1359 18 2323 275 3002 86 4686 960 4953 103 5732 776 7285 20 7730 484 8736 436
6128 3 1048 37 7430 700 9001 314
6129 3 160 77 9497 622 9733 892
6130 6 1369 607 2468 142 4342 819 7658 541 7865 816 8759 184
6131 9 672 622 2616 114 4466 48 5420 825 5986 268 7370 695 7489 283 7868 753 9836 62
6132 9 224 715 1082 608 5727 898 6209 379 6467 472 8014 564 8167 287 8361 715 8458 316
6133 4 1659 45 2451 376 5707 238 7270 827
6134 2 1610 957 7000 364
6135 7 853 827 3529 647 3987 696 5322 480 7732 565 7868 203 9812 744
6136 8 1527 657 1727 247 2256 974 4195 132 5521 164 6619 885 6798 787 7647 364
6137 3 2883 233 5025 291 6445 568
6138 5 90 781 2425 771 4223 898 4251 547 5461 770
6139 4 412 619 1629 191 3274 78 9190 982
6140 4 3606 966 4795 390 5098 749 8812 844
6141 4 146 873 431 976 837 176 5153 414
6142 3 3259 86 3669 961 6740 139
6143 9 554 707 3209 120 3431 765 3850 466 5233 809 6650 654 7421 591 8407 740 8783 140
6144 5 110 859 2156 147 5898 881 6845 927 7241 653
6145 5 1676 321 3602 134 4122 480 5242 899 8661 14
6146 6 4133 518 6340 689 6972 896 7910 477 8681 123 9715 536
6147 7 6 23 1652 243 4437 705 5499 577 6366 605 8789 538 9773 518
6148 12 1247 109 1773 101 1799 290 2866 298 4088 833 4505 160 4540 901 5394 523 5908 667 6572 976 7438 391 7880 972
6149 3 897 799 2244 609 2425 50
6150 3 4975 830 5321 725 5966 868
6151 5 1745 241 1935 459 2690 379 4142 628 5107 93
6152 3 2002 503 3602 40 4889 600
6153 8 786 229 2082 764 2217 297 3588 686 5980 242 7570 268 9254 881 9657 448
6154 6 898 926 2692 338 4964 781 6107 209 6350 672 6717 83
6155 5 1621 459 2984 561 4406 653 6282 620 7843 503
6156 6 540 608 1806 274 5246 385 5277 611 8946 107 9935 107
6157 6 118 734 3476 514 4038 647 5788 120 8191 450 9361 533
6158 2 5455 491 5654 39
6159 8 154 268 1274 521 1466 240 3884 780 5380 755 5755 253 6317 475 8229 569
6160 12 744 908 1296 987 3009 783 3177 260 5793 760 5868 550 7192 944 7388 623 7459 751 7821 274 8416 578 8806 715
6161 7 1437 802 1698 413 4143 872 4485 651 7505 468 7874 142 8995 866
6162 4 3438 575 4116 928 5081 34 7744 358
6163 2 1484 841 3756 350
6164 2 4903 865 7454 728
6165 8 1140 120 2746 400 3612 663 4806 640 5144 344 6581 647 7281 936 8277 187
6166 8 466 646 1742 913 2011 557 3813 76 4407 277 5647 679 7974 186 9141 619
6167 7 2261 451 3917 485 4615 959 5485 872 6443 527 6655 277 9838 683
6168 6 239 687 247 24 1583 697 1716 354 8378 925 9270 31
6169 6 253 244 1736 706 2655 820 5138 51 5636 469 8411 264
6170 9 408 373 694 308 835 457 2422 968 2716 160 3507 69 4346 708 5773 381 7506 511
6171 4 3012 799 4749 24 6450 767 8127 282
6172 6 539 662 757 685 1616 90 3930 249 8521 874 8889 364
6173 11 138 907 1408 180 1709 80 3216 206 3699 582 4967 547 6330 206 7285 43 7682 320 9418 995 9668 721
6174 8 747 689 2751 994 4036 812 4998 13 6040 389 6399 280 7984 206 9014 319
6175 6 3449 836 5842 124 7728 460 7753 132 8900 343 9271 35
6176 7 3823 131 6038 250 6787 695 7114 720 9318 513 9462 149 9602 963
6177 11 164 968 252 578 1323 652 1626 698 3608 849 3974 981 5189 203 6109 794 6859 105 7946 668 9828 373
6178 4 476 105 4443 520 6123 129 6846 4
6179 7 2481 230 3854 32 5160 82 6436 544 7228 116 7412 551 7585 959
6180 5 1858 337 3140 884 5048 696 6612 128 9880 155
6181 8 636 434 4123 508 4385 750 4403 949 5290 516 7317 956 7609 612 8337 311
6182 4 2525 420 4022 563 4935 584 7497 669
6183 7 84 104 3815 889 4345 295 5308 591 6996 555 8354 387 9440 179
6184 7 1691 89 2094 419 3184 10 7946 252 8637 152 8665 948 9438 331
6185 4 4110 677 5112 861 8725 893 8809 254
6186 4 1297 471 3092 953 6503 919 8306 996
6187 7 643 745 4015 622 4498 8 7405 949 7677 361 8161 535 8477 220
6188 8 2734 834 3280 244 4618 24 5049 49 6903 560 7060 152 9386 16 9726 521
6189 3 2634 215 3185 796 4044 687
6190 5 3244 737 6081 414 6305 341 6985 944 9036 982
6191 7 503 196 1282 903 2235 396 5445 66 6827 476 8764 376 8963 505
6192 5 1271 456 4702 934 4901 362 4904 708 9621 522
6193 6 1984 685 2508 919 5891 716 6930 415 7057 245 7075 443
6194 4 2787 732 4973 850 8040 679 9191 649
6195 4 2574 413 3011 503 3382 106 5691 224
6196 9 4193 435 5575 690 5763 38 6290 483 7975 817 8019 612 8376 260 8756 618 8954 296
6197 4 2588 618 3039 773 3146 42 7220 553
6198 7 830 295 4391 70 6046 938 6409 574 6703 543 7115 392 8268 653
6199 2 790 495 2715 212
6200 1 3441 473
6201 5 1892 712 2471 44 2885 653 9013 269 9375 241
6202 8 567 276 780 476 4017 162 4054 528 4879 171 5278 180 6225 416 8557 575
6203 3 4622 665 4755 354 7658 360
6204 6 2127 731 2802 767 6526 533 7411 938 9437 29 9514 752
6205 3 1516 466 6583 113 7581 173
6206 4 273 900 1301 939 1912 157 4473 705
6207 5 294 96 3216 653 6046 244 7702 876 9254 735
6208 6 3512 275 3986 24 7988 179 9137 92 9209 878 9981 575
6209 7 958 90 3499 439 6132 379 6560 911 6616 265 6852 793 9394 593
6210 5 694 692 5037 469 6652 559 7128 530 8521 330
6211 5 4344 170 5090 502 5995 223 6923 984 8613 35
6212 3 624 492 3525 68 7463 583
6213 8 3009 211 6895 994 7065 489 7411 669 7674 729 7751 494 8576 707 9367 500
6214 5 2312 907 5613 401 6474 344 9253 202 9432 17
6215 12 1116 960 1394 589 2348 937 2885 818 5353 518 6780 400 8376 984 8572 338 8811 421 8940 649 9337 332 9668 618
6216 6 1365 54 3172 401 3992 465 7230 343 9710 288 9917 474
6217 5 1718 635 1876 592 5543 830 6000 496 6588 266
6218 5 643 904 1777 400 5304 742 7799 39 7807 978
6219 6 135 4 633 293 4541 563 5356 221 8008 458 9088 518
6220 6 1004 31 3162 769 4103 95 6383 877 6904 187 7032 503
6221 7 2343 681 4963 288 6096 381 7601 415 9264 499 9507 94 9844 466
6222 6 39 768 420 68 1479 247 6085 288 8616 245 8765 879
6223 7 1752 607 3673 984 5750 518 7710 903 8061 374 9174 131 9498 55
6224 10 2362 874 3999 11 5916 657 6332 849 6663 914 6872 852 8063 509 8074 231 8586 699 8763 590
6225 7 1877 488 5437 293 5576 863 6202 416 6623 630 8259 595 8630 618
6226 5 246 185 407 332 3073 982 5078 3 6463 790
6227 4 490 816 1636 55 7982 994 8526 793
6228 4 3423 152 3639 765 4264 409 5476 115
6229 4 2940 383 3598 509 7549 560 8685 376
6230 5 2472 799 4130 495 5729 933 6518 389 6627 867
6231 6 1477 168 2116 250 2886 38 6302 904 9532 840 9698 260
6232 6 1269 724 4100 209 4381 4 5663 12 5916 654 7168 158
6233 8 790 746 915 656 5264 151 5328 805 5412 903 6879 636 9165 307 9911 661
6234 5 2968 555 4250 817 4483 366 5969 983 6403 820
6235 9 181 777 680 109 1384 637 1602 417 3766 621 5106 438 5165 809 9461 428 9863 777
6236 6 1561 854 2669 247 2711 981 5491 66 6857 957 8816 870
6237 9 139 957 1645 400 2526 830 3954 984 5986 407 6108 338 6946 449 7817 857 9957 771
6238 1 4642 822
6239 4 1692 136 6796 839 7499 875 9226 601
6240 4 3538 671 3846 442 6723 871 9608 456
6241 5 2616 888 3335 54 6383 914 6476 516 7007 426
6242 4 382 732 5739 104 6123 48 7999 843
6243 9 297 571 2779 776 3294 438 5552 133 7582 162 7880 443 8397 914 8779 790 9791 741
6244 7 989 668 1578 667 3780 63 5703 327 5863 976 7530 271 8697 859
6245 7 917 367 2766 137 3462 897 3914 988 4142 843 5082 76 5545 847
6246 7 1510 69 2978 390 3434 991 4849 719 5823 750 7183 36 9323 601
6247 6 2713 1 3433 932 4202 449 4246 366 4323 785 6540 806
6248 7 731 148 1582 540 2003 649 2715 792 5154 168 5278 630 7661 513
6249 7 697 718 1096 681 3220 22 3315 591 4164 538 6996 485 9796 352
6250 5 352 401 3679 697 3894 23 5868 230 5941 82
6251 12 492 689 1035 588 1071 704 3566 606 4114 563 5084 365 5150 810 6490 88 7859 428 8046 495 8612 272 9826 544
6252 9 240 108 679 488 1832 179 2890 592 6375 245 6821 985 7736 329 7829 561 9236 204
6253 4 385 883 3516 659 5777 121 9827 368
6254 5 1913 166 3111 578 6983 720 9552 907 9782 704
6255 8 920 195 2236 108 2525 424 4371 11 7305 150 7598 274 7769 492 9410 275
6256 8 2029 297 2157 540 3019 373 3680 282 4007 690 5836 630 7036 73 9680 937
6257 4 1456 67 5642 887 7272 83 7620 670
6258 4 2998 184 3556 860 3857 96 6917 12
6259 11 599 710 637 10 1024 184 2632 328 2866 140 3108 29 4319 148 4499 680 8006 866 8693 76 9236 524
6260 6 1108 868 1201 368 1872 591 2954 56 4202 114 4327 535
6261 8 243 792 2652 558 3567 930 6451 825 6716 481 7025 77 8242 293 8313 394
6262 5 1387 848 1388 164 3509 706 3652 717 8527 937
6263 7 938 731 1031 572 3178 436 4068 889 4816 962 5459 928 6942 155
6264 9 42 814 241 592 1551 555 2099 717 2515 714 3703 70 3825 763 8626 482 9929 877
6265 5 249 353 2166 9 3468 896 3585 846 9594 778
6266 4 621 767 707 961 2868 215 4347 603
6267 4 2763 318 2991 692 7179 417 8425 752
6268 5 51 847 4744 235 4984 219 5201 878 8300 58
6269 6 773 353 1142 441 4157 803 6821 127 9827 641 9987 445
6270 6 5188 230 5244 501 6890 718 7668 478 7698 897 9264 806
6271 9 1049 129 1718 729 1891 338 5152 211 6682 325 7830 701 8054 708 8122 779 9642 505
6272 3 5184 861 5320 307 8085 324
6273 8 642 490 2693 876 2804 480 3350 293 4051 609 5087 296 6733 812 9343 188
6274 3 1482 425 1629 39 8251 861
6275 3 907 199 4017 985 6622 318
6276 5 820 828 862 695 2275 24 2470 347 8749 962
6277 7 1590 333 2069 545 3730 56 3861 357 7832 116 8160 340 8712 570
6278 7 1112 647 6102 258 8372 698 8874 935 8994 723 9028 688 9041 162
6279 5 1397 706 1608 331 5761 484 7215 958 7315 137
6280 7 89 742 1188 11 1628 988 3809 495 4441 185 6488 435 9712 315
6281 5 2719 117 2742 243 4222 554 8981 285 9593 566
6282 8 3885 270 4042 298 5659 909 6155 620 6946 321 7173 191 9849 18 9997 440
6283 3 3090 644 3738 531 6941 154
6284 3 2523 914 5002 312 7582 197
6285 4 1809 488 2068 200 8204 706 8422 631
6286 4 2631 423 5010 513 6631 155 9014 916
6287 2 4047 362 5914 14
6288 3 175 760 5842 368 9479 159
6289 3 5326 964 7415 150 8140 59
6290 10 1500 765 2761 717 2796 690 2924 136 5512 199 6196 483 6839 555 7897 488 8318 624 9437 170
6291 8 812 694 1192 860 2142 571 2164 830 4790 348 7369 538 8632 644 9033 55
6292 4 1971 29 3107 416 4900 407 6637 742
6293 4 1113 817 5614 468 6680 912 8480 561
6294 6 748 83 2350 376 2739 553 5777 833 7286 357 7926 871
6295 6 1127 359 1131 260 3785 635 5375 639 5807 34 7948 503
6296 4 3142 538 3619 136 5665 610 5992 423
6297 5 2797 851 4632 848 8963 678 9253 642 9980 722
6298 7 1070 148 2236 62 3837 659 5685 951 7070 807 8667 811 9067 281
6299 3 399 383 1260 27 6068 249
6300 3 1569 615 7010 710 7415 818
6301 11 1632 503 1970 165 2414 969 5212 553 5242 841 7340 343 7779 676 8306 431 8807 91 8917 680 9566 366
6302 5 1192 267 1690 754 1889 267 3516 963 6231 904
6303 5 1068 588 2486 986 2598 28 7264 175 8250 14
6304 5 456 107 3309 998 5027 561 6887 853 7096 629
6305 5 1571 733 6190 341 6952 721 8191 406 8252 880
6306 6 3439 244 3899 918 4906 762 4968 165 5337 221 7191 972
6307 3 695 599 7978 773 8069 624
6308 2 2604 241 3497 844
6309 5 1968 332 2556 35 3918 400 7066 204 8592 465
6310 4 950 703 2471 212 3819 578 4697 683
6311 5 3269 454 3635 863 5565 829 7244 614 8081 170
6312 5 1417 529 5155 613 7179 506 8254 460 8783 245
6313 10 791 618 1962 164 3409 709 3970 258 4679 761 5475 785 7720 897 8454 694 8982 94 9733 575
6314 4 836 586 3153 393 4924 991 5156 599
6315 13 688 396 1181 107 1591 536 1886 970 2421 601 2694 268 2944 109 4175 484 5740 3 7167 907 7168 662 8373 5 9779 505
6316 3 4799 903 5798 485 7618 307
6317 11 3776 58 4713 873 5272 238 5309 989 6159 475 6394 836 7761 156 8116 707 8949 553 9424 845 9609 742
6318 8 504 103 1277 51 1543 225 1919 452 2266 851 3791 406 8534 151 8929 757
6319 6 4039 739 4521 768 5880 448 6591 489 8772 360 9047 814
6320 4 2999 381 3484 157 4301 325 7934 478
6321 7 1196 872 3106 795 4652 225 7374 363 8392 547 9417 60 9819 772
6322 2 268 28 2602 893
6323 4 2421 472 2462 188 7680 329 9271 390
6324 4 4340 274 7044 759 9289 466 9957 362
6325 2 2790 291 5960 552
6326 6 173 446 859 194 2260 890 4441 683 5048 199 8685 273
6327 4 1561 844 3859 4 9124 747 9812 854
6328 3 574 776 5480 408 7710 101
6329 7 1180 31 5218 412 6583 359 7365 710 7759 366 7869 963 8223 641
6330 6 93 565 1606 480 2355 925 3033 563 6173 206 7179 665
6331 5 82 169 2122 317 3146 116 4663 20 9945 310
6332 8 1827 714 2657 654 3711 586 3755 676 6224 849 6527 623 7220 14 7383 596
6333 10 763 521 827 878 1040 431 1640 200 2565 364 4239 940 4720 370 8809 872 8918 747 9621 550
6334 5 843 531 3496 633 5028 126 5223 987 9897 830
6335 7 3803 428 4551 96 4591 43 7189 529 7574 386 7977 961 9117 334
6336 3 135 158 7651 818 9116 403
6337 8 340 72 1553 503 2419 422 4610 482 6865 70 7036 995 9024 168 9228 45
6338 3 3397 185 4898 919 5716 99
6339 5 1710 370 1936 160 2540 667 3471 437 7988 418
6340 5 2746 283 3547 777 4147 538 6146 689 7595 445
6341 4 617 930 1885 213 3950 770 6923 681
6342 6 780 749 784 539 3370 99 3833 350 8315 255 8747 521
6343 4 1391 229 2955 232 7929 976 8866 611
6344 3 3907 281 5436 495 6580 166
6345 4 1098 301 1248 717 1356 686 9029 918
6346 6 826 617 2808 415 2872 432 8259 233 8977 287 9600 44
6347 5 1822 935 3000 478 5070 110 5571 585 6762 550
6348 4 453 772 1245 724 1305 290 7120 938
6349 3 2230 989 4849 787 7723 205
6350 4 2325 692 3461 993 5867 556 6154 672
6351 4 1304 684 2078 650 6870 137 7005 530
6352 5 1200 46 5162 630 7115 853 7767 677 9509 96
6353 5 2853 569 4719 168 4759 638 6650 490 8753 602
6354 6 1618 752 2102 206 5627 847 5816 88 6723 430 6848 558
6355 9 2071 747 2463 743 4884 162 5041 587 5238 269 5349 558 6363 176 6665 750 8846 366
6356 2 2596 54 7738 985
6357 5 1415 124 2977 611 7935 549 8112 46 8362 616
6358 7 9 79 134 567 1242 908 1567 79 3968 62 5606 643 9194 346
6359 7 313 978 1120 414 3419 927 3589 785 4866 988 5405 156 8929 775
6360 2 2131 247 3129 103
6361 6 128 960 574 22 1800 532 4551 494 7875 984 9179 436
6362 4 1897 524 2275 414 4510 219 5986 775
6363 8 728 515 1353 216 3929 615 4598 731 5883 976 6355 176 6607 175 9327 29
6364 5 2263 230 3901 86 5157 897 5907 762 6775 71
6365 3 292 671 4928 414 8673 790
6366 7 1043 145 3959 139 6034 875 6147 605 7871 463 9660 567 9872 103
6367 5 732 74 1148 841 4779 357 4805 857 9915 415
6368 3 551 326 2208 287 5968 423
6369 5 371 452 2954 392 3131 592 5923 444 6471 586
6370 3 1181 598 5213 519 8729 792
6371 7 1552 845 2947 315 5860 775 6767 637 7481 655 8781 862 9251 618
6372 2 378 185 8318 346
6373 3 77 663 5585 744 8989 845
6374 5 3254 252 4141 204 7012 382 8752 795 9484 137
6375 5 1324 92 2618 693 4656 70 6252 245 7296 506
6376 2 1997 59 8299 199
6377 4 1168 805 2712 13 4821 552 9967 823
6378 7 2206 878 3373 345 4072 714 4541 547 7476 390 9741 611 9765 208
6379 4 842 798 879 596 7790 252 7881 804
6380 5 180 847 733 50 2436 301 4105 690 4926 452
6381 6 981 759 1232 485 3584 282 4111 324 4211 832 4707 113
6382 2 1474 713 4474 640
6383 8 991 1 1777 815 3645 87 4264 550 6220 877 6241 914 9597 860 9664 299
6384 9 894 437 1215 168 1262 500 1701 699 1924 205 2410 492 5223 781 5349 898 5534 953
6385 3 1499 392 3099 177 7271 135
6386 7 809 800 3224 602 3804 508 5310 828 6090 713 6829 422 9035 437
6387 7 490 399 847 853 2049 190 2451 911 4144 405 5269 879 8567 443
6388 3 38 550 1033 961 1700 277
6389 4 482 482 768 518 4320 164 8779 884
6390 4 307 563 2303 650 3977 317 9302 839
6391 3 13 899 4476 449 6885 703
6392 4 1001 769 2627 202 4999 309 8608 157
6393 5 92 877 1715 976 2562 935 2713 556 2960 145
6394 6 493 658 3858 612 5376 274 5502 43 6317 836 7035 986
6395 5 1964 710 1974 85 2661 663 5658 449 8437 725
6396 4 568 8 2873 820 3228 705 3307 148
6397 4 343 438 3407 46 3656 195 9691 908
6398 7 606 148 2163 630 3216 287 4320 150 6428 159 6518 945 7068 114
6399 9 747 612 1022 678 2248 398 4041 185 6174 280 8137 859 8604 504 9149 854 9380 172
6400 5 591 501 5528 574 8784 442 8886 955 8926 804
6401 7 522 437 1023 392 2193 267 3598 83 5163 562 5181 55 6957 904
6402 3 1205 960 3934 202 9733 777
6403 6 766 382 1750 181 5775 409 6234 820 6684 370 7623 789
6404 3 1052 32 2399 125 4548 358
6405 8 1478 931 1480 343 5026 540 5527 866 7430 451 7522 332 9080 287 9969 219
6406 7 136 197 896 283 4357 960 5956 526 6691 290 7731 658 8961 71
6407 5 1767 223 4256 535 5015 380 5169 777 8010 156
6408 6 2070 715 3282 969 4683 321 5517 986 7394 133 8160 793
6409 10 1267 780 1875 995 2011 622 5534 543 5983 797 6198 574 7885 316 8517 948 8651 844 9388 118
6410 3 4860 213 6031 889 8683 394
6411 4 530 281 1415 849 7017 869 9694 832
6412 4 2242 261 4266 459 5777 799 8716 700
6413 7 51 58 3343 483 3989 215 5431 544 8125 177 8730 151 9842 613
6414 4 204 873 936 436 5670 557 7155 549
6415 6 1413 556 2832 988 2861 11 3889 881 7935 380 9195 647
6416 3 2160 535 2986 787 9771 545
6417 3 803 603 1922 157 5081 137
6418 4 554 552 2545 449 3797 217 9506 354
6419 4 3425 825 6801 869 7215 491 8402 35
6420 6 311 402 4656 806 7418 798 7587 697 8886 897 9610 781
6421 5 2299 439 4670 694 8000 941 8891 944 9695 960
6422 2 4904 234 5790 140
6423 4 1939 647 4779 300 7104 679 7665 34
6424 8 85 749 731 241 757 323 2384 164 2951 397 3102 775 3367 31 9045 816
6425 1 5481 653
6426 5 1107 211 1791 972 2346 487 3161 687 3974 200
6427 3 3078 323 4622 347 7961 187
6428 8 230 844 474 485 2878 966 3000 181 5036 97 5575 223 6398 159 9503 243
6429 4 770 210 2540 218 7586 898 7790 637
6430 3 2614 47 4644 259 7665 737
6431 9 1389 662 1623 651 3313 547 3831 348 5360 265 7666 266 7945 55 8064 263 9092 796
6432 7 282 166 3243 730 3994 951 7233 306 8201 101 8313 239 9120 711
6433 4 1412 785 2748 56 3043 627 5612 340
6434 4 1759 550 3475 197 7605 598 7984 792
6435 3 1773 349 4357 188 5086 556
6436 7 898 839 4237 145 4296 257 6179 544 6575 864 6754 593 9123 678
6437 6 318 958 847 443 2585 431 2882 682 5791 340 8849 750
6438 4 2203 980 5182 734 6464 689 9422 559
6439 3 4178 210 4769 93 6964 402
6440 4 250 914 3686 48 5698 438 9757 140
6441 6 965 770 1981 477 3547 730 7831 294 9607 770 9613 692
6442 7 250 416 552 989 729 967 3418 177 4277 622 8015 156 9381 864
6443 5 1456 631 2616 472 3571 561 4610 522 6167 527
6444 8 900 344 933 485 4736 452 6503 900 7027 110 7274 860 8787 217 9239 260
6445 8 2388 521 2996 984 3048 784 3417 779 5317 890 6125 245 6126 228 6137 568
6446 5 2951 632 3868 211 4219 329 7347 972 8080 373
6447 4 761 828 5241 952 6694 735 8297 562
6448 5 2782 140 6821 833 6870 179 7460 428 8305 829
6449 7 332 130 2443 730 6485 563 8497 941 8803 774 8879 690 9098 140
6450 12 984 395 1573 58 2283 146 2397 143 2402 206 3374 839 4811 913 6171 767 8258 607 8525 947 8878 355 9616 17
6451 7 1947 450 2903 456 3701 155 5195 787 5212 509 5767 83 6261 825
6452 4 315 349 633 281 4333 665 4817 586
6453 9 1081 981 2001 612 6820 161 7067 412 7509 616 8815 826 9246 517 9255 174 9974 128
6454 5 244 885 803 97 1335 522 4479 735 5104 814
6455 4 340 198 1539 905 6766 975 8727 826
6456 6 817 288 1001 564 1750 27 5343 959 7016 40 7650 568
6457 5 1694 602 5696 936 5894 780 6480 329 7259 643
6458 8 273 302 1382 909 2097 187 2947 685 3147 888 4478 791 6047 564 6838 369
6459 7 1829 602 3282 416 3684 938 7264 128 7445 910 8084 236 8165 445
6460 4 1072 581 1814 610 1889 31 5419 400
6461 3 1236 705 5254 693 8013 494
6462 5 1864 616 4390 98 5425 244 8379 991 9518 900
6463 5 2221 1000 4898 789 5431 338 6226 790 8283 481
6464 6 178 398 1317 768 2832 239 5875 981 6438 689 9016 894
6465 4 2437 832 4266 990 7277 836 7871 648
6466 5 1522 869 5902 903 6818 994 8392 291 8741 422
6467 9 32 574 378 576 3215 291 3340 731 3973 942 4193 769 6132 472 6859 879 8815 733
6468 2 1921 198 2199 653
6469 3 1804 903 8485 905 9560 524
6470 6 886 702 955 223 2993 512 3704 596 6791 834 7498 776
6471 6 1823 401 3584 411 4506 195 6369 586 7408 97 9084 315
6472 5 4897 714 5911 714 7561 368 7979 136 8257 158
6473 5 842 465 1048 918 1543 351 2781 87 6570 403
6474 3 1108 438 6214 344 9047 180
6475 7 2301 986 2681 37 2927 930 4251 508 5089 832 7145 10 8623 75
6476 7 924 725 2133 820 4207 764 5659 162 6241 516 9133 226 9215 507
6477 8 894 54 1445 451 3195 148 4321 952 5337 628 7664 519 8897 158 9731 627
6478 3 1000 406 1361 609 2051 749
6479 4 1135 810 1398 779 7894 18 8540 842
6480 8 1042 386 2356 300 3387 896 3442 985 4253 566 5008 641 6457 329 9419 557
6481 7 1388 251 2443 791 3859 38 4434 998 5680 286 8865 482 9835 236
6482 6 855 260 2746 619 2752 576 3096 367 7596 311 9923 200
6483 3 391 847 5846 187 6089 635
6484 6 2705 477 2967 756 4537 563 5020 727 5781 126 8190 777
6485 5 2140 549 5073 565 6449 563 7647 768 9641 675
6486 4 3603 473 4955 217 7725 841 8858 750
6487 3 2049 137 4948 349 5233 177
6488 3 1895 410 6280 435 9796 517
6489 6 271 521 1606 961 2074 63 5340 863 5817 809 8186 646
6490 8 1019 427 1257 187 2087 474 3397 611 6251 88 6946 755 7591 720 9857 934
6491 5 948 269 3194 209 4228 956 4774 350 7664 448
6492 7 71 7 2261 668 5192 616 5795 825 7092 105 9109 500 9675 714
6493 6 45 228 1632 950 2206 772 3255 47 7066 275 8015 890
6494 5 2678 559 2739 191 3438 175 4581 704 9961 134
6495 6 955 844 1845 642 1981 205 4024 737 5936 620 8503 77
6496 4 732 359 977 325 1650 158 3615 781
6497 5 345 464 5068 575 5256 560 5934 848 7704 983
6498 5 155 144 2452 634 6654 388 6972 868 7456 819
6499 3 673 538 1151 709 1467 79
6500 5 2838 540 3951 770 6505 72 7881 128 8293 493
6501 9 2624 472 5827 303 6629 475 6743 310 6963 980 7998 744 9246 421 9270 131 9475 182
6502 5 4346 633 6035 330 6717 983 6945 336 8886 46
6503 2 6186 919 6444 900
6504 3 2892 119 5309 372 7660 905
6505 8 1769 495 2925 635 2939 543 3331 197 5475 145 6500 72 8296 22 9414 967
6506 10 503 910 1778 251 2387 798 2554 238 2719 405 3692 964 4854 23 7066 238 7387 366 7904 495
6507 5 455 942 1193 169 3885 677 5309 148 7400 99
6508 3 142 243 485 459 2292 863
6509 5 1348 104 2142 932 4140 93 5987 458 9335 557
6510 6 76 905 985 39 1268 25 4391 636 5600 416 9918 801
6511 5 198 67 2685 238 3663 278 4327 759 6849 674
6512 6 424 645 2760 857 4563 490 4905 790 4978 577 6908 768
6513 7 1857 683 3479 79 5996 660 7406 701 7550 956 9135 382 9371 817
6514 5 576 27 1721 190 2483 448 5769 925 7639 383
6515 4 1995 721 5034 662 7864 106 8839 454
6516 6 1178 240 2631 839 5795 531 5837 165 6767 937 9927 529
6517 6 19 725 86 151 1117 660 2732 956 7500 251 9471 925
6518 8 2229 881 3953 349 4327 58 4521 212 5881 879 6230 389 6398 945 8884 177
6519 5 608 34 2397 349 3939 880 4700 586 7388 888
6520 3 2527 767 3567 181 4781 901
6521 6 499 634 4147 561 6884 848 9285 496 9340 22 9646 357
6522 5 3160 117 5629 224 7652 129 7993 879 8161 151
6523 3 13 683 2402 862 8085 107
6524 5 1579 970 2551 812 4405 531 6670 480 7959 521
6525 6 226 847 1963 907 4391 710 6881 733 8486 156 8937 259
6526 4 1753 729 2561 673 4855 509 6204 533
6527 7 81 168 1663 265 1968 788 3230 15 6332 623 8547 750 9918 682
6528 4 4008 526 6931 98 8582 195 8640 86
6529 3 1198 658 1973 30 4324 82
6530 9 1988 989 5055 399 5566 732 5629 133 5672 593 5766 459 6690 167 7241 521 9415 206
6531 5 456 560 952 929 5262 273 5613 992 9158 163
6532 3 138 412 731 535 9682 808
6533 7 293 113 1076 13 1500 158 8389 803 9370 469 9763 507 9815 606
6534 3 1445 826 4062 724 4548 448
6535 4 3296 758 3919 588 5288 732 9181 163
6536 3 990 729 5338 281 7767 761
6537 5 814 368 3601 660 3681 61 7184 165 9758 836
6538 4 375 101 1400 222 5794 280 6626 188
6539 3 4111 316 6659 819 7283 392
6540 5 770 588 1460 619 5064 791 6247 806 7812 548
6541 7 1850 604 3980 113 4789 44 4899 875 8473 395 8856 970 9037 343
6542 4 155 55 1537 482 2455 113 7966 94
6543 6 1665 776 1691 696 4879 576 5248 784 5311 688 8181 553
6544 7 1006 202 2406 754 2696 654 6710 579 7313 156 9179 142 9445 178
6545 5 686 668 1219 632 2454 411 5752 667 7439 216
6546 1 4214 144
6547 5 1504 77 1623 699 2420 493 3293 311 6012 567
6548 2 2058 302 4666 685
6549 5 3629 195 4885 995 5916 234 6835 823 8166 589
6550 8 1430 83 3188 264 4624 455 5845 746 7222 400 7864 382 8977 292 9242 737
6551 4 1605 863 1672 362 3416 965 6024 52
6552 4 1954 74 7125 108 7515 879 8541 686
6553 5 1463 237 3114 940 3433 650 4246 977 7779 363
6554 5 294 405 2611 321 5335 866 6570 730 8167 240
6555 3 3540 913 6028 628 9806 572
6556 5 286 479 473 790 3869 445 4564 243 7023 962
6557 5 2052 598 2745 432 2794 357 2826 87 5928 363
6558 5 571 625 2367 675 7887 623 9259 836 9890 612
6559 4 1350 22 3351 604 3414 660 9044 721
6560 4 2352 259 2994 13 6209 911 8637 408
6561 2 1021 386 2579 95
6562 7 2082 515 3864 680 4319 184 5156 856 5990 12 6564 245 9561 110
6563 5 1479 964 2042 757 2300 33 4129 655 8405 318
6564 8 1597 506 5133 320 6562 245 6772 176 7443 171 7872 329 9069 11 9142 405
6565 2 2243 125 2470 358
6566 8 557 965 1355 424 1500 268 3230 616 3315 785 3598 621 8468 265 9202 597
6567 12 2235 682 3375 233 4027 309 5209 584 5558 746 6941 809 6967 470 7095 41 7235 199 9545 847 9677 647 9748 46
6568 8 1884 561 2353 733 3374 952 3932 898 4302 57 5233 984 8602 169 9885 620
6569 4 68 630 4121 415 6607 980 9835 58
6570 8 999 191 1105 460 5182 308 5831 35 6473 403 6554 730 8632 728 8880 209
6571 6 1887 849 4680 834 5109 321 5627 15 5697 442 7276 537
6572 8 115 118 2688 486 2843 40 3418 611 3668 807 4388 911 6148 976 9626 137
6573 7 120 952 2700 753 4685 488 5007 22 5896 142 7507 287 7908 991
6574 6 1376 806 2122 769 4322 648 5952 811 6126 480 7687 628
6575 8 593 17 949 916 2753 498 4202 61 6436 864 7536 685 8324 333 8900 100
6576 9 4038 691 5170 78 5771 669 6083 17 7483 290 8343 344 8967 542 9375 794 9709 472
6577 5 2275 186 5205 430 5480 639 8095 771 9787 679
6578 7 108 493 813 693 3151 966 3649 90 6737 22 9431 151 9958 844
6579 9 1237 869 1684 165 3481 66 5236 210 5368 549 6844 94 7072 415 8243 362 9385 172
6580 5 3189 22 3743 957 6344 166 7586 544 9690 266
6581 7 1209 385 1228 901 1836 301 2556 975 4935 165 6165 647 7582 872
6582 6 2070 381 2085 862 4667 72 5339 192 8333 703 8909 562
6583 5 211 895 649 329 5394 445 6205 113 6329 359
6584 3 358 774 6931 751 9418 405
6585 9 1312 296 2128 165 2587 861 3443 808 5924 198 6630 614 6790 111 7813 830 8800 522
6586 5 654 461 1376 998 2296 116 3697 106 7212 255
6587 3 2025 667 3046 906 5398 331
6588 4 3270 78 5596 803 6217 266 9830 18
6589 9 1323 371 1410 58 2256 562 4001 512 4008 935 4364 801 5794 782 7659 758 8081 282
6590 5 2654 384 3778 21 5207 582 8168 298 8611 49
6591 5 2371 580 2802 101 5981 961 6319 489 7411 443
6592 4 2560 637 5354 30 7143 648 8814 761
6593 8 308 720 1415 946 6919 78 7790 939 8148 84 8359 7 9173 167 9410 278
6594 5 276 86 4149 747 4771 863 5638 207 8764 945
6595 3 1697 926 4183 135 9631 18
6596 4 272 515 2300 322 4874 567 7301 312
6597 9 542 505 2388 262 3862 788 4013 321 6751 883 7646 201 7992 544 8546 941 8772 819
6598 2 2675 952 8632 13
6599 7 2784 903 3616 250 3908 870 7026 728 7659 71 8067 634 8111 986
6600 3 4517 732 5778 292 8565 84
6601 6 505 735 3570 448 5945 498 7350 891 9132 850 9863 881
6602 7 719 23 820 868 1346 660 1406 387 2845 352 9539 521 9924 971
6603 8 1256 551 2550 517 4957 381 5553 600 5830 339 8964 778 9490 942 9520 901
6604 6 915 530 1140 21 1432 44 1859 35 3743 782 3770 732
6605 7 498 884 747 14 1610 591 6926 822 6983 276 7450 695 9334 963
6606 4 2541 417 3921 46 5118 967 7543 588
6607 10 2344 435 3853 178 4276 124 4421 277 4508 81 6363 175 6569 980 7643 373 9714 576 9871 896
6608 6 1306 414 1852 815 2048 667 6778 744 9240 554 9500 141
6609 8 671 83 4117 266 5763 918 8439 765 8953 426 9576 475 9645 563 9779 334
6610 8 1356 106 2849 689 3053 797 3369 408 4447 983 5101 715 6847 387 7161 148
6611 3 1833 330 8374 828 8503 654
6612 3 2917 360 2950 543 6180 128
6613 6 573 320 591 88 2651 4 5514 24 8350 938 8472 677
6614 4 4421 81 4936 677 5258 728 5602 675
6615 7 1025 323 2168 384 3082 333 4442 931 5560 233 7221 709 7359 131
6616 5 377 922 4031 415 6209 265 9085 891 9945 264
6617 9 1096 314 2187 376 2449 725 5912 465 6036 417 7658 788 8141 714 8201 694 8389 167
6618 5 46 489 2726 318 6960 748 7750 596 8955 409
6619 3 2336 976 6136 885 9759 431
6620 3 1146 174 3578 216 8454 404
6621 4 239 96 265 838 1810 609 3881 230
6622 9 613 988 1094 324 1892 247 3762 50 4331 783 4554 665 5701 968 6275 318 8156 479
6623 4 5850 76 6225 630 7642 887 8611 735
6624 9 561 544 1264 559 3512 697 4296 25 4400 717 5957 44 8837 657 8857 865 9312 793
6625 5 365 183 1023 696 2460 688 8603 460 8913 958
6626 5 612 568 871 690 5166 868 6538 188 9029 246
6627 3 1835 899 5084 996 6230 867
6628 6 180 406 2427 881 3784 415 5732 173 8133 881 9700 743
6629 6 1056 344 1820 140 2721 218 6501 475 7586 438 9722 627
6630 6 334 381 1498 433 1514 291 5239 733 6585 614 8123 805
6631 6 1122 781 6286 155 7293 49 8195 785 8431 360 9196 467
6632 2 101 453 2732 369
6633 7 1125 348 1644 947 3559 803 3736 934 4123 698 4226 519 4318 215
6634 4 314 802 3811 185 7270 953 8780 493
6635 3 3874 458 4708 453 9490 821
6636 4 1929 495 3288 744 5415 688 5692 71
6637 10 132 20 2446 511 3120 300 3966 189 4859 795 6292 742 7082 890 7214 388 8654 856 8790 787
6638 5 213 387 1775 714 3370 671 7025 937 9625 669
6639 7 1058 646 1212 131 2556 497 5521 830 7747 216 8848 826 9491 304
6640 6 1331 645 2670 598 4262 622 4447 255 4955 587 9498 986
6641 4 147 545 3842 190 4958 614 5841 337
6642 6 1206 983 2169 425 2787 703 4232 107 5463 410 8006 565
6643 7 1132 702 4652 926 5014 118 6921 899 7175 782 7256 153 9793 170
6644 7 229 599 649 110 1776 316 5342 636 5509 676 6776 990 7187 640
6645 5 2229 741 2532 341 3873 908 4306 916 7425 477
6646 6 335 525 1873 168 3111 376 3362 670 5721 440 7899 571
6647 3 4301 950 5441 50 6092 379
6648 7 677 129 1999 181 3520 609 3822 589 4273 51 5254 415 6871 134
6649 5 813 16 3462 520 3786 533 8053 4 8884 35
6650 8 223 789 238 686 2248 239 5124 638 6143 654 6353 490 7327 801 7734 323
6651 4 2738 731 3891 267 6653 250 8358 926
6652 10 2635 190 2678 494 3249 657 4570 75 6210 559 6968 555 7430 670 7982 932 8226 599 8777 50
6653 8 1410 823 2167 875 2759 412 3243 234 3929 556 6651 250 8802 699 9290 366
6654 2 492 83 6498 388
6655 7 1921 613 2102 491 2210 134 3844 363 6167 277 7242 62 9237 515
6656 4 1571 540 3508 220 4337 709 8265 503
6657 3 204 744 2340 266 7577 505
6658 5 833 173 1547 997 6076 940 8094 675 8734 949
6659 6 163 980 3122 791 3762 588 5280 415 6539 819 7279 779
6660 6 186 334 947 494 3759 660 7029 320 7125 33 8585 931
6661 6 1797 79 2289 968 4354 253 5763 296 5814 852 9818 787
6662 5 583 67 1609 46 2065 388 3645 456 9591 881
6663 6 826 637 4033 8 4456 590 6224 914 9154 716 9938 329
6664 7 1151 177 1424 27 2708 142 4859 63 5961 638 7337 486 8581 574
6665 4 3833 477 6355 750 8736 276 9002 257
6666 7 354 690 4026 332 7205 12 7671 279 8687 657 9178 152 9529 955
6667 4 247 692 2443 851 8859 512 8868 33
6668 5 1411 75 3687 401 4605 451 4710 259 8669 836
6669 4 1422 269 2375 70 2480 386 9456 755
6670 7 3466 332 6524 480 6705 520 7525 476 7831 261 8019 732 9239 685
6671 3 3333 361 9126 778 9169 669
6672 6 1766 822 2226 583 3142 979 5409 568 6985 192 7991 270
6673 10 480 205 725 35 850 452 1300 114 1769 231 2411 564 2489 72 4488 638 5146 813 8676 908
6674 7 155 871 161 782 904 823 1769 14 2311 260 3582 451 8936 197
6675 7 337 17 1975 491 2550 791 4728 377 5142 309 7180 578 7848 236
6676 3 303 601 8078 523 9307 648
6677 3 623 103 640 545 7055 459
6678 6 929 784 1586 270 2314 846 4614 656 7503 158 9189 934
6679 5 629 859 1065 351 1409 210 3704 194 5360 275
6680 5 1177 133 2394 696 5500 165 6293 912 7020 461
6681 5 1666 916 4110 77 5315 880 8329 211 9776 631
6682 2 3646 97 6271 325
6683 4 2099 390 2442 807 2562 540 5515 610
6684 5 3070 845 5131 357 5231 745 6403 370 7422 764
6685 5 10 835 91 614 1600 76 4872 967 9163 508
6686 3 222 883 3746 306 8873 14
6687 4 4726 928 6839 685 7504 816 8746 785
6688 5 395 510 1040 933 4943 433 5898 372 8353 550
6689 3 3367 666 4655 177 5805 976
6690 4 5703 447 6016 619 6530 167 8882 758
6691 7 1130 517 2285 752 2744 505 2801 533 6406 290 9934 776 9983 672
6692 7 2116 424 2758 154 3756 545 5437 243 8053 615 8344 408 9239 897
6693 3 3047 929 5337 576 6874 301
6694 4 1161 680 2488 137 2581 119 6447 735
6695 6 145 658 545 874 639 422 2905 545 8507 989 9092 281
6696 8 947 117 3996 988 5812 744 7255 799 8164 111 9400 581 9519 238 9593 927
6697 3 1628 203 1723 342 9342 304
6698 2 76 782 8978 953
6699 5 309 189 2484 65 3745 753 4014 331 5504 576
6700 3 5859 735 7225 130 7751 290
6701 3 2617 989 4694 495 9064 808
6702 2 3376 908 9213 362
6703 6 463 638 3148 345 3981 358 4422 343 6198 543 7141 355
6704 3 1025 1000 4541 80 6909 151
6705 6 1825 185 2528 356 5489 830 6670 520 6913 715 6915 909
6706 5 1508 633 5465 99 6101 362 9192 797 9558 883
6707 7 18 716 3039 945 3269 704 3383 743 3983 388 4284 666 9183 702
6708 6 1650 945 2660 304 4326 315 7810 692 7819 326 9497 702
6709 7 45 342 984 351 985 660 2726 903 2914 396 5696 759 8941 174
6710 4 6544 579 6959 89 7527 660 8944 538
6711 4 610 496 1680 815 7168 586 9750 418
6712 6 1025 902 1914 858 2326 135 7372 729 7815 361 8449 574
6713 4 4863 281 6033 115 6100 795 8069 559
6714 3 2578 283 3168 154 9210 287
6715 5 461 255 1267 362 2401 617 3596 86 3730 81
6716 4 3209 468 5903 290 6261 481 9779 920
6717 4 3208 172 3479 68 6154 83 6502 983
6718 5 2092 299 2541 251 3394 280 4271 804 4465 279
6719 5 33 388 654 752 1015 112 4569 523 7461 81
6720 3 4447 143 4849 492 6876 896
6721 5 2581 900 4091 919 5646 143 8537 81 9124 353
6722 7 545 951 2360 384 2377 710 3089 292 3572 428 5399 329 8181 691
6723 10 576 77 1469 228 2040 312 2084 760 4341 265 5313 146 6240 871 6354 430 7270 76 9263 67
6724 8 192 989 429 832 899 18 3591 235 4655 816 7265 746 7774 183 8930 275
6725 5 717 658 1351 918 3244 460 3860 928 7058 882
6726 5 548 275 1859 513 3499 53 5249 116 6853 96
6727 5 3338 908 4913 847 7765 436 8014 279 9228 222
6728 4 3188 208 4221 392 4438 169 5049 437
6729 6 510 746 3345 767 4878 772 5139 359 5250 213 9161 39
6730 7 684 431 2203 16 3366 612 6877 427 7045 845 7057 492 9848 85
6731 6 2452 290 5911 636 7492 612 7863 983 8238 172 8385 344
6732 6 1178 514 1615 516 3255 127 4615 929 5493 981 7347 22
6733 6 1191 38 2239 83 5778 470 6273 812 7809 660 8821 805
6734 10 337 906 2723 211 5585 539 6785 336 7034 243 7238 548 7509 476 7580 548 7606 845 8447 448
6735 4 1061 643 4086 485 4634 650 5141 284
6736 5 2341 997 2503 728 5138 934 7405 754 7644 763
6737 6 296 243 1658 618 2828 689 3883 986 5858 238 6578 22
6738 4 2147 920 5815 624 7287 736 9583 420
6739 6 2356 200 3923 669 6954 137 7022 888 9755 640 9986 402
6740 5 2713 553 4205 366 4832 657 6142 139 7300 254
6741 2 2115 697 5394 917
6742 3 3660 261 5028 946 5618 920
6743 5 4236 703 4370 798 6076 227 6501 310 8336 43
6744 7 332 464 1944 795 2358 303 2470 437 3897 93 3914 45 5722 368
6745 4 951 392 1181 66 2326 536 3138 316
6746 6 836 724 1015 552 1823 518 2470 433 4212 216 5564 204
6747 5 889 552 1309 431 3887 767 4658 986 5346 745
6748 1 2903 998
6749 6 2829 664 3373 175 5500 41 5821 685 5881 15 8294 842
6750 4 96 525 2919 566 3540 12 9453 393
6751 5 2111 290 2886 969 3271 836 4013 689 6597 883
6752 4 345 742 2178 310 4352 977 8172 885
6753 4 784 882 3523 719 4370 794 9511 825
6754 11 1735 363 1967 371 2266 336 2282 347 4945 490 4983 634 5997 652 6010 801 6436 593 9089 647 9528 646
6755 5 907 572 1043 964 1274 432 4652 377 6088 753
6756 7 957 530 2930 794 5052 610 5389 272 8680 13 8779 440 9524 84
6757 5 82 268 1036 651 3214 521 4743 977 9155 917
6758 7 680 813 1203 255 1325 871 4587 29 4960 828 5349 909 8293 755
6759 3 3020 983 4996 276 5058 588
6760 7 195 879 716 845 1358 99 2418 876 3846 852 3873 174 9306 645
6761 6 2352 590 2551 672 4045 173 4850 587 5315 78 8335 852
6762 10 106 319 878 325 1067 538 2142 858 5354 699 5858 938 6347 550 7544 358 8593 699 8762 30
6763 7 419 247 2281 661 2872 202 3035 926 3573 144 3948 91 8157 358
6764 5 685 60 3204 515 3443 879 6851 740 7618 709
6765 2 2442 817 9983 640
6766 9 472 574 3882 260 6455 975 7214 513 7303 491 8783 228 8832 387 8859 569 9724 452
6767 6 432 276 2707 745 6371 637 6516 937 8755 546 9148 523
6768 3 27 896 5869 999 9292 219
6769 4 1694 668 4380 479 4622 390 9368 78
6770 4 374 257 999 682 4227 575 9284 402
6771 6 911 506 1037 561 2512 96 3374 709 4610 256 7527 157
6772 9 111 493 1999 950 4184 52 4231 186 5966 456 6564 176 6930 276 7586 114 9358 389
6773 5 1608 583 3213 696 5082 549 7981 802 9239 488
6774 4 2988 249 4393 504 5256 304 9656 127
6775 4 1778 36 2400 850 6364 71 8024 466
6776 4 1591 500 3138 366 5784 316 6644 990
6777 5 908 55 2209 964 3507 349 3593 884 8698 668
6778 2 368 595 6608 744
6779 8 652 249 790 124 2518 192 4616 433 5810 497 5848 968 7490 520 8198 709
6780 5 330 432 3095 125 5802 129 6215 400 8423 442
6781 5 3060 103 5334 25 8394 393 8483 843 9624 11
6782 10 1051 501 1067 429 2269 448 3392 136 4372 948 4685 833 7633 854 8046 582 8283 895 8368 92
6783 4 422 99 1024 566 5322 334 9482 722
6784 4 4525 114 4537 239 5302 382 5879 455
6785 7 307 834 813 583 3777 37 6734 336 8074 837 8670 263 9500 969
6786 5 1288 529 1761 874 3371 567 3802 931 4799 494
6787 3 1340 939 3496 389 6176 695
6788 3 4000 425 5642 838 9789 330
6789 4 2084 901 2310 666 4225 381 4818 935
6790 6 295 652 368 622 3499 841 3565 453 6585 111 8953 701
6791 5 846 121 1550 360 2621 820 4181 128 6470 834
6792 4 2127 950 3068 681 3237 759 9518 519
6793 7 2245 760 2315 200 3455 441 5928 686 5990 99 7052 680 7782 708
6794 6 982 294 1810 672 4010 375 8060 190 8227 254 9776 826
6795 8 415 900 4264 322 5237 775 6899 850 7017 219 9435 938 9603 820 9685 392
6796 5 599 452 1362 204 6239 839 7031 554 7845 357
6797 3 1507 196 4470 561 5734 875
6798 6 2028 640 2922 829 5432 955 6136 787 8651 81 9391 782
6799 5 2222 449 2507 551 5908 60 7100 44 8581 230
6800 5 264 44 854 62 1780 218 5750 293 6852 809
6801 5 2959 637 3420 521 4054 732 6419 869 6893 601
6802 2 3513 25 5955 829
6803 5 218 857 1869 422 5536 964 6126 314 7647 830
6804 3 2803 191 4085 420 5705 711
6805 6 1041 450 1542 373 5197 242 6023 284 7027 266 7123 931
6806 4 4104 607 4656 40 7894 180 9010 616
6807 4 1274 133 5082 754 6897 548 7725 58
6808 7 1486 642 1811 597 2074 72 5520 208 7537 349 8182 850 9406 425
6809 8 485 992 2128 282 3999 533 4138 875 4630 269 9619 185 9704 891 9754 545
6810 6 1978 120 2062 172 2967 790 4968 172 8061 692 8091 845
6811 8 961 405 2552 618 3543 295 3626 151 4802 670 5923 35 7747 278 7968 102
6812 3 2649 368 4487 242 7094 546
6813 5 2340 565 5790 432 7184 243 7348 221 8744 291
6814 4 490 46 4188 299 5739 594 7657 92
6815 8 124 933 243 912 3425 154 3632 698 4411 50 4665 255 5752 495 5942 714
6816 6 254 123 3992 645 4856 610 4895 157 7368 547 8398 317
6817 10 239 755 945 494 2949 64 3417 847 3563 52 3830 877 5697 17 6876 613 8027 625 9755 579
6818 5 1209 423 1393 378 6466 994 6832 323 8957 137
6819 3 1740 986 2368 827 4640 445
6820 4 1722 104 2618 543 3690 172 6453 161
6821 6 822 264 6252 985 6269 127 6448 833 7999 782 8039 622
6822 3 1452 941 2083 509 9080 639
6823 4 285 318 1698 398 2479 803 3939 958
6824 5 1103 670 1885 778 1960 112 3078 21 9204 396
6825 10 902 428 1840 110 2353 448 2501 708 2924 759 4202 841 5450 758 6048 387 7670 829 9361 728
6826 6 1299 1000 2063 379 3196 175 5917 813 8223 501 9635 935
6827 9 229 628 2886 614 5841 171 6191 476 7109 819 7160 858 7169 265 8206 279 9885 510
6828 3 1714 686 6013 187 8696 897
6829 10 1654 694 2751 716 4127 625 5465 535 6386 422 7347 332 7546 929 8006 810 8428 137 8655 74
6830 5 406 427 3498 119 3970 703 7014 446 8180 848
6831 4 1501 684 2972 293 5687 214 9737 634
6832 5 92 786 6818 323 8034 777 8459 821 8981 943
6833 3 5564 461 5715 152 5852 133
6834 4 752 197 5732 236 8553 502 9838 148
6835 2 4564 616 6549 823
6836 6 341 920 439 178 3782 533 4105 37 7100 522 9227 505
6837 4 2339 244 2990 926 3430 713 8945 671
6838 3 611 783 4790 810 6458 369
6839 7 1883 925 2312 78 3059 119 5833 649 6290 555 6687 685 9377 621
6840 3 1767 582 3154 964 4309 166
6841 4 1993 636 2611 817 3774 181 5343 561
6842 6 976 723 1770 320 2152 759 2953 820 6053 519 9171 949
6843 6 2705 112 3845 443 4994 719 7521 299 8704 743 8977 820
6844 3 6579 94 7091 988 9016 184
6845 5 357 104 2415 477 6144 927 7167 379 7856 818
6846 5 833 992 1075 23 6178 4 7409 221 9451 787
6847 7 55 711 3132 971 3994 775 5680 191 5911 448 6610 387 9795 145
6848 4 4110 821 5120 556 5429 518 6354 558
6849 5 1179 64 2032 552 3471 518 4114 497 6511 674
6850 5 767 935 945 606 4466 268 7734 390 8736 672
6851 7 529 858 567 208 2456 860 6764 740 7836 86 8892 567 9953 806
6852 6 2663 157 5390 529 6209 793 6800 809 7355 149 9173 337
6853 4 3136 577 4381 1000 6726 96 7954 472
6854 7 1140 583 2310 10 2657 978 3542 390 4575 981 4825 125 4945 699
6855 6 2171 328 2868 374 3200 913 3649 155 7071 911 8642 751
6856 5 1129 337 3236 9 6098 941 7127 33 9493 188
6857 11 0 446 425 512 1237 363 2407 426 3645 958 3651 318 4419 179 6236 957 7249 498 8749 534 9982 712
6858 5 2690 470 7018 32 7338 589 8655 413 9744 718
6859 7 625 267 4177 871 4551 295 6177 105 6467 879 8479 56 8531 859
6860 7 503 97 1819 624 4492 795 5050 61 5096 845 6890 685 7102 928
6861 7 435 977 2689 917 3533 367 3664 548 3866 979 5601 185 9559 218
6862 3 2170 544 2348 942 7016 294
6863 11 25 424 419 551 511 159 969 264 1290 121 2231 586 5427 937 5611 70 5681 194 6078 988 7639 988
6864 5 2575 806 4216 246 5336 177 5779 953 7028 232
6865 7 3116 219 5179 754 6337 70 7315 170 7770 490 8079 962 9577 880
6866 5 1018 529 2043 500 3071 452 3403 324 9129 778
6867 2 985 462 1137 87
6868 5 882 109 1336 404 1904 693 5701 307 7683 989
6869 4 917 268 3472 50 4209 79 9955 65
6870 8 290 450 713 280 3868 267 5097 655 5998 232 6060 198 6351 137 6448 179
6871 7 371 367 1033 610 3493 578 3776 637 6648 134 7665 78 8965 684
6872 5 511 114 3311 304 5304 107 6224 852 7745 671
6873 5 2467 948 4070 27 4658 518 7669 562 8626 23
6874 6 907 893 3764 733 4591 694 6693 301 8629 75 9377 972
6875 8 1427 104 1640 706 2731 441 3821 452 4973 857 8478 868 8751 524 9864 609
6876 5 317 597 1942 178 5142 349 6720 896 6817 613
6877 6 1346 730 1854 260 2985 401 2997 185 6730 427 8657 409
6878 5 1709 876 3721 520 5141 179 7271 780 7554 911
6879 3 865 987 6233 636 7002 602
6880 6 1081 174 1702 514 1798 464 2239 822 2695 163 5004 29
6881 5 437 899 5335 798 6525 733 8991 953 9709 691
6882 5 50 13 1230 152 2354 620 7643 888 8001 983
6883 7 527 354 902 442 1048 18 1446 189 7147 927 8308 846 8489 800
6884 7 1078 111 1782 826 4122 2 6521 848 7284 337 9829 59 9911 243
6885 7 1821 715 2591 847 5700 170 6391 703 8515 992 8693 567 8717 843
6886 7 72 91 928 914 2840 116 4568 898 7977 321 9253 716 9731 580
6887 6 898 915 3962 130 5376 599 6304 853 8491 172 9862 680
6888 5 2653 770 3124 18 3166 84 5434 430 8565 521
6889 4 573 269 3310 549 5982 413 8283 200
6890 8 2255 955 2430 666 2631 560 4392 62 6270 718 6860 685 7957 393 8303 43
6891 5 2473 300 2538 410 3240 343 5712 403 8753 896
6892 5 2650 537 3088 901 3811 630 4800 718 8799 474
6893 5 4193 927 4230 314 6056 203 6801 601 8416 398
6894 5 1470 73 1615 44 2039 184 4426 257 8025 951
6895 6 775 63 1326 764 2470 104 4056 960 6213 994 9477 145
6896 5 3097 331 3123 789 7375 365 8634 329 9813 705
6897 3 2343 339 5752 445 6807 548
6898 8 41 730 965 361 1243 460 2359 461 2885 628 2995 273 4267 956 8291 413
6899 4 3748 559 6795 850 8596 830 9891 291
6900 5 2820 877 3272 759 4185 472 7272 609 7343 782
6901 2 4215 917 9516 10
6902 2 6041 491 8938 892
6903 7 3154 691 3833 563 4025 460 4975 690 5637 258 6188 560 8931 479
6904 5 1864 535 6220 187 7571 23 7907 598 9128 892
6905 6 932 777 1785 647 2565 414 4000 38 8425 750 9250 490
6906 4 1134 808 3090 374 5766 532 9118 264
6907 3 3325 746 4969 542 5671 932
6908 4 1948 77 4364 825 4647 82 6512 768
6909 4 2059 472 6704 151 7377 601 9380 498
6910 5 194 735 1654 314 1667 492 1685 367 4336 310
6911 4 1407 69 4643 922 4877 998 7356 966
6912 6 2040 685 2429 980 2766 332 7035 141 7446 120 9441 284
6913 5 818 632 1515 520 2484 788 6705 715 8379 256
6914 5 2707 719 3774 601 3996 858 4780 494 9117 675
6915 3 6705 909 8352 908 9499 455
6916 6 704 350 1688 612 1883 216 2244 460 7327 802 7362 349
6917 7 2136 936 2301 987 4466 762 5754 113 6258 12 8757 89 9759 479
6918 8 10 137 30 665 67 740 869 532 3596 935 3675 66 4199 714 5316 257
6919 3 3592 348 6066 362 6593 78
6920 5 1289 300 1496 894 2686 309 3393 48 4808 402
6921 9 307 334 2217 130 2492 186 2870 156 3904 103 4472 423 5375 84 6643 899 8471 935
6922 4 479 423 3545 377 4261 763 7839 283
6923 6 1243 462 5604 987 6211 984 6341 681 7281 711 9032 49
6924 4 4798 231 5738 76 7579 708 9266 194
6925 4 196 142 4055 384 5280 207 6961 558
6926 5 3402 356 3590 281 6605 822 7970 963 9708 7
6927 6 843 469 2121 12 2945 788 5214 93 7971 724 9473 424
6928 8 36 653 1023 611 1139 129 2587 867 4333 260 8116 847 9769 365 9905 315
6929 3 1020 855 1087 563 4684 524
6930 5 2378 738 4000 178 6193 415 6772 276 8544 554
6931 5 5105 256 5122 662 6528 98 6584 751 7022 564
6932 8 555 236 1264 883 1808 926 3737 445 7071 460 7499 720 7809 982 9570 96
6933 7 1566 302 2878 73 3341 118 5047 393 7224 600 7954 313 8124 51
6934 7 1297 40 3150 482 5923 988 7533 438 7760 706 9114 656 9479 49
6935 5 818 395 1804 732 2118 286 4712 591 9538 471
6936 7 911 790 1164 504 1833 248 4593 351 7163 289 9027 241 9141 521
6937 8 1054 936 3443 773 4974 855 7417 28 7702 651 7979 991 8933 477 8978 110
6938 4 1739 216 1861 237 5843 591 8606 3
6939 4 852 816 1429 249 4060 151 7575 737
6940 4 699 376 1390 86 4342 68 4881 453
6941 6 822 618 1264 310 6283 154 6567 809 8320 283 8453 647
6942 8 4027 249 4358 30 4475 250 6263 155 7170 542 7914 315 9238 165 9298 600
6943 2 5930 100 9308 434
6944 5 1218 61 2296 580 4576 853 6945 669 8640 305
6945 8 1172 195 1594 952 3680 732 4658 319 6502 336 6944 669 7490 294 9893 934
6946 5 6237 449 6282 321 6490 755 7303 875 8980 958
6947 3 2392 396 3722 242 7923 81
6948 5 1255 512 1804 245 2155 190 2596 483 8324 841
6949 4 774 490 980 651 3719 343 8700 881
6950 3 2242 626 4272 597 5127 238
6951 5 1983 470 5420 104 5546 508 8651 397 8910 223
6952 3 6305 721 7945 173 8450 784
6953 7 463 194 954 654 3543 47 5069 623 6022 602 6048 777 7531 901
6954 6 614 987 783 594 2768 869 3022 89 4093 762 6739 137
6955 4 2712 861 2901 341 4013 314 9852 391
6956 7 200 428 4134 280 4237 908 6102 376 7228 173 7756 911 8773 511
6957 9 1027 450 1580 218 3079 449 3653 380 4351 340 4842 466 6401 904 7205 903 8602 377
6958 4 3192 968 4930 750 5210 303 7167 83
6959 7 314 554 4177 811 5862 81 6710 89 7235 893 7800 338 9326 402
6960 2 2824 452 6618 748
6961 5 451 326 2824 338 6925 558 7512 225 8181 329
6962 4 142 474 1390 16 4433 941 4797 31
6963 7 571 419 4338 990 4885 512 5323 905 5535 506 6501 980 7799 21
6964 3 3307 543 6439 402 8244 72
6965 6 788 554 2597 324 3505 817 3869 160 7775 70 9123 594
6966 6 551 834 4971 995 5759 806 7917 726 8724 773 9970 731
6967 5 983 456 2420 921 4646 607 6567 470 7981 427
6968 5 2341 718 5467 422 6652 555 7246 137 7406 915
6969 5 56 972 590 178 792 560 7835 915 9282 899
6970 2 385 90 1420 341
6971 3 951 250 4433 277 5364 673
6972 7 3101 701 4236 402 4969 924 6146 896 6498 868 8132 821 9530 773
6973 4 836 572 1364 411 7170 470 8420 727
6974 6 1408 668 1458 476 3729 955 3849 974 5255 165 9885 987
6975 4 1446 359 2822 929 6001 50 9784 889
6976 7 949 128 3198 31 3471 858 3524 880 5178 308 7135 813 9523 713
6977 6 418 116 3519 380 3937 19 5606 569 5870 115 7811 370
6978 2 3573 966 4361 489
6979 8 2921 558 3467 8 3531 723 3594 540 4993 472 7488 256 7886 943 9259 624
6980 3 841 689 4766 840 5522 70
6981 6 1755 416 1986 705 3997 552 7134 831 8730 641 9624 215
6982 6 850 838 2697 456 4650 327 4848 763 5323 308 9172 693
6983 7 495 362 1394 243 1426 697 6254 720 6605 276 7536 16 8284 287
6984 3 2299 897 4629 976 5305 672
6985 6 679 949 5230 49 6190 944 6672 192 8318 992 9915 918
6986 5 5 429 943 325 1304 324 5437 30 8078 786
6987 8 4683 843 5460 199 6006 641 7250 474 7946 243 8004 567 8588 734 9281 202
6988 6 243 35 646 846 1581 831 5312 985 5952 719 6035 941
6989 3 349 932 645 304 7421 930
6990 3 150 379 3608 323 3978 622
6991 7 418 628 589 806 5524 205 5630 753 7362 372 7536 750 9873 855
6992 8 513 939 518 656 661 200 2276 749 5955 878 7444 577 8050 707 9273 22
6993 2 1465 859 2551 655
6994 3 1423 643 2425 852 9281 434
6995 4 1384 682 8789 96 9308 230 9826 979
6996 4 5297 446 6183 555 6249 485 8486 926
6997 8 912 353 1283 720 2794 307 4085 99 7044 111 7104 437 8192 798 9272 570
6998 5 1735 388 3166 120 4390 568 6004 227 9487 852
6999 3 5362 982 9313 149 9512 614
7000 7 2593 203 5595 15 6134 364 9084 783 9150 987 9580 897 9681 915
7001 5 1189 86 1987 253 2369 726 4718 927 4749 259
7002 7 1804 311 2327 223 2583 951 4283 902 4288 811 6879 602 8602 464
7003 4 1805 753 2032 653 5521 193 8609 638
7004 7 1302 238 2252 397 3931 445 4174 401 4840 995 8163 20 9796 58
7005 5 3060 804 3426 336 5143 55 5188 85 6351 530
7006 7 626 31 2334 767 2352 209 2371 573 3269 330 5631 871 9723 160
7007 4 1909 155 3751 484 6241 426 8822 186
7008 4 3904 15 4174 933 8012 450 9328 408
7009 5 560 783 2254 71 3524 396 4192 482 8052 152
7010 6 1299 862 3114 479 3237 666 3356 957 5695 960 6300 710
7011 7 1155 695 2516 380 3037 360 3093 762 4205 866 7055 613 9153 292
7012 5 915 984 2100 446 3705 132 4067 873 6374 382
7013 10 820 990 1363 760 2390 466 3374 591 4556 953 5035 218 5082 532 5434 588 8833 117 8952 349
7014 5 58 491 1899 500 3764 728 6830 446 7437 197
7015 4 835 134 2192 762 3924 650 7656 298
7016 6 2375 865 3064 631 3533 617 6456 40 6862 294 8759 354
7017 8 2460 369 2478 429 3502 723 3756 447 4526 995 5898 912 6411 869 6795 219
7018 6 2566 279 4764 152 6085 943 6858 32 7392 776 9980 464
7019 6 493 391 2337 911 5268 406 5821 897 7104 845 8157 69
7020 4 1112 795 6680 461 7464 915 8888 492
7021 4 2027 806 2675 278 8142 568 9346 410
7022 8 1247 494 4711 683 5172 309 5938 926 6739 888 6931 564 8308 922 8786 239
7023 6 179 677 2341 493 2958 122 6556 962 8244 288 9861 238
7024 4 458 649 5075 416 7617 213 8123 643
7025 7 3002 497 3081 692 6261 77 6638 937 8571 603 9052 180 9867 138
7026 9 961 222 1481 688 1922 468 3871 9 6599 728 7356 317 7474 598 8444 458 9346 425
7027 6 2086 817 2975 464 4688 382 6444 110 6805 266 9655 10
7028 8 796 681 2948 309 3432 712 6864 232 7446 61 7759 838 7770 495 9172 278
7029 2 101 862 6660 320
7030 4 909 161 1048 649 2415 801 2702 742
7031 7 2443 173 3537 651 4865 346 5740 268 5919 515 6796 554 7612 379
7032 6 1880 461 2359 29 4525 631 5771 209 6220 503 9850 432
7033 6 1325 899 1426 744 2379 662 5483 47 7282 304 8699 669
7034 3 359 342 6734 243 8212 282
7035 3 5262 466 6394 986 6912 141
7036 9 3266 796 3282 140 3937 711 5965 524 6256 73 6337 995 7248 129 7293 28 8641 180
7037 5 1294 897 2210 837 3299 968 4517 616 8005 49
7038 3 4180 894 4562 625 5398 521
7039 7 811 719 1012 68 1140 644 1742 55 2116 97 4380 895 7218 958
7040 8 272 355 446 666 1976 404 5880 108 7639 879 7695 773 8506 13 9159 82
7041 4 1686 134 3829 732 7762 73 9042 926
7042 2 5403 54 7282 90
7043 3 408 733 1728 784 9136 758
7044 4 6324 759 6997 111 8557 610 8559 923
7045 7 1448 18 4028 622 6730 845 7462 595 7803 402 9753 411 9767 527
7046 4 116 191 1821 506 5990 607 7690 114
7047 5 153 897 5115 173 5565 533 5677 768 9884 782
7048 5 71 193 904 175 1740 365 2444 365 4586 714
7049 6 2182 250 2408 940 5566 940 7989 184 9115 432 9545 37
7050 7 921 75 1300 499 4186 21 7908 428 8454 654 8633 654 9127 874
7051 3 800 742 2841 314 9173 413
7052 6 1832 130 2090 908 4081 949 4250 240 4798 100 6793 680
7053 4 1450 132 4075 272 4635 771 9608 815
7054 5 1726 269 2753 823 5280 973 8851 32 9034 274
7055 4 4785 31 6677 459 7011 613 8659 649
7056 3 3295 55 3674 114 3711 103
7057 7 352 385 2519 968 3368 403 6193 245 6730 492 8572 267 8758 486
7058 4 2192 779 4611 940 5951 896 6725 882
7059 4 829 915 1160 598 4400 974 5567 793
7060 5 1458 143 2296 254 3250 505 5406 719 6188 152
7061 4 5473 692 5575 441 8371 318 9803 816
7062 2 2108 325 4030 120
7063 7 478 788 3039 339 3380 291 3450 29 7168 727 8207 667 8582 159
7064 4 1411 152 3451 669 4229 590 7650 895
7065 6 42 873 1327 753 1495 615 2602 147 3051 116 6213 489
7066 7 2286 633 5598 650 5732 346 6309 204 6493 275 6506 238 9637 463
7067 5 3460 66 5973 532 6110 277 6453 412 7563 629
7068 5 4408 195 5574 212 5870 263 6398 114 8432 703
7069 3 949 52 1937 737 2062 311
7070 8 441 933 2204 735 2892 989 3229 54 3995 903 6080 840 6298 807 8024 615
7071 10 18 963 887 545 2017 613 3667 633 3821 602 6047 387 6855 911 6932 460 8806 943 9849 552
7072 6 1595 273 3703 646 6579 415 8336 3 9144 223 9547 831
7073 2 200 549 7462 269
7074 4 2591 456 4055 405 6030 442 8630 405
7075 3 5391 151 6193 443 7665 687
7076 4 2183 976 4787 914 7245 652 8501 612
7077 7 391 801 1895 353 2891 668 3744 951 3912 935 4065 173 5239 209
7078 3 3707 338 3751 278 5443 150
7079 7 6 139 89 233 529 571 1049 140 3576 529 3641 249 7375 347
7080 7 301 687 318 606 666 498 1181 354 7137 862 7244 314 8596 49
7081 6 916 456 2472 980 3342 235 5964 4 8315 611 9095 152
7082 8 1349 502 2680 634 3294 294 3366 978 4932 171 5122 339 6637 890 7767 360
7083 4 3479 975 3909 534 4823 50 9233 223
7084 7 2610 276 3078 492 3272 790 3669 487 7992 61 8598 376 8599 692
7085 2 1263 524 4676 293
7086 8 2069 95 2210 688 2580 899 3253 249 3264 221 3811 589 5859 802 8574 158
7087 8 723 273 827 995 903 113 1341 943 3469 444 6098 973 7209 688 7806 988
7088 3 1732 428 2569 130 5804 1
7089 8 1984 817 2213 615 2990 644 3158 881 3222 600 7200 906 8068 953 9676 893
7090 5 3659 760 3858 389 5229 443 7775 834 8463 450
7091 7 1231 463 1574 407 1926 282 4256 365 4505 769 6844 988 9261 17
7092 5 878 81 5976 504 6492 105 7475 619 8749 611
7093 3 112 202 9420 794 9660 724
7094 4 814 27 6812 546 7609 149 9275 734
7095 5 1800 313 1995 387 4848 433 6567 41 9275 912
7096 5 373 447 3721 634 4091 199 6304 629 8024 684
7097 2 1031 806 2610 176
7098 5 2626 665 3097 941 3130 456 5196 410 5810 712
7099 8 2187 155 2376 279 2394 817 2725 212 4944 207 5321 189 5928 135 8014 542
7100 8 505 580 4041 621 4170 492 4797 582 4936 797 6799 44 6836 522 8078 491
7101 5 5124 658 5559 296 5962 353 8827 197 9169 80
7102 7 2805 557 4738 186 5379 248 6860 928 7473 232 8123 679 8181 408
7103 6 166 231 3085 188 5051 251 5309 582 6087 245 9279 942
7104 5 3630 167 6423 679 6997 437 7019 845 9845 970
7105 4 1052 554 1092 308 3361 628 9142 292
7106 5 2086 764 2656 382 3299 91 4868 721 7440 764
7107 7 1931 67 3631 902 4866 72 5531 944 6045 517 7409 523 8848 773
7108 5 46 784 825 642 1304 69 8062 673 9908 308
7109 6 453 697 555 785 2058 96 6827 819 7237 351 9347 292
7110 5 849 494 1636 636 3291 20 5557 468 9950 382
7111 5 1989 285 4736 629 4784 554 7766 540 9658 226
7112 6 786 961 1169 820 2653 380 3734 588 4824 648 8864 100
7113 5 2360 226 4013 980 5049 882 7599 123 9943 905
7114 8 172 419 1451 856 2371 604 2442 31 3883 818 4071 280 6176 720 7823 138
7115 6 1615 187 2256 215 3611 664 6198 392 6352 853 7463 12
7116 2 2207 592 5201 700
7117 8 1100 892 1274 800 1966 453 2491 781 4117 977 4188 339 7627 88 8436 825
7118 5 2507 162 2928 996 7518 556 9279 865 9617 75
7119 7 260 809 2271 114 2288 177 4971 941 7805 670 8725 525 9410 960
7120 5 2822 732 5634 750 6348 938 9754 118 9759 450
7121 2 3446 597 8903 155
7122 5 3871 707 5147 581 7653 223 8097 535 9409 768
7123 9 400 164 5915 501 6805 931 7380 251 7850 512 8472 944 8862 515 9382 758 9782 215
7124 5 691 579 979 954 2522 813 4821 676 8138 634
7125 4 1 997 2160 444 6552 108 6660 33
7126 11 390 526 745 509 1376 68 2315 167 4283 542 4902 929 5870 617 7391 332 8007 898 8414 894 9118 678
7127 4 4495 21 5791 626 6856 33 9355 851
7128 5 3420 801 3641 864 4777 476 6210 530 8847 938
7129 6 1562 127 3179 203 4393 328 8216 744 8927 856 9089 610
7130 5 1776 905 3823 607 4167 788 8525 645 8812 353
7131 9 2188 441 2354 554 2841 72 4802 758 5027 99 5295 23 5343 540 7804 696 8841 105
7132 5 984 61 2154 49 5015 267 5106 722 8608 768
7133 2 1365 539 5673 233
7134 3 2163 44 2275 900 6981 831
7135 7 287 706 1159 561 1230 64 4593 560 4716 642 4888 880 6976 813
7136 4 88 98 5081 999 5778 152 6023 384
7137 7 2216 169 3998 501 4477 250 5280 457 5774 1000 7080 862 7146 128
7138 5 178 909 2280 380 7715 94 9198 491 9784 767
7139 4 623 414 4744 443 9513 395 9577 237
7140 5 2404 390 3158 986 3580 851 7324 555 7681 226
7141 5 285 93 1280 852 3868 899 5247 472 6703 355
7142 2 4116 831 5342 383
7143 6 89 678 3152 860 3259 522 5052 845 5807 928 6592 648
7144 4 469 33 1437 425 4938 934 5601 817
7145 8 1179 256 1648 772 5281 416 5636 850 5808 148 6475 10 8650 606 9542 968
7146 11 913 12 1237 26 2338 903 3868 332 3894 139 4282 608 7137 128 7654 7 8326 560 9358 187 9823 921
7147 2 4399 13 6883 927
7148 7 22 943 999 364 2930 91 3171 469 4511 481 5685 939 5920 226
7149 9 299 419 658 294 3844 593 4457 296 4464 728 4788 12 8879 503 9331 500 9619 751
7150 5 1628 290 2086 454 2593 5 3481 544 7789 580
7151 6 2929 430 4437 738 5366 880 7439 858 8240 375 8776 126
7152 7 1966 987 2924 625 4078 33 4558 536 7836 197 7892 805 8173 214
7153 4 388 112 3075 827 5054 437 7776 552
7154 1 1388 13
7155 4 1112 229 2421 136 6414 549 9892 567
7156 4 1047 181 3423 509 3448 672 8338 139
7157 5 1270 181 5951 651 7421 261 8894 16 9647 19
7158 6 460 987 2231 433 3393 167 4584 526 7411 599 9803 424
7159 5 79 822 1190 805 3836 268 4828 231 5961 91
7160 5 661 527 1999 109 2928 93 4799 544 6827 858
7161 8 781 717 1473 564 2546 561 2618 375 6610 148 7878 263 9448 913 9533 137
7162 3 1811 967 5286 796 5999 258
7163 5 1224 332 4430 919 6105 660 6936 289 8141 851
7164 8 24 709 1025 962 3360 942 5406 55 5544 202 5684 871 6063 430 7944 288
7165 6 1093 375 2550 309 2750 955 7829 158 9218 574 9267 775
7166 2 3479 190 7787 325
7167 9 518 33 2687 84 2783 168 6315 907 6845 379 6958 83 7476 720 8455 164 9025 318
7168 8 6232 158 6315 662 6711 586 7063 727 7286 148 7800 139 8360 528 8939 147
7169 5 304 408 555 448 5574 804 6827 265 8681 104
7170 8 717 363 1141 572 3633 561 6942 542 6973 470 7483 372 8101 756 9161 516
7171 2 353 401 1753 89
7172 6 1195 615 1374 321 1877 416 1956 475 7428 229 8272 629
7173 3 5447 750 6085 701 6282 191
7174 4 842 695 974 406 1290 399 3735 94
7175 9 1361 619 2569 437 5730 956 6643 782 7673 767 7862 675 8031 54 8175 872 8861 197
7176 4 143 670 1307 908 4927 814 8866 884
7177 9 513 977 595 957 894 670 2846 622 3194 129 5636 993 7669 826 8326 664 9417 593
7178 7 98 563 3860 306 4625 408 7409 434 7806 614 8774 879 8941 136
7179 7 678 569 1480 807 3644 657 6267 417 6312 506 6330 665 8457 498
7180 8 40 987 1097 122 2236 833 2407 498 3220 58 3666 270 6675 578 7248 475
7181 7 1122 317 1435 805 4787 766 5601 892 7482 2 9057 249 9087 55
7182 4 72 967 2068 219 8607 151 9215 109
7183 6 2367 463 3485 7 4527 313 6076 258 6246 36 8685 358
7184 8 1346 170 4747 929 6537 165 6813 243 8437 478 9122 330 9254 371 9333 607
7185 6 466 569 1334 644 2226 220 2502 680 8491 203 9400 957
7186 6 754 324 1069 408 2772 416 4452 770 8504 518 9830 120
7187 5 1357 100 6011 416 6644 640 9358 863 9952 133
7188 5 321 434 1436 168 2526 479 4581 743 8333 828
7189 5 503 355 5756 65 6335 529 8327 599 9874 628
7190 7 2259 237 2721 208 3942 253 4653 526 5233 34 5959 532 7581 299
7191 6 1600 253 2562 198 3380 754 3641 896 6306 972 7394 242
7192 9 1322 70 2450 339 3565 851 3935 555 4472 800 5378 679 5784 413 6034 606 6160 944
7193 5 2359 537 4568 565 8688 274 8979 467 9859 42
7194 6 1515 225 2349 77 5211 285 5403 680 7779 609 9747 104
7195 6 458 10 1805 632 3027 105 3479 32 4920 398 5586 140
7196 4 4212 857 5036 641 5038 887 9457 980
7197 2 2262 264 5643 198
7198 6 2191 548 2527 975 5840 930 8876 810 9029 653 9296 291
7199 3 1243 416 2839 281 7292 537
7200 9 3943 404 4488 205 7089 906 7320 660 8009 34 9141 852 9751 707 9772 89 9977 598
7201 3 2312 216 3491 367 3526 272
7202 4 4906 572 8496 759 8984 945 9578 84
7203 7 326 67 1282 370 2429 784 2777 142 4800 433 8581 339 9377 382
7204 7 490 652 2306 346 2763 370 4928 627 5118 894 6056 755 8676 870
7205 8 2 651 227 393 2401 636 4923 633 6666 12 6957 903 8617 110 9447 278
7206 8 2850 360 3342 361 3903 250 3923 222 3958 742 8655 381 9893 560 9903 218
7207 4 3755 463 4875 347 8303 339 9441 206
7208 9 233 414 257 43 380 480 914 236 4699 345 4812 815 5283 519 5386 583 8958 232
7209 4 5884 580 5995 720 7087 688 9372 457
7210 6 2737 754 5030 75 5766 250 8721 119 8996 492 9388 956
7211 9 492 236 1631 244 2704 962 5033 869 5437 594 5528 465 7228 556 7968 783 9401 437
7212 3 3149 30 3904 818 6586 255
7213 4 1974 493 2321 5 2900 292 7404 295
7214 8 490 641 2423 704 2747 345 3197 527 6637 388 6766 513 8762 734 9911 974
7215 5 141 212 1367 393 6279 958 6419 491 9584 452
7216 4 2797 693 4256 287 7265 727 8895 868
7217 1 2806 891
7218 4 440 298 2633 728 5792 289 7039 958
7219 4 1931 666 2341 214 4932 408 8271 724
7220 6 1737 273 4026 388 5347 180 6197 553 6332 14 8475 642
7221 9 594 353 2903 118 3109 778 3754 638 4175 8 4433 904 4864 507 6615 709 8749 759
7222 6 472 47 3787 828 4754 854 6550 400 8005 844 8285 843
7223 1 2183 702
7224 4 3248 748 6933 600 8278 693 8822 387
7225 9 1566 860 2660 683 3739 929 5662 695 6052 175 6700 130 7417 409 7836 819 8862 583
7226 7 768 249 2659 107 5042 646 5722 310 6044 974 8760 805 8992 853
7227 4 3378 452 5951 35 9206 839 9713 221
7228 9 454 434 3544 971 4784 136 5678 853 6179 116 6956 173 7211 556 9444 577 9601 435
7229 5 1840 409 3377 775 4275 235 4590 240 9532 600
7230 7 2265 681 3602 891 3914 304 5705 156 6216 343 7345 402 8578 581
7231 5 3844 330 4202 19 4382 979 8047 134 8350 937
7232 9 801 617 1022 709 4794 447 4812 41 5743 995 5761 966 8364 589 8862 738 9406 534
7233 6 300 475 2502 998 6432 306 7957 915 8464 592 9849 847
7234 6 2378 512 3405 864 4459 888 7694 576 7695 570 7860 715
7235 5 6567 199 6959 893 7573 221 9125 745 9993 628
7236 5 679 14 4194 885 4493 759 5460 824 9821 700
7237 6 420 783 3709 518 4190 210 7109 351 7601 581 8246 14
7238 6 1295 36 1994 755 3294 233 5574 148 6734 548 9254 818
7239 4 181 215 868 491 1391 181 5138 717
7240 4 859 768 1676 302 5790 226 8409 758
7241 4 4345 344 6144 653 6530 521 7827 977
7242 9 685 826 1666 231 1697 941 1915 302 2815 741 3044 28 3718 712 6655 62 9751 636
7243 4 1202 624 1495 870 5886 372 9064 397
7244 7 2418 417 4129 555 4172 811 6311 614 7080 314 7767 259 8528 231
7245 7 1384 72 4027 980 4439 552 4837 657 5660 64 6050 16 7076 652
7246 4 3019 461 5212 413 6968 137 8559 630
7247 3 2114 999 3250 748 5996 728
7248 3 4529 850 7036 129 7180 475
7249 4 3381 563 4682 363 4707 633 6857 498
7250 5 4808 529 4842 774 4970 618 6987 474 8595 319
7251 5 290 176 1964 268 4896 262 7358 159 8826 481
7252 3 743 440 3880 575 4886 272
7253 7 730 960 2461 423 2685 326 3362 472 5086 1 9676 91 9920 798
7254 5 4850 810 4937 945 5684 411 8470 62 8828 213
7255 8 2167 233 2533 679 4134 263 4541 563 6696 799 8396 522 9464 220 9865 209
7256 5 1812 607 2035 632 6643 153 8745 422 8995 447
7257 8 1127 619 1760 691 3625 180 4861 841 5286 145 5396 641 5913 753 9017 919
7258 5 874 579 3561 645 4892 46 4972 280 9609 832
7259 5 2333 191 6123 360 6457 643 7809 394 7826 59
7260 4 157 97 878 1000 3196 533 9491 595
7261 2 5673 815 9536 639
7262 4 622 89 1382 263 1564 325 5681 790
7263 3 1202 46 8101 148 8583 923
7264 9 3208 611 4495 96 5338 789 5399 953 6303 175 6459 128 7808 52 9438 523 9914 679
7265 6 400 59 1309 781 5859 133 6724 746 7216 727 8886 851
7266 5 552 775 976 832 5126 678 7368 928 8420 744
7267 3 451 914 2284 496 5702 988
7268 5 2577 372 2924 518 4377 974 4608 796 8239 154
7269 5 998 960 2475 382 4342 634 5100 21 5789 241
7270 8 630 922 974 481 2037 594 2753 248 5189 943 6133 827 6634 953 6723 76
7271 7 1915 728 2299 300 2989 68 5051 221 5942 504 6385 135 6878 780
7272 5 1446 967 3401 120 6075 797 6257 83 6900 609
7273 4 5592 728 6018 216 6034 48 8363 490
7274 7 77 890 3062 829 3492 194 5471 715 5760 954 6444 860 8632 716
7275 6 711 230 755 477 2809 240 4045 959 5184 909 5439 585
7276 4 768 85 1234 988 3008 424 6571 537
7277 6 282 372 1799 636 1967 597 1992 22 2429 208 6465 836
7278 5 11 33 560 443 1517 154 4668 400 8751 124
7279 2 4788 665 6659 779
7280 4 2535 378 2549 83 3458 817 9061 973
7281 9 634 494 2522 442 4926 80 5198 967 6165 936 6923 711 7540 228 7826 460 8833 183
7282 6 1164 483 1775 500 3458 845 3914 878 7033 304 7042 90
7283 5 497 787 906 308 1849 822 6539 392 8994 412
7284 6 4092 165 4923 987 5387 626 6884 337 9251 276 9659 581
7285 9 746 73 2478 621 2642 571 3177 857 6127 20 6173 43 8377 853 9187 769 9697 233
7286 6 2140 273 3754 243 6294 357 7168 148 8498 835 9705 577
7287 7 1209 206 3688 828 4612 868 5027 283 5124 627 6738 736 7941 439
7288 2 5205 66 5817 227
7289 3 723 104 2198 738 4032 168
7290 4 879 669 3090 719 3422 92 8762 994
7291 6 331 418 920 933 3242 476 4843 736 8221 266 8996 947
7292 6 2190 176 2828 51 3981 872 7199 537 9183 90 9635 345
7293 7 561 374 614 778 1880 190 4837 485 6631 49 7036 28 7895 706
7294 3 2631 82 4758 573 7498 600
7295 3 1323 693 8481 30 9279 683
7296 4 1233 184 3191 577 5698 604 6375 506
7297 4 436 286 2492 169 5900 581 7453 882
7298 5 3763 106 4473 477 5364 539 5564 255 8869 855
7299 6 2831 424 4554 775 7882 692 8061 333 8435 661 9805 725
7300 8 531 678 6740 254 7759 219 7816 577 7980 688 8977 267 9349 883 9649 778
7301 3 586 832 4659 871 6596 312
7302 2 2447 897 8806 44
7303 8 505 38 1623 341 1677 33 4585 576 5351 924 6766 491 6946 875 7638 261
7304 9 887 167 1649 954 2428 534 2550 462 2963 223 3851 991 4785 233 8388 569 9880 309
7305 5 1675 101 3822 939 5279 941 6255 150 9209 342
7306 3 548 22 4298 862 9255 889
7307 6 321 735 1600 265 3120 769 3326 795 5425 274 8110 684
7308 7 1490 565 4059 447 5504 90 6024 461 8466 400 9749 223 9828 387
7309 10 158 731 277 413 287 464 511 680 697 719 1230 94 4721 597 5573 812 8379 811 9751 467
7310 6 245 248 1342 727 4455 937 7896 276 8607 670 8907 637
7311 3 4975 222 8076 183 9804 381
7312 5 872 254 2625 184 2673 288 3656 521 6079 552
7313 7 3475 687 4889 93 6544 156 8040 310 8526 593 9258 62 9990 509
7314 4 892 838 2471 306 4822 580 7364 63
7315 9 104 268 1109 888 1539 423 2235 116 5623 484 6279 137 6865 170 8217 556 8455 198
7316 7 1369 841 4452 416 4509 950 4604 94 5703 209 8509 891 9749 972
7317 6 1093 410 2816 221 3995 379 6181 956 7580 317 9376 207
7318 4 34 448 4184 192 4640 730 5900 36
7319 12 280 182 2962 464 2986 319 4244 209 4580 483 4898 312 7788 181 8522 629 9027 441 9472 686 9540 956 9868 993
7320 14 10 576 346 626 584 81 712 372 860 348 990 945 1831 174 3667 577 5680 64 7200 660 8145 790 8279 262 9475 944 9999 832
7321 3 920 475 5928 950 7998 607
7322 6 3579 448 4898 145 7932 14 9130 154 9316 650 9901 365
7323 4 1302 303 1785 366 4714 189 7760 658
7324 4 536 406 4503 64 7140 555 8366 842
7325 5 301 783 3345 864 5560 405 7373 105 8370 834
7326 6 2335 507 3821 745 4375 935 5319 764 7382 202 8616 300
7327 9 183 845 599 739 1501 883 2765 189 3116 77 6650 801 6916 802 7328 773 9020 494
7328 6 322 933 1040 240 7327 773 8363 232 8568 854 9189 224
7329 4 1786 337 5387 951 8687 604 9710 901
7330 7 168 163 870 329 1672 731 2475 705 2829 129 4667 339 5710 886
7331 5 4164 889 5289 382 8188 595 8417 66 8965 97
7332 5 3344 890 4643 922 5774 650 7503 199 8595 541
7333 4 929 110 4277 353 5698 222 9327 504
7334 6 166 66 631 643 813 847 5346 435 8737 688 8886 411
7335 3 3468 864 3883 807 7349 898
7336 6 137 330 264 65 1274 589 4795 818 9008 377 9581 589
7337 3 3312 503 4668 845 6664 486
7338 5 2003 783 3409 852 5379 39 6858 589 9260 809
7339 3 5348 579 7645 482 9808 856
7340 3 148 946 2070 743 6301 343
7341 3 989 864 5063 770 5445 151
7342 10 764 961 2338 911 2684 408 3032 650 3158 719 3300 357 5179 705 5545 385 7901 431 8798 63
7343 3 321 127 3786 90 6900 782
7344 7 490 133 1575 857 1662 558 2335 878 3009 831 7617 818 8717 404
7345 4 4605 849 5061 837 7230 402 9616 817
7346 5 1280 830 2662 385 2795 717 3389 10 9393 267
7347 10 615 905 786 922 1213 539 2233 831 5344 833 6446 972 6732 22 6829 332 9106 591 9810 766
7348 9 136 460 1052 998 1665 962 5348 564 6813 221 8433 39 9311 418 9586 695 9854 310
7349 6 3088 192 3390 354 3585 616 4005 387 4845 148 7335 898
7350 8 213 968 2011 390 3280 304 3677 735 6601 891 9364 979 9845 579 9875 455
7351 9 1923 968 2922 488 4292 717 4541 407 5130 379 7400 294 7562 738 8709 7 9483 231
7352 6 1630 663 3961 586 4265 677 4388 17 7527 106 9210 870
7353 11 125 365 1981 820 2499 140 2872 234 3690 240 4249 111 4300 557 4686 849 5450 326 7629 292 8744 182
7354 2 2541 511 2951 954
7355 8 298 907 1221 521 3898 206 5273 857 5317 839 6852 149 7696 958 7732 526
7356 5 233 510 954 822 2674 58 6911 966 7026 317
7357 3 1852 984 2138 693 3330 859
7358 5 1629 118 1934 844 3096 117 5035 245 7251 159
7359 4 1680 864 5811 212 6615 131 8852 468
7360 4 1329 985 2233 898 9549 112 9707 883
7361 5 1327 250 2092 731 5527 911 7575 682 8270 145
7362 6 4040 962 5031 397 6916 349 6991 372 7886 390 7988 532
7363 7 37 884 595 660 1217 599 3548 592 4547 831 9829 775 9830 456
7364 6 2952 87 3013 404 4676 865 5880 169 7314 63 8769 787
7365 5 2040 707 2179 953 6329 710 7436 195 7613 538
7366 5 3236 959 3637 109 5214 860 8066 441 9543 58
7367 2 1197 603 4260 223
7368 7 1189 674 2145 904 5145 246 6816 547 7266 928 8489 188 8820 443
7369 4 4137 648 6103 593 6291 538 9908 179
7370 10 631 766 2138 688 2292 532 2431 623 3147 80 3773 354 6131 695 8408 450 8764 489 9419 301
7371 8 131 214 2018 394 2097 93 4137 115 4610 149 5054 308 9352 978 9480 403
7372 5 248 607 506 620 2183 412 2739 949 6712 729
7373 4 361 689 1260 478 4466 598 7325 105
7374 6 3252 915 3455 181 4796 394 6321 363 7443 560 9365 665
7375 7 1672 13 1716 735 4632 161 5973 504 6896 365 7079 347 9888 72
7376 7 735 192 1834 559 2955 784 3467 526 4499 200 4794 115 9777 974
7377 7 2876 511 6909 601 7428 662 8260 627 8841 445 9546 575 9566 369
7378 6 1682 752 2473 645 4521 169 5666 503 8457 741 8490 840
7379 4 1034 834 2395 78 4919 153 8365 362
7380 4 2442 367 4979 667 5601 937 7123 251
7381 4 992 585 2316 753 7897 262 8023 666
7382 10 1713 193 2401 300 2982 696 3865 539 5527 531 7326 202 7478 875 7937 363 9214 312 9414 163
7383 4 1076 264 2936 612 6332 596 9605 895
7384 6 3007 375 3324 293 3955 424 4319 736 7544 266 9216 973
7385 5 63 972 528 524 3139 383 5151 461 7783 263
7386 7 934 578 1430 876 4609 616 4937 868 5220 725 8013 642 8846 166
7387 3 1169 1000 2542 475 6506 366
7388 8 1891 496 3229 636 3513 450 5485 236 6160 623 6519 888 9111 292 9981 35
7389 2 5351 389 8253 587
7390 3 1742 334 5899 902 7645 184
7391 8 1104 690 2892 144 3762 298 5374 554 7126 332 9686 233 9701 813 9987 114
7392 9 2132 165 4800 50 5741 482 7018 776 7422 301 8492 153 8543 154 8989 943 9128 547
7393 11 231 205 873 573 1076 737 2360 479 3939 551 5403 42 7702 320 8903 815 9056 859 9490 707 9547 302
7394 7 112 268 2231 423 2417 236 2933 790 6408 133 7191 242 8949 468
7395 7 314 687 474 556 2331 472 3756 854 8789 519 9033 171 9092 83
7396 5 590 249 1075 613 1891 541 2451 943 8642 888
7397 3 135 212 6061 577 7656 515
7398 4 3651 682 4741 579 7457 999 9280 491
7399 5 4282 784 4851 577 5795 740 7647 577 8079 806
7400 9 1325 804 1568 680 4489 108 5219 448 6507 99 7351 294 7837 919 7913 511 8587 728
7401 5 444 169 5223 104 5349 548 5956 448 8953 171
7402 6 85 840 691 299 3239 570 3648 708 5355 150 7571 552
7403 5 2734 789 3319 215 5633 285 8414 370 9319 521
7404 3 3415 685 7213 295 8781 381
7405 7 919 688 4541 906 4623 243 4798 591 6187 949 6736 754 8737 608
7406 5 990 355 1158 406 1870 711 6513 701 6968 915
7407 4 475 851 3389 729 4563 303 4832 23
7408 5 3045 248 3456 787 5354 517 6471 97 8336 529
7409 9 920 303 2606 698 4749 858 6846 221 7107 523 7178 434 8332 575 8546 526 8751 84
7410 10 138 38 475 146 825 736 1946 354 2247 440 3810 254 5136 771 8207 587 8419 510 8910 46
7411 10 2356 111 2772 418 3467 549 4107 1 5368 935 6204 938 6213 669 6591 443 7158 599 7891 16
7412 8 616 248 4017 991 4133 413 4136 480 5040 50 6179 551 7925 131 9848 539
7413 6 531 376 1321 245 7805 942 7810 616 8241 513 8905 222
7414 4 3003 590 3014 180 5492 610 7945 336
7415 5 2854 442 4186 85 6289 150 6300 818 8610 510
7416 5 607 372 2934 989 4392 105 9037 25 9399 996
7417 7 1854 734 4608 800 5617 770 6937 28 7225 409 8337 682 8391 492
7418 10 344 777 938 284 2040 555 3445 788 3631 126 3934 722 5867 876 6420 798 7697 286 8590 699
7419 5 3289 854 3441 35 3563 988 9212 98 9759 733
7420 3 1676 941 1995 2 4275 611
7421 7 781 835 1913 458 5626 844 6143 591 6989 930 7157 261 9280 337
7422 8 2502 180 2782 614 3230 59 4869 834 5106 665 6684 764 7392 301 7723 936
7423 7 779 715 1445 430 3850 643 4250 88 5260 749 9341 651 9763 785
7424 4 1824 189 2915 653 5801 906 8810 996
7425 7 352 875 578 322 1179 765 1484 677 6645 477 8602 66 9007 515
7426 10 1542 979 1753 303 2793 362 4023 291 4937 971 5540 887 5869 138 7751 353 8407 202 9877 490
7427 5 458 145 1037 794 6101 26 8856 763 9973 260
7428 5 2997 926 5031 49 7172 229 7377 662 9012 739
7429 6 261 960 1835 943 2534 880 2937 16 4458 487 9688 927
7430 7 669 751 3728 581 3803 71 4189 456 6128 700 6405 451 6652 670
7431 8 629 467 826 71 1160 179 1588 270 2910 292 7446 310 7618 811 9679 882
7432 7 534 629 1005 344 3383 600 4917 506 5716 366 9460 170 9557 648
7433 3 2620 908 3966 329 5143 312
7434 5 4550 248 5096 239 5523 215 8631 222 9369 332
7435 8 77 104 1925 845 2230 135 4483 745 4949 432 7565 387 8071 434 9390 671
7436 2 4585 803 7365 195
7437 6 3659 378 4606 543 7014 197 8671 135 9610 132 9849 417
7438 4 585 791 1983 575 2805 794 6148 391
7439 5 378 420 3836 969 6545 216 7151 858 9136 793
7440 6 2048 358 3007 972 3940 808 4367 675 7106 764 7783 256
7441 4 996 44 5067 802 5819 517 8240 365
7442 5 1204 466 1903 226 2208 179 7941 487 9078 634
7443 7 1153 599 5002 483 5386 487 5465 399 6564 171 7374 560 7879 913
7444 3 4833 199 4865 117 6992 577
7445 5 623 95 2715 443 4724 797 6459 910 7994 709
7446 12 2963 79 3645 798 3935 165 3967 514 5264 736 5571 496 6912 120 7028 61 7431 310 7537 66 7557 297 9200 591
7447 4 5737 586 5779 236 6123 764 8664 237
7448 6 1398 512 1829 338 3932 755 7500 836 7796 8 9484 904
7449 6 4275 654 4940 989 5607 542 8478 261 9311 921 9933 912
7450 2 1017 804 6605 695
7451 4 303 432 1337 592 2421 416 3007 136
7452 4 1394 301 2918 566 5547 619 7867 486
7453 2 1705 448 7297 882
7454 6 1710 290 1930 290 6164 728 7465 916 8212 853 9765 519
7455 8 3750 369 4166 929 4526 772 4755 552 4878 808 5232 90 5311 470 7495 439
7456 4 485 147 4512 376 5103 626 6498 819
7457 5 3827 778 4889 66 5623 22 7398 999 8569 732
7458 10 1319 948 1540 962 1726 97 4298 954 4369 68 5078 48 5127 901 8185 217 9063 620 9199 718
7459 3 461 338 918 438 6160 751
7460 11 791 374 1076 578 1766 712 1909 934 2800 425 2878 4 3141 618 6448 428 7485 532 8652 701 9735 996
7461 4 343 537 5730 103 6719 81 8028 237
7462 11 1 782 70 711 1272 942 5009 719 5887 953 7045 595 7073 269 8127 76 8303 575 9163 32 9333 431
7463 11 1025 897 1237 767 2467 659 4401 967 4585 228 4644 198 4825 921 5317 864 6212 583 7115 12 8864 16
7464 5 2723 186 3952 905 4524 621 7020 915 7581 112
7465 5 181 439 223 289 2419 850 7454 916 8679 488
7466 2 2914 686 8351 24
7467 6 137 183 556 930 3788 352 5740 366 8296 253 8883 968
7468 2 1604 223 8461 746
7469 6 399 102 3264 694 5056 268 5648 926 7545 69 9004 108
7470 4 2052 680 3215 771 8093 504 8256 27
7471 7 326 388 3445 793 4411 364 8431 112 9688 228 9710 382 9919 341
7472 2 1431 116 1507 151
7473 8 2468 890 2592 464 2986 362 4403 130 5388 711 5603 764 7102 232 9261 341
7474 4 5926 999 7026 598 9733 406 9791 256
7475 4 2366 276 5102 125 7092 619 9431 970
7476 7 2192 228 2528 997 4385 224 6378 390 7167 720 7697 249 7706 689
7477 4 1361 648 2450 487 3567 976 5013 178
7478 4 324 315 373 274 7382 875 9866 25
7479 3 4043 592 4936 911 8260 571
7480 3 126 439 783 52 4292 233
7481 5 3548 718 3941 308 4426 360 5767 845 6371 655
7482 4 3823 908 4295 146 4444 51 7181 2
7483 3 6576 290 7170 372 8766 413
7484 2 287 488 7974 133
7485 7 2888 268 3628 392 4428 809 5708 301 7460 532 8729 669 9043 664
7486 8 431 17 620 75 954 674 1763 262 2169 353 5592 959 5635 988 8085 179
7487 6 149 886 752 403 900 999 1139 608 5009 484 8199 103
7488 6 348 946 1466 786 3890 597 5450 883 5499 300 6979 256
7489 6 589 465 1829 222 2463 494 4493 481 6131 283 9744 888
7490 8 790 572 810 121 2635 919 2836 87 3863 26 6779 520 6945 294 9502 221
7491 4 1618 64 2424 557 4592 766 9337 452
7492 3 4421 402 6731 612 7605 395
7493 9 928 453 1293 757 2143 682 2192 957 3339 822 3717 921 7919 521 8264 198 8330 936
7494 7 450 800 1473 195 1719 665 3106 284 3830 758 8043 84 9895 280
7495 4 936 852 4455 68 5651 47 7455 439
7496 5 3580 326 4670 541 4805 724 5789 181 6106 847
7497 5 1742 356 1873 532 5480 825 6182 669 9244 37
7498 3 6470 776 7294 600 8177 278
7499 4 1099 623 6239 875 6932 720 8026 320
7500 7 1098 966 2238 920 3059 390 3774 157 6517 251 7448 836 7541 103
7501 4 312 439 2979 224 5310 383 8424 607
7502 5 4430 543 6054 304 6065 641 9284 462 9547 691
7503 6 1575 586 2849 319 4742 480 6678 158 7332 199 9028 996
7504 6 3775 449 5167 575 5856 978 6687 816 8476 249 9904 302
7505 8 503 615 1625 244 3133 364 3347 894 4736 357 5866 506 6161 468 8417 956
7506 6 4020 325 4354 948 4588 347 6170 511 8054 925 8990 60
7507 5 2158 507 5379 837 6573 287 7946 495 8721 263
7508 6 1399 449 1498 610 5183 999 7668 411 8228 602 9364 844
7509 4 5816 84 6453 616 6734 476 9828 934
7510 4 1836 649 3412 169 4508 720 8542 62
7511 2 5603 61 8567 957
7512 3 203 121 6961 225 8666 895
7513 6 1158 967 5428 908 7626 656 7818 710 8451 526 9268 785
7514 6 2236 217 3461 253 4623 461 5035 633 7757 828 8409 892
7515 6 4298 697 4636 640 6552 879 8403 277 8926 349 9811 421
7516 3 3095 874 5128 813 8866 389
7517 4 261 713 3222 133 5125 441 8664 230
7518 6 205 700 788 347 1475 789 2362 324 5834 134 7118 556
7519 6 1653 83 2399 543 3086 623 4090 221 7560 580 7614 234
7520 6 713 797 978 682 1467 365 1611 907 3725 254 5997 184
7521 5 1447 4 4984 408 5271 18 5787 76 6843 299
7522 7 1202 75 1605 81 2870 412 5920 520 6405 332 8097 935 8982 660
7523 4 756 341 3327 108 7898 3 8048 313
7524 7 1109 348 1607 998 8810 10 8924 87 9127 287 9367 413 9473 173
7525 5 4387 156 6670 476 8860 810 9123 712 9191 92
7526 6 145 668 1866 708 2215 463 4576 400 8223 701 8981 984
7527 6 4658 912 6710 660 6771 157 7352 106 7989 725 8476 869
7528 1 3242 121
7529 5 4408 397 4605 311 5820 900 7550 823 7817 277
7530 4 5374 390 6244 271 7636 345 8172 833
7531 5 2385 306 5203 565 5695 497 6953 901 8861 456
7532 7 57 104 1539 896 1764 952 4847 647 5192 199 8245 531 9719 614
7533 6 648 439 1697 620 3563 544 4882 992 6934 438 8200 795
7534 6 931 488 2907 720 6048 317 8089 736 8376 259 9848 112
7535 5 2758 570 3521 93 4127 846 5037 55 9315 535
7536 5 1212 176 6575 685 6983 16 6991 750 8187 878
7537 3 2931 920 6808 349 7446 66
7538 5 266 360 1959 333 4798 30 5238 269 8619 481
7539 4 2172 731 3823 903 5098 277 8636 7
7540 7 1795 62 2998 265 4923 179 5860 205 5940 525 7281 228 8873 443
7541 6 247 758 4631 432 5569 657 7500 103 7601 131 8885 178
7542 2 3048 691 4078 173
7543 5 1719 441 4756 860 6606 588 9704 123 9990 898
7544 13 36 961 862 744 1048 835 1370 119 2042 996 4120 718 5706 710 6762 358 7384 266 7787 307 7959 950 8190 648 9999 911
7545 3 4653 512 7469 69 8700 74
7546 7 1353 982 5074 935 5734 162 6829 929 7559 221 8693 388 9722 841
7547 4 1012 38 2464 163 2963 130 4496 381
7548 3 6055 106 8202 795 8331 617
7549 8 181 790 958 267 1022 321 2289 976 4120 884 4765 249 6229 560 9293 41
7550 6 4444 224 4600 357 5965 595 6513 956 7529 823 8722 598
7551 3 1630 783 1901 276 8321 90
7552 7 536 303 608 955 5088 287 7718 920 8072 139 8345 664 8766 349
7553 9 7 415 405 745 777 954 1684 266 3524 46 3826 293 6028 422 9187 904 9769 991
7554 5 1926 537 2232 52 4960 77 6878 911 7651 551
7555 4 707 172 3057 326 3351 989 7695 115
7556 4 690 100 2142 649 2820 39 3912 364
7557 5 3059 659 4097 527 5776 422 7446 297 8733 688
7558 7 836 742 2517 683 2888 155 3989 64 5843 808 7912 815 9356 66
7559 5 576 501 1268 200 7546 221 7593 840 9789 262
7560 4 1215 336 2766 865 2980 548 7519 580
7561 3 1146 147 4828 191 6472 368
7562 5 1441 468 1517 153 2682 445 7351 738 9696 569
7563 3 1072 583 5391 988 7067 629
7564 6 69 214 667 432 3425 347 3670 8 3968 273 5819 79
7565 9 1332 399 2582 896 2668 640 2683 469 4167 394 5430 883 7435 387 8410 900 8999 808
7566 4 133 964 818 833 3515 885 7579 385
7567 1 5152 739
7568 5 687 316 5133 667 5984 231 9086 72 9976 451
7569 7 2360 255 5039 588 5875 63 5924 272 8059 938 8520 642 9373 964
7570 5 1860 931 2872 404 3819 688 6153 268 9725 984
7571 4 4123 464 5376 260 6904 23 7402 552
7572 6 79 719 1401 391 1780 601 2585 859 2636 121 7830 206
7573 3 2869 743 5342 373 7235 221
7574 4 905 434 2517 572 6335 386 8207 699
7575 4 2773 361 6939 737 7361 682 9092 375
7576 7 1065 49 2469 955 2826 931 3635 352 3932 867 5079 86 8829 695
7577 6 1109 753 2977 230 5563 470 6657 505 9572 765 9959 664
7578 4 60 319 1959 794 8041 420 9307 433
7579 6 1068 673 2726 576 3484 579 4446 412 6924 708 7566 385
7580 6 754 67 776 937 2715 577 6734 548 7317 317 8267 189
7581 7 414 228 2657 412 4424 983 6205 173 7190 299 7464 112 9442 630
7582 7 1759 216 4307 133 4926 56 4953 146 6243 162 6284 197 6581 872
7583 1 1736 101
7584 8 1213 114 1656 597 5106 695 5200 818 7831 712 8897 279 9324 915 9756 159
7585 5 440 689 1286 250 2212 193 2537 517 6179 959
7586 12 30 475 510 286 1937 737 3089 527 3780 433 4791 256 6429 898 6580 544 6629 438 6772 114 8164 98 8625 227
7587 7 1999 544 2732 387 3038 377 3356 208 5411 237 6420 697 8036 733
7588 4 2111 601 2278 541 7602 152 9861 18
7589 6 339 550 770 505 2739 316 3746 655 4833 203 5983 307
7590 7 2416 313 3005 595 3416 468 3805 427 5146 290 8380 973 8830 314
7591 3 1055 35 6490 720 9769 678
7592 4 1202 675 2454 667 2750 449 5787 58
7593 3 4052 439 4721 717 7559 840
7594 3 2128 877 2297 924 8051 404
7595 5 872 278 5802 551 6340 445 9202 353 9723 352
7596 7 907 189 1088 60 1870 432 2499 599 3979 34 6482 311 9770 110
7597 2 1925 716 4519 253
7598 7 393 180 2842 403 3815 981 6255 274 8175 723 8611 372 8787 857
7599 6 4925 756 5017 365 6066 260 7113 123 9901 238 9923 378
7600 4 214 525 2218 360 3936 961 4455 603
7601 7 761 378 6221 415 7237 581 7541 131 7958 76 8156 377 9328 532
7602 5 113 382 3096 406 3970 178 5839 397 7588 152
7603 7 625 712 865 570 4111 45 4680 37 5336 629 5914 662 9157 239
7604 7 185 864 1952 142 3369 113 8756 647 9137 183 9741 37 9950 353
7605 8 927 145 1805 577 2473 148 4542 965 6434 598 7492 395 8164 393 9045 771
7606 2 5304 652 6734 845
7607 7 593 808 2235 664 4068 557 4699 619 4747 467 8946 697 9310 743
7608 5 383 792 786 799 1882 219 2307 60 5378 76
7609 7 471 390 636 149 1478 916 1940 291 6181 612 7094 149 9832 582
7610 4 425 133 1960 784 7750 497 9255 549
7611 4 1662 418 3236 57 5417 492 9554 545
7612 9 1346 634 2830 929 2947 795 6014 133 7031 379 7790 639 7993 440 8220 119 9873 727
7613 9 1537 939 2557 975 2906 768 4217 56 4932 833 6033 679 7365 538 7894 899 7908 80
7614 9 4718 932 5319 134 5964 969 6016 494 7519 234 7944 466 8075 233 8651 13 9663 4
7615 4 268 407 433 955 3161 914 5176 655
7616 8 110 847 265 837 963 845 2527 994 3788 812 4077 991 8636 680 9701 221
7617 7 452 387 851 644 1817 873 4777 864 7024 213 7344 818 8362 846
7618 10 1832 585 3701 6 4170 382 6316 307 6764 709 7431 811 7787 470 8412 535 9445 479 9585 527
7619 6 803 631 1064 753 1349 127 1783 134 3989 956 9795 950
7620 6 1482 894 1967 304 5670 13 6257 670 8120 532 9835 930
7621 4 268 317 597 781 778 692 9829 844
7622 2 4790 307 8747 90
7623 8 1049 255 3321 236 3378 761 3582 891 5202 531 6403 789 7647 318 8156 820
7624 5 4376 82 4525 441 4703 988 5111 170 9329 564
7625 4 1207 114 2396 416 2709 723 3230 725
7626 4 1037 278 2270 408 4486 566 7513 656
7627 4 434 44 2270 12 7117 88 8093 927
7628 3 110 914 2250 134 9023 502
7629 5 1174 296 3942 534 4887 834 5059 528 7353 292
7630 6 110 180 3226 351 4573 973 6102 880 8774 179 9939 722
7631 9 80 25 769 971 2060 573 2065 152 2219 499 4148 475 4308 75 4629 539 9561 121
7632 5 1038 232 1307 581 2077 697 2117 5 4786 771
7633 4 694 872 1205 834 4729 334 6782 854
7634 5 822 81 871 791 2389 836 3926 157 5495 967
7635 1 3771 750
7636 4 290 162 3387 678 7530 345 8015 333
7637 8 307 925 1562 755 2045 481 2303 627 2379 282 4038 650 4590 355 7841 73
7638 5 790 516 1293 910 1389 387 4341 169 7303 261
7639 8 1533 224 2415 597 3611 582 3853 613 5009 326 6514 383 6863 988 7040 879
7640 6 1312 547 3043 607 3245 150 4867 647 9072 299 9197 662
7641 3 1739 862 4735 778 5079 119
7642 10 310 913 484 247 2757 928 2818 945 2883 264 3952 691 4986 650 6044 971 6623 887 7812 898
7643 9 1685 971 2428 385 3173 20 4506 603 5279 484 5477 955 5647 518 6607 373 6882 888
7644 3 4737 80 6736 763 8488 592
7645 6 203 278 2545 773 2558 200 4644 633 7339 482 7390 184
7646 6 2404 434 4648 43 4791 515 6597 201 8104 211 9538 71
7647 9 1364 991 2273 858 5128 547 6136 364 6485 768 6803 830 7399 577 7623 318 9438 853
7648 4 677 126 1430 872 2971 436 5720 413
7649 3 1010 797 4248 160 4872 792
7650 8 1602 750 2125 876 2769 992 4790 67 5023 98 6456 568 7064 895 9505 853
7651 4 6336 818 7554 551 7675 606 8092 659
7652 5 4824 445 4838 53 5292 614 5952 318 6522 129
7653 2 815 66 7122 223
7654 4 1005 800 1963 222 2482 991 7146 7
7655 5 1022 586 2043 980 5708 532 5801 360 7768 899
7656 10 837 667 1038 672 2113 419 3114 137 3162 670 4495 930 4706 92 4744 758 7015 298 7397 515
7657 9 544 221 1280 265 2535 336 4191 738 4239 468 4884 933 6814 92 8002 956 8910 997
7658 6 1667 394 1733 864 2346 42 6130 541 6203 360 6617 788
7659 4 519 324 1886 892 6589 758 6599 71
7660 5 319 297 2645 699 2769 912 6504 905 9932 563
7661 7 2222 702 2282 222 3206 129 4872 106 6248 513 9270 932 9506 840
7662 3 3886 976 4503 215 8529 689
7663 6 400 388 2008 514 5059 468 5712 916 9327 497 9403 742
7664 6 2224 586 4829 488 6477 519 6491 448 9484 334 9631 289
7665 7 4236 235 6423 34 6430 737 6871 78 7075 687 7786 283 8992 79
7666 5 909 814 961 215 975 926 3012 168 6431 266
7667 9 890 981 1075 62 2445 406 2540 45 3846 390 3920 51 8174 505 8735 195 9085 468
7668 12 2176 261 2807 625 3807 446 5586 298 5918 85 6009 175 6091 266 6270 478 7508 411 8953 553 9546 352 9794 424
7669 7 315 522 430 615 1790 553 4833 162 6873 562 7177 826 7861 858
7670 5 108 603 2653 916 6825 829 9157 747 9929 181
7671 7 103 569 1136 892 2163 211 4216 194 5375 119 6666 279 7917 445
7672 6 756 882 2663 774 4281 686 6092 391 7999 182 9674 2
7673 7 1309 58 1890 564 2391 533 2715 707 7175 767 8171 389 8951 824
7674 5 1069 697 6213 729 7837 92 8826 291 9204 805
7675 9 397 451 758 975 830 421 1475 183 2248 180 2667 634 3865 342 3893 556 7651 606
7676 6 1650 876 2083 939 2329 9 4858 595 8240 123 8394 677
7677 3 96 17 235 531 6187 361
7678 4 2742 359 3768 847 4944 989 4950 109
7679 4 3596 228 4342 759 8174 64 9936 961
7680 3 2193 742 3489 997 6323 329
7681 5 2733 711 3293 263 5792 490 5830 340 7140 226
7682 3 1400 67 4495 645 6173 320
7683 1 6868 989
7684 1 1089 857
7685 2 3594 100 5104 814
7686 6 1030 742 3064 165 4546 280 5086 134 5908 861 8314 609
7687 9 1430 732 1470 970 2553 43 4226 44 5122 834 5856 460 6574 628 8336 942 9154 649
7688 8 753 782 992 508 1336 606 1918 551 3402 230 4556 733 4948 595 8472 145
7689 6 77 544 908 959 2289 185 8350 900 8529 207 9126 752
7690 6 1959 518 3310 916 4255 567 5447 358 7046 114 8998 354
7691 7 1071 130 2142 346 3373 622 5118 165 6122 908 8323 119 8970 230
7692 2 2412 481 8326 232
7693 5 3976 535 5654 829 9228 643 9721 139 9856 794
7694 6 5304 726 5590 373 7234 576 7830 476 9231 986 9628 629
7695 9 1331 291 1922 28 2788 492 5290 424 5688 739 7040 773 7234 570 7555 115 8560 900
7696 4 2612 882 4608 484 7355 958 9400 90
7697 6 1943 908 2002 309 2186 793 7418 286 7476 249 9026 78
7698 4 17 407 2814 75 6270 897 8226 837
7699 7 660 788 1451 754 4134 628 5354 663 5380 984 9129 9 9284 903
7700 3 1552 914 1837 191 2484 325
7701 9 55 124 261 120 946 825 2171 289 2989 149 5987 242 9167 306 9759 922 9901 399
7702 6 3809 883 6207 876 6937 651 7393 320 8369 42 8528 876
7703 4 1734 885 2899 980 8469 440 8815 599
7704 5 322 380 4142 750 6497 983 7720 914 7818 226
7705 8 850 556 953 271 3475 294 3733 128 7981 512 7986 991 8399 835 9654 369
7706 4 2235 345 4232 534 7476 689 8729 702
7707 4 1471 549 2034 753 2698 864 5631 987
7708 9 812 27 1031 357 1284 343 1946 359 2723 668 2913 271 3018 436 5282 67 8265 499
7709 4 1547 419 3898 464 3973 467 8076 500
7710 6 754 327 2841 127 5702 252 6223 903 6328 101 7896 82
7711 2 3932 221 9629 213
7712 9 233 532 496 226 591 267 1760 901 4769 788 5662 698 8086 428 9505 49 9740 459
7713 7 480 297 2284 596 3203 591 4115 57 5296 376 5587 387 8569 708
7714 2 870 437 9484 431
7715 5 3530 362 3770 545 5433 535 7138 94 8584 249
7716 6 1387 595 1432 666 3270 859 8310 813 8622 171 8681 407
7717 2 1203 618 3278 462
7718 4 549 548 1814 943 7552 920 9391 917
7719 3 450 14 3358 847 3511 186
7720 8 96 76 575 774 2486 161 3090 36 3916 284 5647 887 6313 897 7704 914
7721 4 1287 19 1565 367 4108 998 9212 800
7722 4 1274 802 2445 747 4593 432 9970 184
7723 9 867 811 2340 301 3254 332 4351 320 5919 661 6349 205 7422 936 9916 91 9990 717
7724 4 349 343 1754 910 4969 612 5673 819
7725 4 4799 676 6486 841 6807 58 9855 278
7726 3 604 954 2089 112 9146 126
7727 6 1158 771 2912 38 5724 835 9462 53 9728 683 9957 814
7728 5 641 292 1137 104 1404 985 2314 187 6175 460
7729 3 587 426 3474 741 9430 127
7730 4 3821 902 4062 271 6127 484 9883 806
7731 4 5153 489 5850 27 6406 658 8418 50
7732 7 302 819 1580 757 2238 362 2885 127 4473 601 6135 565 7355 526
7733 4 245 100 1046 580 5397 405 9859 184
7734 10 30 724 1346 795 1727 710 2384 578 2648 657 2705 818 4584 414 6650 323 6850 390 9336 809
7735 2 4514 680 9851 930
7736 3 2132 661 5912 868 6252 329
7737 7 481 348 1672 683 3374 999 4779 153 5106 704 8428 539 8610 257
7738 6 1284 317 4290 567 5476 274 6356 985 7958 770 8939 912
7739 4 892 64 1314 453 3176 441 3535 519
7740 4 4783 315 5771 954 8591 872 9343 807
7741 3 2637 856 8659 579 8791 230
7742 7 2538 970 3422 193 5922 353 8143 91 8731 496 9054 516 9591 199
7743 2 597 668 6119 404
7744 6 105 350 283 586 305 337 1889 773 4813 417 6162 358
7745 3 6872 671 7936 226 9516 176
7746 7 582 296 831 819 1497 859 3743 682 4832 443 8305 985 8628 893
7747 5 1337 167 5666 680 6639 216 6811 278 7822 427
7748 4 3652 959 3658 847 4299 787 8585 888
7749 5 183 341 1332 398 1517 124 4972 281 8574 999
7750 3 4308 929 6618 596 7610 497
7751 7 3725 394 5313 137 6213 494 6700 290 7426 353 8899 920 9633 628
7752 3 626 282 999 331 2870 533
7753 4 4386 596 5858 534 6175 132 8540 803
7754 5 827 269 2793 696 4431 715 5002 679 8593 395
7755 4 1088 4 1629 346 2879 994 5795 971
7756 3 543 914 4966 396 6956 911
7757 5 1109 729 1678 188 1794 625 2374 642 7514 828
7758 2 4763 787 8042 563
7759 7 980 497 2862 603 6329 366 7028 838 7300 219 8766 742 9476 721
7760 5 1632 599 3482 639 5389 626 6934 706 7323 658
7761 4 1309 186 2333 751 6317 156 9753 396
7762 6 5204 142 6117 687 7041 73 8629 263 9535 854 9778 116
7763 5 1615 439 3140 317 3906 396 8021 238 8290 218
7764 5 3889 241 4814 637 8283 690 8896 359 9480 132
7765 4 3017 85 3067 881 4882 907 6727 436
7766 9 384 706 485 630 507 425 2444 18 3544 572 7111 540 9154 945 9285 349 9727 986
7767 8 3177 511 3757 532 6352 677 6536 761 7082 360 7244 259 9210 111 9247 601
7768 6 1689 133 3375 619 3466 955 4666 131 7655 899 9323 513
7769 3 236 383 3528 18 6255 492
7770 6 2011 470 2116 706 3526 673 6047 812 6865 490 7028 495
7771 10 421 707 1127 305 1467 368 3837 762 5791 504 5944 724 7772 86 9332 792 9742 372 9788 646
7772 7 3702 55 3908 192 4194 503 7771 86 9439 762 9487 215 9600 228
7773 4 190 963 5335 719 5846 910 9856 324
7774 6 158 809 367 137 3244 600 5746 609 6077 931 6724 183
7775 5 5225 184 6965 70 7090 834 8501 929 8755 500
7776 6 354 396 4885 365 5541 687 7153 552 8431 861 9603 568
7777 3 2880 468 4825 24 8532 414
7778 4 1405 421 2860 332 4205 342 5411 109
7779 5 2210 176 3217 173 6301 676 6553 363 7194 609
7780 5 16 522 818 758 3527 325 4210 810 9130 474
7781 2 5471 353 5472 780
7782 5 353 370 819 43 981 587 1500 97 6793 708
7783 9 877 646 1138 284 1652 276 7385 263 7440 256 7912 931 7915 950 9193 92 9403 235
7784 5 1078 336 4166 225 8592 283 9345 195 9541 616
7785 5 837 287 2877 422 3635 205 8887 874 9888 685
7786 6 725 300 2189 606 2465 921 2971 713 4810 333 7665 283
7787 6 2256 503 5155 754 7166 325 7544 307 7618 470 8606 614
7788 5 2025 710 2083 744 4520 883 7319 181 7975 212
7789 4 2711 516 2815 501 3569 844 7150 580
7790 6 2087 453 6379 252 6429 637 6593 939 7612 639 8467 323
7791 3 740 882 4356 38 9843 305
7792 9 44 895 2050 743 2634 988 2805 458 4523 402 8186 280 8412 890 8645 617 8815 109
7793 4 1005 706 3202 403 5336 689 5986 705
7794 5 126 233 5035 964 7913 175 8740 820 9100 561
7795 5 2657 251 3674 619 5869 410 8014 998 9384 558
7796 7 1895 126 3500 975 3752 608 4753 448 7448 8 8834 228 9820 652
7797 3 3145 825 5221 329 8539 778
7798 3 480 87 2100 800 7959 725
7799 7 786 651 1373 907 3252 976 5777 720 6218 39 6963 21 7807 963
7800 5 3987 660 4453 913 6959 338 7168 139 9702 380
7801 6 700 796 878 175 1947 275 5353 792 5907 141 6071 701
7802 1 5353 507
7803 6 2599 792 3774 361 4909 180 7045 402 9486 436 9830 368
7804 5 3058 711 3596 535 7131 696 8521 564 9680 810
7805 7 1813 170 1851 134 2468 319 4550 533 7119 670 7413 942 8421 285
7806 9 101 269 343 226 1561 843 1869 488 7087 988 7178 614 8121 180 8526 914 9685 618
7807 8 345 183 2352 246 2688 553 2763 676 3535 292 5881 202 6218 978 7799 963
7808 4 3445 919 4661 22 5213 181 7264 52
7809 4 3128 888 6733 660 6932 982 7259 394
7810 6 842 215 2230 595 2420 455 5895 248 6708 692 7413 616
7811 7 800 89 1641 505 4114 450 6072 488 6977 370 8246 83 8668 286
7812 4 77 674 859 388 6540 548 7642 898
7813 5 1427 591 1644 465 1788 606 6585 830 7952 722
7814 1 2169 796
7815 5 923 566 6712 361 8771 954 8917 736 9949 277
7816 4 2061 763 2982 574 4037 650 7300 577
7817 4 708 483 5628 746 6237 857 7529 277
7818 5 4862 637 5882 737 7513 710 7704 226 9951 475
7819 9 615 901 4067 613 4577 669 4994 682 5031 382 5824 473 6708 326 7901 992 9994 92
7820 5 1060 233 5093 123 5863 482 8083 676 9675 352
7821 4 4839 803 5241 218 5611 855 6160 274
7822 3 513 111 7747 427 9400 599
7823 6 397 942 425 965 2240 718 3790 39 7114 138 9554 987
7824 4 58 458 3433 772 5080 172 6086 921
7825 4 3728 473 3893 335 3895 46 5286 843
7826 8 191 483 797 94 3830 534 4106 591 5490 11 7259 59 7281 460 8521 742
7827 6 932 298 1207 183 2993 377 5520 893 7241 977 8654 81
7828 5 3942 900 5131 49 5919 344 8129 484 9243 399
7829 5 1247 874 1717 578 2837 939 6252 561 7165 158
7830 7 219 769 958 130 6271 701 7572 206 7694 476 8048 617 9843 76
7831 10 367 25 694 119 2482 73 2674 494 5061 200 5349 844 6441 294 6670 261 7584 712 9172 724
7832 4 1428 660 3525 480 3902 732 6277 116
7833 4 2118 381 3688 752 5299 18 8312 111
7834 3 3054 325 4242 306 4421 454
7835 3 57 819 6969 915 9788 642
7836 5 1458 804 4954 427 6851 86 7152 197 7225 819
7837 7 477 300 2994 72 4939 819 7400 919 7674 92 8427 254 8734 178
7838 6 543 861 1469 452 3789 77 4465 549 4713 176 9385 866
7839 8 905 262 1321 883 3520 553 4670 513 4675 791 6922 283 8063 70 9740 922
7840 2 54 709 914 954
7841 2 5017 473 7637 73
7842 5 2388 999 3092 801 3948 429 4928 8 9452 723
7843 7 442 530 2850 957 3945 183 4069 811 5664 63 6155 503 9305 341
7844 4 2909 851 3256 276 4621 219 6017 292
7845 4 873 156 4485 655 6796 357 8619 455
7846 8 24 468 424 270 1280 325 1436 399 2340 447 3953 854 9381 721 9979 908
7847 2 720 43 3336 909
7848 5 168 990 1770 474 1883 463 2607 492 6675 236
7849 8 917 37 2930 584 4477 208 4713 859 9086 509 9273 752 9428 104 9433 374
7850 5 1540 401 2075 556 3575 181 3744 521 7123 512
7851 2 335 816 2560 775
7852 8 507 446 1194 846 1394 525 1436 265 3178 147 4880 582 5793 476 9784 201
7853 4 527 658 3633 378 5722 155 8124 270
7854 6 857 990 1507 829 1832 13 3660 77 4665 402 5831 573
7855 6 747 505 909 502 3205 441 8262 217 8386 646 9327 957
7856 5 971 501 1882 943 3133 950 3576 20 6845 818
7857 5 1336 85 1517 332 2119 882 5319 144 5695 231
7858 3 458 690 3930 214 8460 740
7859 6 3578 817 3593 883 5112 210 6251 428 9269 229 9979 652
7860 6 733 598 1037 748 2364 47 7234 715 8633 473 9392 480
7861 9 1720 770 4552 298 5208 152 5406 455 5453 347 7669 858 8899 307 9676 708 9870 172
7862 4 4189 639 4308 728 5634 656 7175 675
7863 9 546 829 704 221 1889 333 4008 887 4047 911 5830 256 6731 983 8993 90 9241 589
7864 5 3907 40 5257 32 6515 106 6550 382 9869 884
7865 4 6130 816 8657 588 9475 129 9895 15
7866 6 1146 217 1187 847 1728 215 2385 752 8978 311 9380 952
7867 5 2 368 1781 942 4901 197 5044 925 7452 486
7868 6 2369 619 4548 253 5650 543 6131 753 6135 203 9735 785
7869 3 1383 564 6329 963 8336 337
7870 5 1609 764 3321 966 4963 515 7903 273 8162 137
7871 4 3691 755 5010 286 6366 463 6465 648
7872 3 4821 642 6081 568 6564 329
7873 6 1766 48 3585 454 3763 626 3802 188 4292 780 5841 367
7874 4 2078 786 4183 497 4647 471 6161 142
7875 5 744 549 2766 436 6096 381 6361 984 8957 756
7876 6 4934 844 4970 145 5212 344 5407 30 8101 93 8728 775
7877 4 345 879 3354 240 8458 901 8868 832
7878 7 1476 975 2123 173 2917 215 3724 312 5826 204 7161 263 8052 201
7879 4 540 490 3196 742 7443 913 8749 979
7880 7 1148 187 2342 395 4385 300 6148 972 6243 443 8093 180 9422 53
7881 5 143 489 4474 961 5263 901 6379 804 6500 128
7882 8 750 592 762 206 2706 366 3303 456 7299 692 9005 136 9278 329 9837 601
7883 9 473 533 1308 740 3284 583 5406 259 5506 972 5591 160 8475 282 9446 625 9859 261
7884 4 1264 487 3440 794 8890 760 9099 242
7885 5 2019 180 4802 115 5155 926 6409 316 8741 851
7886 11 97 454 764 691 3750 477 5294 980 6081 769 6979 943 7362 390 8042 682 9172 120 9716 181 9883 980
7887 8 1778 734 3898 342 5228 206 5617 855 6096 768 6558 623 8085 696 9630 946
7888 4 2100 270 3046 738 3066 969 7919 765
7889 5 998 554 1420 881 3588 50 4632 817 5350 72
7890 4 105 710 1336 737 1846 532 4066 542
7891 5 3177 145 4130 415 4292 405 7411 16 9829 244
7892 7 367 774 1387 793 5037 395 7152 805 8796 922 9128 416 9157 122
7893 5 1867 298 2024 44 2163 898 4286 423 8596 277
7894 7 1008 140 2208 907 5382 849 5439 833 6479 18 6806 180 7613 899
7895 5 1203 586 3477 528 4199 795 7293 706 7973 606
7896 5 1137 925 3110 350 5404 461 7310 276 7710 82
7897 6 2144 972 6290 488 7381 262 8723 167 8892 991 9834 866
7898 8 901 830 1279 365 1308 363 4642 592 4857 426 7523 3 8905 663 9818 859
7899 7 1864 763 3098 883 5429 827 6646 571 8452 559 9695 57 9739 523
7900 4 1878 706 2961 206 8479 231 9584 640
7901 2 7342 431 7819 992
7902 2 2459 103 5556 518
7903 3 2147 523 4941 852 7870 273
7904 3 6506 495 8595 1 9473 638
7905 2 5954 664 9508 829
7906 8 246 86 1524 548 1927 302 2865 763 3268 63 3922 958 9037 561 9302 374
7907 6 1452 862 1600 769 1647 507 4154 396 6904 598 9447 547
7908 5 5691 178 6573 991 7050 428 7613 80 9257 577
7909 5 3671 126 4573 330 4768 238 8810 145 9885 994
7910 6 283 614 2805 76 2987 485 6146 477 9374 952 9397 473
7911 6 1122 304 2116 614 3293 67 5227 978 8333 679 9962 212
7912 10 176 898 192 761 649 840 2500 36 5403 280 7558 815 7783 931 8395 534 8426 97 9768 653
7913 3 7400 511 7794 175 8042 407
7914 7 386 230 877 986 1997 118 2187 190 2926 698 6942 315 8152 356
7915 2 7783 950 8930 618
7916 5 2905 894 3968 477 4972 840 5141 400 5658 583
7917 5 68 428 3121 116 4242 311 6966 726 7671 445
7918 5 1642 383 1646 597 4354 790 4540 817 7931 811
7919 5 2539 347 3639 594 7493 521 7888 765 9148 364
7920 6 3448 135 3749 841 5134 967 8559 408 8864 617 9207 940
7921 5 816 895 2495 439 8235 832 8574 144 9883 857
7922 6 2521 599 4277 388 4545 152 4694 4 8846 54 9609 615
7923 7 5324 822 5400 615 5693 93 5722 42 5810 770 6947 81 8914 6
7924 6 221 46 1483 468 2293 434 2805 236 4910 404 8095 965
7925 3 4158 997 7412 131 8959 225
7926 3 1117 219 6108 905 6294 871
7927 3 2745 205 3716 237 4088 945
7928 2 412 696 5217 967
7929 5 1101 48 2439 543 5124 983 6343 976 8373 787
7930 7 273 333 3553 595 4904 542 5599 173 8216 787 9115 779 9125 945
7931 5 1126 476 1694 139 4864 561 7918 811 9754 430
7932 8 1167 993 1408 595 1668 657 2815 871 3568 601 5859 648 7322 14 9400 629
7933 4 646 140 894 541 1016 472 8396 623
7934 7 2880 371 3389 472 5171 197 5525 234 5641 872 6320 478 9329 212
7935 5 2201 155 4365 911 6357 549 6415 380 9984 322
7936 5 1746 831 3702 214 7745 226 8670 820 8933 213
7937 4 7382 363 7941 899 8289 167 8996 262
7938 9 502 781 1023 340 1342 313 2136 291 2196 946 4306 343 4960 192 6063 29 8840 194
7939 5 255 564 947 762 1776 172 5198 18 6084 960
7940 4 471 220 2105 906 3684 610 8652 66
7941 5 1108 577 4454 565 7287 439 7442 487 7937 899
7942 3 1199 953 1463 780 3766 133
7943 7 2687 256 2753 91 4977 370 5217 260 5702 251 8452 140 9477 300
7944 4 741 966 7164 288 7614 466 8297 181
7945 6 641 845 2624 977 4173 149 6431 55 6952 173 7414 336
7946 10 1822 253 2837 989 3414 308 3652 274 4933 551 6177 668 6184 252 6987 243 7507 495 8916 495
7947 4 3121 118 3680 561 4026 583 9169 402
7948 4 2930 276 4751 155 6295 503 9565 833
7949 6 1612 234 3036 861 3575 69 4080 590 9081 153 9950 733
7950 3 1698 754 1735 993 9799 13
7951 5 426 187 2278 84 5116 361 8998 558 9241 115
7952 7 1285 912 4279 976 4489 918 4541 665 7813 722 8557 181 9067 68
7953 1 5400 307
7954 7 1095 720 1104 944 3894 138 4888 118 6853 472 6933 313 8327 770
7955 4 455 724 1720 537 1912 40 3773 655
7956 1 2834 806
7957 4 4392 633 5642 219 6890 393 7233 915
7958 8 2371 623 4244 899 4882 40 5943 478 7601 76 7738 770 9636 490 9722 603
7959 6 2746 830 5795 710 6524 521 7544 950 7798 725 9661 148
7960 3 3712 196 4965 434 8593 793
7961 2 4336 6 6427 187
7962 3 3965 749 8353 725 9630 845
7963 5 114 51 961 610 1361 460 1383 407 5302 42
7964 2 3248 716 5761 84
7965 6 69 959 397 706 1438 35 2348 860 3500 452 8359 826
7966 7 1318 327 3066 664 4397 391 4904 852 6071 676 6542 94 9297 888
7967 2 2893 829 7983 273
7968 5 4463 793 4591 94 5193 184 6811 102 7211 783
7969 8 870 627 950 746 1361 444 2062 375 5301 139 8078 443 8368 916 9568 616
7970 6 2049 212 2807 368 4951 265 6926 963 8138 845 8687 869
7971 7 668 181 4423 167 4675 675 5203 82 5816 375 6927 724 9426 307
7972 8 367 730 974 286 3719 640 5057 56 5158 717 5165 480 9003 224 9321 961
7973 6 652 370 1216 187 5063 657 5915 632 7895 606 8376 18
7974 7 2500 663 2976 873 3632 636 5240 492 5385 327 6166 186 7484 133
7975 4 1008 809 5044 521 6196 817 7788 212
7976 4 1295 253 1511 941 2066 122 8844 222
7977 6 4333 234 6335 961 6886 321 8538 989 9321 316 9669 362
7978 3 452 431 3606 514 6307 773
7979 5 3087 350 6472 136 6937 991 8004 726 9359 285
7980 5 500 22 2116 449 2739 513 3127 650 7300 688
7981 6 1413 680 3400 848 6773 802 6967 427 7705 512 8703 639
7982 3 5769 818 6227 994 6652 932
7983 2 3524 327 7967 273
7984 6 1225 48 2005 460 5754 522 6174 206 6434 792 8867 550
7985 7 2813 801 4530 484 4944 433 5762 53 8665 583 9217 753 9700 244
7986 9 1422 613 2603 402 2800 215 5581 641 7705 991 8712 979 9053 777 9522 501 9855 546
7987 5 3975 167 5586 727 5742 112 8694 199 9716 499
7988 6 4244 312 4785 118 5136 736 6208 179 6339 418 7362 532
7989 4 3671 911 5350 631 7049 184 7527 725
7990 7 1275 20 2702 1 4445 517 4489 741 5665 430 5854 581 8514 29
7991 4 4165 445 4687 231 5277 931 6672 270
7992 9 2312 278 2953 381 3074 849 3169 9 4147 54 4164 875 6597 544 7084 61 8482 422
7993 7 2252 528 2976 941 6522 879 7612 440 9191 635 9202 286 9917 687
7994 9 332 251 1085 289 1964 370 2357 113 3078 978 3815 960 4621 734 5761 933 7445 709
7995 5 1148 710 3189 662 5147 970 5542 799 5715 313
7996 7 981 361 1312 12 1437 181 1482 784 3255 731 9039 157 9595 38
7997 1 314 309
7998 7 349 523 962 934 2413 45 6501 744 7321 607 8858 230 9226 701
7999 5 1810 994 6242 843 6821 782 7672 182 8288 111
8000 6 2758 410 3650 835 5659 212 6421 941 8180 740 8247 786
8001 5 574 932 5650 672 6882 983 8566 869 9869 288
8002 8 640 649 948 348 3841 363 4334 861 4541 997 5571 969 7657 956 9955 246
8003 1 5478 414
8004 10 538 28 2068 7 2333 51 3153 399 3390 538 4524 361 5499 577 6987 567 7979 726 8905 378
8005 4 753 493 4461 916 7037 49 7222 844
8006 5 5233 223 6259 866 6642 565 6829 810 9158 995
8007 4 913 160 3146 234 7126 898 8906 296
8008 4 2208 110 4281 408 6219 458 9578 858
8009 2 2909 334 7200 34
8010 4 2971 570 5548 687 6407 156 8365 265
8011 3 1300 829 2571 167 3817 482
8012 3 5085 753 7008 450 9715 638
8013 4 3261 909 5982 455 6461 494 7386 642
8014 7 2978 771 6132 564 6727 279 7099 542 7795 998 8294 688 9016 160
8015 6 3928 554 5485 41 5676 372 6442 156 6493 890 7636 333
8016 7 2346 132 3334 700 3479 356 5116 719 5232 271 5641 546 6082 887
8017 4 781 631 3377 142 5444 354 5667 804
8018 10 326 920 1241 105 1652 594 1860 437 2149 69 3636 612 8279 908 8753 640 8879 167 9245 364
8019 6 4086 220 4723 725 4890 6 6196 612 6670 732 8642 944
8020 5 3429 731 4318 931 4619 652 4813 590 8932 560
8021 7 2146 951 2255 488 2401 632 2882 767 4705 462 7763 238 8039 865
8022 3 194 958 2221 472 5809 832
8023 4 854 674 2167 980 7381 666 9654 991
8024 7 185 995 3174 667 6775 466 7070 615 7096 684 8150 801 9115 538
8025 2 6894 951 8891 295
8026 6 1779 341 4692 28 5102 414 5154 971 7499 320 8900 647
8027 5 519 604 4704 604 5501 442 6817 625 8276 57
8028 5 653 314 1466 800 5825 32 7461 237 8330 398
8029 6 1719 673 2246 307 2285 161 6047 419 8147 149 9147 46
8030 3 2637 469 3400 56 5793 184
8031 8 1259 586 1390 758 2428 796 3214 638 4564 332 5817 43 7175 54 9737 519
8032 8 658 745 1190 748 2180 912 4688 109 6074 726 8950 144 9446 345 9554 511
8033 4 2632 587 2685 79 5891 151 9229 364
8034 7 2049 157 2150 49 2342 67 2804 516 4873 205 6832 777 9851 472
8035 8 823 861 2350 535 3201 178 3264 941 3497 709 4326 887 8698 98 9485 481
8036 5 718 294 7587 733 8124 854 8835 345 9346 799
8037 4 490 859 3659 501 3919 767 4885 220
8038 3 634 681 815 186 1744 489
8039 9 567 337 632 66 2453 103 4400 998 6821 622 8021 865 8064 195 9758 719 9940 149
8040 5 389 969 4508 428 5925 252 6194 679 7313 310
8041 4 4166 582 5266 492 5583 381 7578 420
8042 9 476 460 2885 419 3567 165 4645 786 7758 563 7886 682 7913 407 8900 733 9615 829
8043 8 721 387 1771 685 2518 53 3005 676 7494 84 8411 217 8606 607 9779 119
8044 6 1800 292 2269 552 2549 42 3773 917 5593 491 5987 375
8045 5 4729 329 5558 660 5711 948 5866 355 8520 375
8046 7 86 941 506 194 1645 519 4097 421 6251 495 6782 582 8381 335
8047 3 1678 599 4373 722 7231 134
8048 6 1623 843 1862 770 4468 583 5051 98 7523 313 7830 617
8049 4 1079 459 1780 918 5893 163 9894 409
8050 10 921 925 1522 381 1637 810 1799 545 1873 706 1890 736 4577 203 5832 94 6992 707 9163 421
8051 5 1188 890 3156 300 5545 132 7594 404 8288 269
8052 6 1993 626 7009 152 7878 201 8322 155 8639 874 9820 113
8053 7 2790 65 3442 930 3590 167 4659 237 6649 4 6692 615 9072 90
8054 7 1940 435 5237 676 5285 287 6271 708 7506 925 8610 432 9714 117
8055 4 1351 172 3249 905 4575 575 4872 957
8056 3 1616 941 8269 373 9661 520
8057 6 1214 912 4021 432 4114 528 6018 450 9004 438 9673 139
8058 5 472 490 2173 411 3698 829 9147 613 9165 721
8059 6 2818 761 2823 958 3205 293 3547 393 7569 938 9693 947
8060 7 6 959 1350 163 5015 493 5070 236 5152 415 5252 414 6794 190
8061 7 3037 861 6223 374 6810 692 7299 333 8153 928 8438 887 8782 850
8062 4 111 227 5610 377 5835 451 7108 673
8063 7 2695 893 2838 160 3209 285 5179 202 6224 509 7839 70 9955 50
8064 7 42 64 895 353 4406 416 4461 55 5698 475 6431 263 8039 195
8065 2 1939 684 3608 820
8066 3 1448 590 7366 441 8227 97
8067 4 1939 929 5834 11 6599 634 9664 456
8068 5 155 20 3519 359 5173 955 7089 953 9445 24
8069 7 1050 433 1413 70 2415 197 3715 465 3920 134 6307 624 6713 559
8070 8 549 797 892 491 1765 456 3236 372 3496 257 3872 157 4462 527 5248 462
8071 5 884 409 2931 214 4094 601 7435 434 9004 792
8072 3 4380 135 4577 867 7552 139
8073 2 1937 256 5160 768
8074 6 2118 819 2350 161 3337 799 5594 365 6224 231 6785 837
8075 6 4202 854 4915 604 7614 233 8251 28 8410 841 9734 864
8076 5 1435 120 4948 381 7311 183 7709 500 9823 499
8077 3 2681 235 3638 114 9222 986
8078 10 1053 555 3108 322 3196 957 4171 584 6021 518 6676 523 6986 786 7100 491 7969 443 9685 917
8079 7 497 256 3049 524 4900 479 6865 962 7399 806 8404 692 9209 304
8080 5 713 784 899 515 1592 945 1660 697 6446 373
8081 4 974 238 1139 181 6311 170 6589 282
8082 4 817 205 4372 146 5040 216 5288 171
8083 4 1238 748 3209 131 4166 59 7820 676
8084 4 783 586 2136 946 6459 236 8440 120
8085 11 1754 415 3673 389 4238 593 5884 142 6272 324 6523 107 7486 179 7887 696 8468 825 9325 626 9382 503
8086 4 2074 566 4072 853 6125 942 7712 428
8087 3 1562 43 3827 987 5234 779
8088 4 1459 422 3072 460 4829 881 5836 13
8089 3 888 831 5686 614 7534 736
8090 3 142 446 2483 996 5007 619
8091 4 270 621 3619 189 6810 845 8934 413
8092 3 4528 442 5022 919 7651 659
8093 10 1060 764 1800 198 2987 287 3450 173 5587 203 6013 505 7470 504 7627 927 7880 180 8551 395
8094 6 1381 575 1499 428 1693 707 3786 138 4863 2 6658 675
8095 6 2540 388 5186 167 6037 744 6577 771 7924 965 8683 967
8096 5 2994 651 3719 153 5029 88 5597 77 9780 925
8097 5 2879 371 3293 413 3991 997 7122 535 7522 935
8098 2 4074 242 4900 711
8099 4 2086 631 2316 766 2561 187 5695 996
8100 2 1168 256 4904 297
8101 5 27 67 3917 967 7170 756 7263 148 7876 93
8102 9 539 386 1090 784 3101 658 4118 566 8435 826 8704 53 8736 734 9805 248 9883 961
8103 3 3751 809 3981 706 9973 272
8104 4 2970 44 4203 401 7646 211 9324 259
8105 3 1477 150 4808 715 5220 321
8106 4 2433 795 2525 212 8159 277 9450 142
8107 5 199 72 3057 359 8247 26 8352 929 9792 600
8108 4 1185 468 1262 718 3901 779 4157 652
8109 4 330 486 480 270 3360 374 9972 199
8110 7 135 875 551 656 690 854 3771 926 3982 413 7307 684 8496 517
8111 5 2080 518 3095 961 5034 784 6599 986 8791 463
8112 3 1173 427 6357 46 9002 851
8113 5 137 974 139 210 4217 483 4551 151 8453 728
8114 2 5839 561 9639 552
8115 7 1302 970 2779 436 3042 197 3106 450 3517 618 4271 92 4551 577
8116 5 236 877 559 520 953 499 6317 707 6928 847
8117 2 3631 122 4507 674
8118 5 4145 763 5243 776 5990 710 8499 945 9210 623
8119 4 261 774 2754 900 5149 886 9168 670
8120 7 340 795 2412 878 3942 311 5673 487 7620 532 9086 148 9270 780
8121 8 1009 874 2535 557 4285 586 4450 686 4803 383 7806 180 8510 228 8959 521
8122 4 3782 233 4992 969 6271 779 8913 249
8123 6 3655 958 3918 642 6630 805 7024 643 7102 679 9775 758
8124 6 512 436 2613 700 6933 51 7853 270 8036 854 9436 730
8125 3 4676 122 4877 92 6413 177
8126 5 934 289 4076 396 4475 252 5311 190 9908 123
8127 8 764 226 1517 337 2245 255 5260 12 6171 282 7462 76 8479 243 8673 131
8128 3 2787 13 4395 976 5977 417
8129 4 1369 955 3609 720 7828 484 9640 692
8130 5 100 541 1106 206 5245 346 8307 80 9235 198
8131 3 988 106 3510 5 4756 258
8132 7 776 949 1538 138 3252 615 5654 984 5675 72 6972 821 8479 668
8133 8 1216 773 3291 362 3432 867 5097 390 6628 881 8247 613 8352 521 9886 562
8134 4 2313 726 8211 498 8220 480 8745 639
8135 2 3934 563 9371 830
8136 9 612 813 982 571 1981 471 3249 16 4723 268 4905 356 8142 897 8726 940 9718 823
8137 1 6399 859
8138 5 338 564 3460 717 5650 492 7124 634 7970 845
8139 3 3118 74 3452 511 9233 177
8140 3 6289 59 8691 784 9889 844
8141 5 2168 742 2940 326 3543 93 6617 714 7163 851
8142 3 435 100 7021 568 8136 897
8143 2 298 605 7742 91
8144 2 4703 392 9413 22
8145 6 1339 22 1964 483 3185 732 3439 295 4400 649 7320 790
8146 2 1897 860 5507 122
8147 4 2453 166 5157 834 8029 149 9199 28
8148 3 4850 679 6593 84 9163 851
8149 5 737 785 2742 427 4387 516 4649 944 8573 739
8150 5 5904 639 8024 801 8534 116 8902 733 9689 848
8151 3 5573 982 5917 98 8975 534
8152 6 307 37 2254 250 4212 441 7914 356 9700 561 9749 476
8153 6 783 383 1570 633 4217 92 4326 291 5170 487 8061 928
8154 2 3108 409 8889 76
8155 5 1382 409 4362 197 4550 391 5520 357 9907 444
8156 6 134 487 1444 622 6622 479 7601 377 7623 820 9929 375
8157 6 1653 391 4549 321 5821 946 6763 358 7019 69 9207 40
8158 7 248 424 3013 539 4506 855 4518 42 5583 489 8271 340 9428 830
8159 5 975 556 4419 200 5102 517 8106 277 9890 760
8160 5 1738 838 4289 436 6277 340 6408 793 9780 475
8161 5 759 442 5872 86 6187 535 6522 151 9865 684
8162 3 3661 41 3708 825 7870 137
8163 2 1101 479 7004 20
8164 7 547 665 2118 271 6696 111 7586 98 7605 393 8344 479 8490 941
8165 2 1021 54 6459 445
8166 4 2058 293 3921 593 4152 889 6549 589
8167 5 1484 949 2883 824 3099 744 6132 287 6554 240
8168 4 222 26 5818 416 6590 298 8577 94
8169 4 4504 59 4980 174 5489 398 5850 35
8170 4 1670 465 1723 603 4535 171 9866 35
8171 1 7673 389
8172 9 2079 754 2642 283 3089 539 5680 1 6752 885 7530 833 9395 925 9426 316 9436 45
8173 7 2189 163 2498 895 2536 440 2574 855 4759 435 7152 214 9501 990
8174 6 1161 730 3342 643 5531 517 7667 505 7679 64 8313 554
8175 8 2647 939 3655 543 4136 737 4551 657 5146 669 7175 872 7598 723 9530 96
8176 5 341 639 1968 349 5582 601 8853 935 9107 967
8177 4 2176 218 5626 10 7498 278 8808 293
8178 4 3415 258 5043 869 5928 692 9050 177
8179 5 393 496 5152 900 5502 858 5860 202 9155 357
8180 9 235 751 2110 734 2856 631 4468 467 5559 26 6830 848 8000 740 9235 46 9481 496
8181 9 1982 754 2497 899 4203 944 4791 577 6019 896 6543 553 6722 691 6961 329 7102 408
8182 5 370 946 2454 442 3473 981 6808 850 9008 469
8183 3 897 21 1925 541 2650 353
8184 3 1455 875 2967 160 5641 959
8185 6 486 134 727 884 1596 963 3233 461 3394 994 7458 217
8186 4 6066 120 6489 646 7792 280 8286 584
8187 5 4592 676 4846 553 7536 878 9393 524 9969 972
8188 2 101 802 7331 595
8189 5 953 239 1278 632 3528 623 4053 718 9836 813
8190 6 34 61 165 878 4268 871 6484 777 7544 648 8967 670
8191 5 1400 481 1800 709 6157 450 6305 406 8754 798
8192 4 2640 4 3008 583 5410 218 6997 798
8193 3 1166 834 2686 903 5955 523
8194 2 641 674 1008 505
8195 6 3623 975 4108 305 4701 356 6070 225 6631 785 9696 452
8196 3 3232 118 8425 38 9101 492
8197 3 1356 943 2756 765 5045 12
8198 4 2307 960 4422 413 4668 944 6779 709
8199 4 3313 34 3872 718 7487 103 8756 572
8200 4 5226 664 7533 795 8544 376 8774 402
8201 4 3317 48 4720 135 6432 101 6617 694
8202 6 689 267 853 503 5151 312 7548 795 8532 182 9213 236
8203 4 1340 604 5712 239 9062 329 9315 525
8204 8 1008 636 1111 293 2824 188 3051 593 3103 863 6285 706 9839 273 9972 351
8205 3 1041 231 2384 881 5440 839
8206 4 897 16 2293 14 5029 581 6827 279
8207 6 2876 136 3446 998 7063 667 7410 587 7574 699 9810 767
8208 7 426 426 1650 840 2224 667 3340 632 3447 605 4009 840 5529 768
8209 3 2904 390 2962 360 5803 277
8210 7 1525 498 1611 109 1625 834 1947 581 8285 525 9265 292 9356 64
8211 3 2843 604 8134 498 8611 914
8212 7 257 973 3318 955 3440 321 5938 294 7034 282 7454 853 9557 833
8213 4 674 130 802 81 1284 456 1948 186
8214 4 1508 419 2027 754 8258 728 8819 353
8215 3 4080 571 4264 307 4315 611
8216 8 3543 800 4005 885 4900 248 5172 322 7129 744 7930 787 8308 978 9823 530
8217 4 1791 211 5192 360 7315 556 9355 832
8218 8 97 47 2259 152 3757 641 4929 701 5452 406 5726 754 6052 37 8251 294
8219 4 397 325 2782 671 4613 887 8877 951
8220 8 720 655 1018 950 1075 779 4668 97 5405 78 5417 36 7612 119 8134 480
8221 4 4401 450 4966 701 7291 266 9070 321
8222 2 5819 548 8500 402
8223 5 6329 641 6826 501 7526 701 8620 25 9293 917
8224 2 2263 562 2804 540
8225 4 1742 400 5860 611 8344 84 9770 778
8226 4 1267 675 3946 904 6652 599 7698 837
8227 6 2787 451 4955 834 5343 768 5590 2 6794 254 8066 97
8228 9 2803 336 3399 279 3876 195 7508 602 8560 334 9494 674 9586 314 9626 81 9933 388
8229 5 1038 45 2184 237 2966 991 4066 865 6159 569
8230 5 1511 214 3155 871 4426 908 4607 328 4864 263
8231 3 1014 807 8359 590 8707 134
8232 3 702 246 1445 917 6120 809
8233 5 1710 130 1726 258 3265 871 5965 442 8563 408
8234 2 675 689 1871 606
8235 3 1545 293 3745 985 7921 832
8236 7 589 968 2162 220 3057 765 3988 827 5772 311 8608 288 9730 971
8237 5 4521 752 4997 339 6051 57 9438 234 9932 54
8238 6 1619 771 3510 680 3709 326 6731 172 8245 63 9816 46
8239 4 820 588 4317 637 7268 154 8319 439
8240 8 2203 495 3529 645 4517 646 7151 375 7441 365 7676 123 9583 267 9716 244
8241 7 357 535 1282 976 2280 924 2801 743 4778 807 5534 177 7413 513
8242 5 203 222 6261 293 8918 271 8992 758 9120 905
8243 3 604 169 6579 362 9213 849
8244 11 182 99 218 970 3278 91 3308 596 4997 713 6964 72 7023 288 8551 8 8754 402 9093 565 9984 101
8245 3 569 168 7532 531 8238 63
8246 6 10 138 2367 577 2433 15 4416 153 7237 14 7811 83
8247 6 4827 632 5323 334 8000 786 8107 26 8133 613 9259 337
8248 4 714 110 1386 760 3297 444 5410 339
8249 5 1170 709 1386 178 3755 851 4140 588 8948 17
8250 6 2661 249 5259 533 5385 199 5791 750 6303 14 8658 422
8251 7 723 825 2687 453 3509 712 6274 861 8075 28 8218 294 8673 668
8252 6 164 584 986 552 1919 821 5074 784 5794 456 6305 880
8253 2 1737 932 7389 587
8254 4 1230 945 2990 52 5714 880 6312 460
8255 3 380 838 714 457 5780 568
8256 8 1876 507 3934 847 5298 900 5788 692 6043 526 7470 27 9440 978 9853 581
8257 2 4092 765 6472 158
8258 6 1050 980 1440 457 5984 10 6450 607 8214 728 9624 941
8259 6 2935 279 5498 535 6225 595 6346 233 8976 206 9749 163
8260 6 2242 698 3409 85 4382 71 4878 418 7377 627 7479 571
8261 5 2316 102 4787 37 5145 512 8798 897 9839 368
8262 5 498 3 3081 57 7855 217 8387 43 9085 742
8263 6 2341 374 2984 298 4006 562 4713 711 4842 254 8520 478
8264 2 3319 746 7493 198
8265 6 1120 659 2864 336 3359 698 4685 800 6656 503 7708 499
8266 2 3662 435 9113 116
8267 3 3815 634 4766 329 7580 189
8268 3 2229 90 3914 368 6198 653
8269 2 1868 45 8056 373
8270 6 2271 500 2304 369 2408 747 7361 145 8748 559 9841 460
8271 6 4146 24 4227 367 5090 37 7219 724 8158 340 9737 909
8272 5 32 200 282 665 3003 83 7172 629 9436 527
8273 3 195 786 971 519 5646 784
8274 3 290 160 3861 885 4170 976
8275 5 1576 678 1882 72 2025 336 3738 920 8767 596
8276 2 4327 767 8027 57
8277 5 497 57 1541 87 3949 736 6165 187 9494 390
8278 6 3620 167 4595 868 6050 137 7224 693 9199 31 9569 39
8279 9 718 455 797 339 1900 828 3019 587 3590 961 4457 198 7320 262 8018 908 8955 533
8280 3 2909 373 3317 540 8433 601
8281 4 205 207 398 888 945 78 4366 236
8282 2 690 656 5824 744
8283 7 4426 553 5676 258 6055 511 6463 481 6782 895 6889 200 7764 690
8284 7 455 967 954 892 1393 385 1858 123 4833 218 5066 530 6983 287
8285 6 1203 804 4901 507 5176 621 7222 843 8210 525 8702 666
8286 9 82 852 2737 622 3035 770 3095 852 3526 156 4350 110 8186 584 8680 749 9086 463
8287 2 1940 532 9653 989
8288 5 3664 122 3775 943 5691 325 7999 111 8051 269
8289 5 265 505 1839 867 4985 556 7937 167 8778 673
8290 7 62 136 1291 634 3967 377 4644 29 6120 775 7763 218 9768 52
8291 6 833 123 3984 481 4174 238 6898 413 9535 954 9609 490
8292 4 2209 981 3178 558 4645 524 5231 171
8293 4 4158 3 5414 485 6500 493 6758 755
8294 4 4041 971 5149 867 6749 842 8014 688
8295 4 1316 503 5406 196 8878 278 9243 908
8296 4 4581 391 6505 22 7467 253 9459 728
8297 6 1641 9 3643 230 4219 39 6447 562 7944 181 8599 550
8298 8 793 506 1274 967 1986 79 3609 561 5819 749 6048 403 9370 819 9841 901
8299 5 966 135 6376 199 8662 274 9641 320 9846 305
8300 5 189 378 2927 404 3771 563 6268 58 9291 315
8301 4 3572 319 3705 367 5808 799 9131 316
8302 5 3266 91 5384 915 8988 843 9161 180 9324 68
8303 6 648 799 4785 189 6890 43 7207 339 7462 575 8429 683
8304 7 515 528 1041 132 2217 216 4924 536 5753 523 5838 589 9496 764
8305 5 2297 91 5460 573 6448 829 7746 985 9567 629
8306 3 6186 996 6301 431 8486 292
8307 6 3449 134 4676 906 5524 38 5738 862 5882 999 8130 80
8308 7 1080 586 5694 91 5695 787 6883 846 7022 922 8216 978 8669 628
8309 5 339 212 976 631 3062 955 3714 578 4910 951
8310 5 216 755 7716 813 8638 746 9380 114 9738 901
8311 4 928 581 2358 812 2923 475 5799 72
8312 4 3904 496 4199 138 7833 111 8880 462
8313 6 1283 251 2617 376 5960 231 6261 394 6432 239 8174 554
8314 8 646 995 680 287 2820 372 4782 654 5270 266 5743 19 7686 609 9976 732
8315 6 2499 192 2911 924 3745 541 6342 255 7081 611 9522 248
8316 4 551 623 3216 857 5263 280 9883 292
8317 6 823 208 1243 38 2973 352 4479 277 5462 879 5544 375
8318 8 605 202 851 284 1770 812 2564 297 2662 431 6290 624 6372 346 6985 992
8319 3 387 183 1818 423 8239 439
8320 3 5211 618 5233 696 6941 283
8321 5 2401 401 4269 996 5505 219 5768 442 7551 90
8322 3 4589 444 8052 155 9994 319
8323 5 3952 108 4663 95 7691 119 8582 593 8600 301
8324 5 4063 399 4976 229 6575 333 6948 841 9005 97
8325 5 647 978 3883 726 4845 84 4851 185 5621 685
8326 6 2641 691 2799 867 3908 980 7146 560 7177 664 7692 232
8327 5 245 692 3582 995 5708 210 7189 599 7954 770
8328 3 2501 582 3426 686 5035 290
8329 11 108 697 311 657 328 357 1475 900 1964 107 3306 646 3472 539 5798 152 6011 14 6681 211 9909 78
8330 5 661 63 2969 755 7493 936 8028 398 9359 607
8331 3 2861 322 7548 617 9090 181
8332 7 955 412 1233 819 1627 340 2598 323 4796 927 7409 575 9119 797
8333 8 17 637 403 559 442 263 3824 463 5928 425 6582 703 7188 828 7911 679
8334 6 210 187 1384 42 3121 216 4909 730 5560 79 5892 962
8335 3 2811 843 6761 852 9604 324
8336 11 1444 568 3443 123 3639 418 3695 786 3817 272 5933 726 6743 43 7072 3 7408 529 7687 942 7869 337
8337 7 1898 702 3137 787 5648 439 5936 419 6181 311 7417 682 9182 768
8338 3 92 706 4702 439 7156 139
8339 4 2348 873 5803 538 6046 344 9478 971
8340 2 4511 680 4846 798
8341 6 109 67 1197 279 4074 165 4945 925 5328 510 9930 520
8342 3 2514 187 4106 366 9965 150
8343 7 1316 964 3816 978 5162 46 5825 217 6576 344 8842 62 9755 109
8344 6 420 868 4192 362 6692 408 8164 479 8225 84 8494 298
8345 3 889 226 3931 377 7552 664
8346 6 753 719 2911 852 3197 229 4869 410 4899 645 5425 473
8347 4 1162 939 1359 145 3522 182 8884 102
8348 4 1278 270 3905 750 4387 304 5077 37
8349 5 1194 492 4072 783 4684 543 8422 910 8895 580
8350 6 4997 306 5246 115 5680 561 6613 938 7231 937 7689 900
8351 7 710 469 1765 67 2211 916 2736 839 7466 24 9317 321 9793 908
8352 7 241 569 4267 748 5671 300 6915 908 8107 929 8133 521 9689 946
8353 6 922 936 3557 566 4043 692 6688 550 7962 725 9591 685
8354 7 2126 940 2172 654 2475 26 3193 863 5631 134 6183 387 9567 743
8355 8 1953 806 2164 64 3313 833 4436 774 5268 751 5582 801 8982 937 9236 715
8356 6 98 200 1168 83 1580 746 4428 956 5594 712 5997 198
8357 4 4129 644 4269 818 5857 197 9588 935
8358 6 922 845 1723 920 3148 74 4537 459 4851 863 6651 926
8359 4 681 368 6593 7 7965 826 8231 590
8360 6 1762 998 3265 901 3752 545 4220 161 5203 6 7168 528
8361 2 5323 153 6132 715
8362 2 6357 616 7617 846
8363 9 723 408 2293 442 3351 789 3852 599 4091 594 4506 28 5460 561 7273 490 7328 232
8364 2 7232 589 8644 618
8365 7 858 526 2253 419 5604 340 6093 716 7379 362 8010 265 9519 792
8366 5 3475 535 4447 137 7324 842 9420 939 9511 490
8367 5 1327 37 1380 469 2790 621 9160 1000 9970 130
8368 5 2579 775 3363 200 3483 810 6782 92 7969 916
8369 7 281 575 569 89 2231 775 3896 933 7702 42 8645 524 9956 844
8370 6 3109 960 4935 210 4978 934 7325 834 9715 335 9860 823
8371 4 1769 756 5034 134 7061 318 8665 671
8372 4 205 189 4138 461 4798 972 6278 698
8373 7 3771 738 4822 455 6315 5 7929 787 9761 67 9793 864 9932 37
8374 4 473 174 4090 670 5746 695 6611 828
8375 6 59 646 3170 913 3959 908 5657 410 9136 160 9418 360
8376 8 1046 925 2777 127 4651 539 6196 260 6215 984 7534 259 7973 18 9086 730
8377 5 2994 367 7285 853 9486 346 9922 857 9945 588
8378 6 174 66 1129 959 2419 340 6168 925 9426 382 9969 826
8379 6 4705 911 5116 586 5912 740 6462 991 6913 256 7309 811
8380 3 5 826 7590 973 9077 527
8381 5 1586 42 3975 10 4793 192 4905 999 8046 335
8382 3 221 952 1485 183 2362 583
8383 4 1371 964 2102 639 2660 99 9108 928
8384 4 1088 545 1212 844 3419 441 5462 128
8385 4 2847 974 4877 389 6731 344 9155 775
8386 8 880 225 1198 945 3449 903 4338 274 4796 78 5676 157 7855 646 9888 250
8387 4 1888 394 2615 37 4031 446 8262 43
8388 7 685 453 1508 695 1610 208 3848 25 5966 538 7304 569 9794 808
8389 7 4723 236 5265 538 5293 163 5686 283 6533 803 6617 167 9968 774
8390 3 3609 726 3637 339 9643 423
8391 2 7417 492 8537 685
8392 10 2782 61 4161 247 4296 445 4414 503 5330 672 6321 547 6466 291 8759 722 9330 944 9410 683
8393 6 1247 483 1954 16 2208 758 5141 329 9062 947 9947 783
8394 4 5991 836 6781 393 7676 677 9556 721
8395 3 1936 377 2224 314 7912 534
8396 5 1302 401 2384 657 5122 142 7255 522 7933 623
8397 7 231 854 1915 343 3061 454 3856 563 4434 45 4683 95 6243 914
8398 2 924 730 6816 317
8399 1 7705 835
8400 7 1102 740 1962 286 2768 695 4016 488 4069 232 6055 506 9871 580
8401 5 50 540 1162 705 5944 214 9535 700 9919 295
8402 6 3461 574 4943 440 5358 628 6419 35 9008 906 9894 588
8403 2 7515 277 8766 201
8404 6 309 819 319 679 1748 48 2751 542 5613 5 8079 692
8405 4 1499 222 3923 972 5664 807 6563 318
8406 8 274 20 795 171 2392 327 5127 256 8586 888 8620 176 8652 565 9413 534
8407 7 1786 763 2338 837 3331 98 4824 938 5217 262 6143 740 7426 202
8408 4 1093 767 7370 450 9366 217 9778 538
8409 4 3344 826 7240 758 7514 892 9442 551
8410 4 1019 48 7565 900 8075 841 8622 347
8411 8 1147 646 3889 869 4590 978 4883 792 6169 264 8043 217 9169 720 9662 556
8412 4 5704 672 7618 535 7792 890 8915 340
8413 5 4426 716 4564 118 8530 636 8627 182 9756 586
8414 4 430 358 4360 328 7126 894 7403 370
8415 6 1008 160 2340 293 2985 583 5114 95 8732 256 9133 397
8416 9 873 506 1263 42 3715 925 4631 879 6160 578 6893 398 8887 285 9206 760 9254 235
8417 5 563 314 1620 355 5622 54 7331 66 7505 956
8418 3 2881 535 4525 697 7731 50
8419 6 4173 848 7410 510 8689 128 8898 718 9348 327 9582 55
8420 4 2447 55 6973 727 7266 744 8807 908
8421 3 5435 358 7805 285 9020 101
8422 8 2722 129 3731 157 4758 729 4835 8 6285 631 8349 910 8438 581 9995 374
8423 4 2660 247 3886 778 5040 628 6780 442
8424 7 819 256 2168 662 2323 17 2698 140 5084 863 7501 607 9299 940
8425 9 403 17 479 980 556 889 2399 962 6267 752 6905 750 8196 38 8616 850 9812 924
8426 6 245 996 2670 757 4011 450 4741 635 4751 597 7912 97
8427 4 1008 367 3709 564 7837 254 9239 808
8428 3 6829 137 7737 539 8503 411
8429 7 363 535 2735 605 5022 886 5530 3 8303 683 8708 547 8928 962
8430 4 1265 170 1747 18 3768 349 5299 617
8431 11 1362 260 3146 601 4219 896 4844 720 6631 360 7471 112 7776 861 9126 548 9210 846 9486 368 9950 790
8432 2 2807 692 7068 703
8433 7 3922 481 4203 65 4234 995 5030 262 5129 331 7348 39 8280 601
8434 5 861 580 1881 991 2582 762 3751 64 5359 622
8435 3 4691 958 7299 661 8102 826
8436 5 2771 470 3865 578 4583 975 5744 386 7117 825
8437 8 2062 231 3650 676 4797 105 5578 625 6395 725 7184 478 8660 697 9869 801
8438 6 1458 601 5229 505 5748 841 5935 741 8061 887 8422 581
8439 7 2758 873 2937 92 3650 932 6101 380 6609 765 9219 931 9523 213
8440 4 3443 38 3513 26 8084 120 9120 636
8441 5 3075 829 3269 845 3354 196 5223 511 9244 900
8442 4 1265 308 3565 14 4324 414 5545 213
8443 4 957 650 3345 586 9228 323 9571 391
8444 4 1667 263 3886 337 7026 458 9806 131
8445 4 2379 325 5619 800 8797 489 9288 899
8446 4 1644 728 2958 290 5344 141 5426 960
8447 5 4144 211 4650 405 5515 392 6734 448 8929 30
8448 2 1434 806 3241 548
8449 4 1429 638 3484 76 5916 884 6712 574
8450 5 754 700 1636 489 4456 254 6952 784 8851 932
8451 4 2603 824 3671 434 5897 482 7513 526
8452 9 366 608 1526 533 2984 982 3655 504 3809 633 5305 617 5381 96 7899 559 7943 140
8453 6 841 508 2527 197 6090 90 6941 647 8113 728 9531 965
8454 6 166 559 2950 928 3070 353 6313 694 6620 404 7050 654
8455 7 2217 573 4094 944 4827 844 5846 914 6120 150 7167 164 7315 198
8456 2 2936 430 4463 933
8457 6 1280 302 1676 805 4529 132 7179 498 7378 741 9394 502
8458 8 1161 781 2544 514 2726 622 3792 578 3868 801 6132 316 7877 901 8970 937
8459 7 996 207 1121 475 1122 871 5362 595 5961 766 6832 821 9586 286
8460 2 781 300 7858 740
8461 3 800 813 3034 129 7468 746
8462 3 33 578 2881 971 6031 812
8463 1 7090 450
8464 5 636 746 2465 260 5028 269 6023 116 7233 592
8465 5 2062 838 2073 727 3661 219 4539 387 5960 164
8466 8 445 629 1589 286 4186 557 5560 400 5971 711 7308 400 9453 601 9974 553
8467 5 2776 651 3543 374 7790 323 9278 822 9636 603
8468 5 177 338 399 357 2794 379 6566 265 8085 825
8469 4 2959 77 3422 430 3826 120 7703 440
8470 4 331 533 1544 376 2999 668 7254 62
8471 4 953 987 3558 229 6921 935 9233 495
8472 6 2661 711 4055 514 4293 758 6613 677 7123 944 7688 145
8473 6 58 899 659 972 1113 369 1465 747 3247 619 6541 395
8474 4 4153 811 4725 308 5114 424 8518 972
8475 5 2371 602 5302 985 7220 642 7883 282 9785 299
8476 6 1405 652 4990 357 7504 249 7527 869 8701 741 9848 288
8477 4 2161 595 3245 247 5182 663 6187 220
8478 4 3573 130 6875 868 7449 261 9205 43
8479 8 1157 594 4331 966 4360 849 6859 56 7900 231 8127 243 8132 668 9217 122
8480 3 5002 93 5469 591 6293 561
8481 5 378 484 3886 718 7295 30 8959 780 8969 885
8482 8 523 477 1519 343 3856 538 5578 831 7992 422 8819 677 8924 51 9643 339
8483 5 876 227 1820 527 4836 732 5545 719 6781 843
8484 3 955 226 5393 14 8840 439
8485 4 3952 689 4219 723 5430 864 6469 905
8486 4 4756 686 6525 156 6996 926 8306 292
8487 6 735 341 1905 655 2199 253 2419 445 2485 591 4869 635
8488 4 555 133 3432 173 5102 603 7644 592
8489 10 309 548 875 889 1320 133 2698 307 4577 549 6883 800 7368 188 8599 27 8788 953 9831 660
8490 8 2113 795 2300 284 3363 966 4238 949 7378 840 8164 941 9698 168 9996 855
8491 6 396 902 2253 359 4170 180 6887 172 7185 203 9100 628
8492 10 204 617 1615 285 3015 688 3731 646 4545 419 4826 470 7392 153 8637 179 8772 773 9407 773
8493 2 3577 80 3767 515
8494 5 1613 292 3910 280 4493 886 8344 298 9319 736
8495 5 627 788 1384 101 1711 722 5227 905 5360 544
8496 9 678 727 2159 728 2693 915 3947 33 5286 891 5454 880 7202 759 8110 517 9236 988
8497 5 1610 709 2170 572 6449 941 8751 260 9093 783
8498 8 1004 26 1060 712 1325 411 1348 996 2721 993 3848 256 4508 636 7286 835
8499 5 3019 601 4186 874 5444 632 5568 586 8118 945
8500 2 2818 489 8222 402
8501 5 1267 43 1449 728 2192 140 7076 612 7775 929
8502 3 4877 834 9014 897 9177 117
8503 5 6495 77 6611 654 8428 411 8869 979 9228 58
8504 6 2785 715 3479 546 4710 698 5156 6 7186 518 8531 824
8505 4 3563 13 4617 912 8883 672 8993 721
8506 6 1280 914 1384 124 2798 587 3144 998 7040 13 9670 138
8507 3 4924 13 5204 873 6695 989
8508 3 79 202 1832 361 5726 84
8509 2 907 147 7316 891
8510 7 689 526 1436 996 2197 408 2485 488 3702 704 8121 228 9793 303
8511 3 598 403 848 55 3733 575
8512 3 385 823 844 984 3953 883
8513 8 56 78 245 679 632 624 3532 467 5092 850 5658 892 5815 552 9297 973
8514 5 2356 5 2472 852 4144 806 5909 297 7990 29
8515 5 340 658 3763 251 4079 514 6885 992 9521 909
8516 5 1375 610 2140 819 3219 890 3233 87 3941 56
8517 9 807 369 828 290 2696 874 2783 972 4573 607 6409 948 8571 701 9455 642 9865 475
8518 8 2123 434 2230 457 2886 622 3140 422 3744 625 8474 972 8636 733 9437 788
8519 3 397 200 2858 873 9955 89
8520 5 360 57 1463 670 7569 642 8045 375 8263 478
8521 6 2574 36 2819 428 6172 874 6210 330 7804 564 7826 742
8522 3 234 469 7319 629 9827 954
8523 2 1444 348 1698 772
8524 4 2965 976 3460 578 5797 338 8748 695
8525 7 815 699 3927 466 5314 809 5558 26 6450 947 7130 645 9832 934
8526 6 1847 214 4157 415 6227 793 7313 593 7806 914 8944 854
8527 6 3288 448 3797 56 3815 742 5962 671 5977 430 6262 937
8528 7 59 331 4279 886 5668 696 7244 231 7702 876 9257 668 9270 800
8529 5 3172 697 3459 458 3668 337 7662 689 7689 207
8530 5 330 852 422 491 2790 620 8413 636 8700 43
8531 7 142 74 607 239 5540 662 6859 859 8504 824 8676 846 9560 107
8532 5 503 444 2518 324 2563 273 7777 414 8202 182
8533 4 881 660 1765 929 5215 378 8696 101
8534 3 1460 989 6318 151 8150 116
8535 4 1297 113 3928 331 5568 157 6080 495
8536 4 144 875 518 465 6018 867 8601 895
8537 7 1044 333 1528 339 5132 982 5247 907 6721 81 8391 685 9010 26
8538 4 4302 450 5272 781 7977 989 9874 268
8539 5 447 445 1434 194 5178 849 5383 659 7797 778
8540 7 1921 442 3241 463 3445 190 4330 155 6479 842 7753 803 9141 631
8541 4 1275 562 2977 157 6552 686 9449 417
8542 3 4122 332 4183 19 7510 62
8543 2 5477 233 7392 154
8544 7 476 913 949 734 4349 423 6930 554 8200 376 9101 953 9128 119
8545 5 12 800 444 724 1522 906 5944 266 8918 253
8546 6 2822 145 4808 346 5695 516 6597 941 7409 526 9473 676
8547 7 1360 647 3179 60 3443 255 4464 668 5456 508 6527 750 9951 172
8548 7 2994 429 3171 434 3269 570 8755 130 9365 523 9591 777 9848 221
8549 5 1117 367 3553 637 4498 66 5763 334 6066 987
8550 4 40 218 5070 584 8997 176 9508 380
8551 5 638 828 3718 859 5891 756 8093 395 8244 8
8552 6 1209 906 2039 968 2571 949 3739 942 5486 911 9361 200
8553 4 2143 777 5416 82 6834 502 9303 902
8554 3 1595 631 3615 107 8835 385
8555 8 389 28 589 967 826 769 1505 720 1899 821 3686 480 4801 12 5312 181
8556 3 1819 375 2231 637 2501 218
8557 6 2432 679 6202 575 7044 610 7952 181 9303 851 9972 721
8558 4 1881 581 2125 838 4859 433 9949 758
8559 6 1754 720 3302 66 7044 923 7246 630 7920 408 9454 464
8560 7 1509 871 2880 517 3017 399 4312 309 7695 900 8228 334 8956 312
8561 4 4266 107 4669 134 5339 340 5485 349
8562 3 2425 905 3255 940 5334 726
8563 2 571 442 8233 408
8564 2 3600 621 9689 913
8565 7 553 712 1266 849 1820 699 2358 696 5380 189 6600 84 6888 521
8566 3 4629 867 8001 869 9971 167
8567 7 4401 993 4634 153 4702 24 5580 401 5665 353 6387 443 7511 957
8568 10 1500 450 1894 840 2422 576 3184 532 4172 906 4529 283 4671 568 7328 854 8795 118 9274 991
8569 4 3691 809 7457 732 7713 708 9089 546
8570 7 825 288 1290 541 1658 197 2035 727 3605 568 4442 513 4829 836
8571 7 2812 995 3079 347 3689 629 4862 475 5884 731 7025 603 8517 701
8572 8 1318 502 3589 661 3590 746 3782 318 5718 671 6215 338 7057 267 9129 813
8573 2 3662 168 8149 739
8574 8 2173 279 3030 250 3864 497 5258 204 7086 158 7749 999 7921 144 8993 474
8575 3 465 269 2785 430 9828 497
8576 3 1250 956 2218 125 6213 707
8577 4 2956 817 4424 190 5876 377 8168 94
8578 3 447 641 5251 799 7230 581
8579 4 116 945 137 92 3123 550 5306 991
8580 3 887 134 3095 41 5244 671
8581 5 3624 776 6664 574 6799 230 7203 339 9241 617
8582 7 821 23 1871 774 5641 290 6125 502 6528 195 7063 159 8323 593
8583 5 5469 38 7263 923 9236 164 9883 18 9941 367
8584 6 2231 227 4053 798 5532 243 5911 429 7715 249 9733 263
8585 7 1518 813 3410 905 3772 582 6660 931 7748 888 8855 169 9686 745
8586 3 4031 142 6224 699 8406 888
8587 6 3365 566 3566 654 4571 670 5618 783 7400 728 9660 343
8588 3 1597 271 1618 264 6987 734
8589 3 225 947 3465 479 3725 799
8590 3 1633 514 5951 120 7418 699
8591 8 1163 236 2827 30 4492 990 4560 605 5222 715 7740 872 9040 49 9129 392
8592 5 635 48 893 365 6309 465 7784 283 9057 586
8593 8 236 139 701 775 2691 86 3703 117 5310 101 6762 699 7754 395 7960 793
8594 3 2344 275 2523 86 4693 865
8595 6 1643 673 1914 194 7250 319 7332 541 7904 1 9743 305
8596 5 760 929 1254 641 6899 830 7080 49 7893 277
8597 3 2299 985 3168 60 5316 772
8598 4 809 312 3194 842 4964 702 7084 376
8599 4 851 924 7084 692 8297 550 8489 27
8600 1 8323 301
8601 9 1327 416 1934 706 2157 430 2407 737 4188 438 5340 755 8536 895 8647 883 9438 96
8602 9 3954 70 4157 948 5355 937 6568 169 6957 377 7002 464 7425 66 9235 250 9600 858
8603 7 1412 927 1777 921 2420 909 4898 972 6103 541 6625 460 9258 932
8604 4 716 636 2051 165 3750 800 6399 504
8605 3 381 81 1242 143 3830 570
8606 8 675 591 1801 240 2945 449 4902 532 5078 561 6938 3 7787 614 8043 607
8607 6 2221 986 4328 927 5719 100 7182 151 7310 670 8919 678
8608 6 816 732 1188 537 2967 646 6392 157 7132 768 8236 288
8609 2 2647 658 7003 638
8610 4 2007 16 7415 510 7737 257 8054 432
8611 6 6590 49 6623 735 7598 372 8211 914 8773 64 9280 839
8612 5 3551 950 5684 104 6251 272 8807 477 9699 311
8613 8 749 40 813 579 945 835 1519 810 3819 568 4748 881 4793 19 6211 35
8614 5 2337 500 2511 992 2918 615 8696 179 9876 956
8615 7 437 369 1433 918 3183 422 3858 269 4462 685 5954 575 9964 450
8616 5 5863 48 6222 245 7326 300 8425 850 9262 873
8617 8 43 269 1427 117 2518 165 2893 601 3345 310 5004 820 7205 110 8707 143
8618 3 1883 636 4970 684 9916 798
8619 7 4020 945 4740 826 5364 633 5842 674 7538 481 7845 455 9594 181
8620 8 3740 378 3880 770 4295 776 6098 258 8223 25 8406 176 9072 229 9996 54
8621 7 2464 989 3058 845 4061 624 4774 428 4833 651 5004 622 6033 396
8622 5 988 804 1507 159 7716 171 8410 347 8721 636
8623 4 479 142 1608 233 6475 75 9023 782
8624 3 903 938 1630 683 5526 325
8625 7 154 185 754 275 1061 566 2532 675 3827 519 4677 913 7586 227
8626 4 2543 66 3048 6 6264 482 6873 23
8627 6 1002 260 1194 370 4110 573 4613 921 8413 182 8638 911
8628 5 268 159 1537 954 2475 19 5137 966 7746 893
8629 2 6874 75 7762 263
8630 3 2316 513 6225 618 7074 405
8631 5 506 834 2426 369 5654 544 7434 222 8727 35
8632 8 1165 957 2170 1 2227 414 5483 819 6291 644 6570 728 6598 13 7274 716
8633 11 404 856 655 744 918 790 2440 249 3867 927 4176 76 4847 791 7050 654 7860 473 9220 961 9227 407
8634 9 2035 341 2093 134 2987 483 4114 972 4214 696 4446 812 4903 950 6896 329 9527 931
8635 5 830 218 4068 637 4329 842 9119 891 9275 80
8636 4 4798 427 7539 7 7616 680 8518 733
8637 6 882 212 2574 560 2788 178 6184 152 6560 408 8492 179
8638 4 5956 359 8310 746 8627 911 9828 1
8639 7 1256 406 1291 708 2176 293 2212 556 5003 35 8052 874 8885 754
8640 4 3996 816 5472 823 6528 86 6944 305
8641 4 1752 499 3492 78 7036 180 8929 684
8642 5 1225 250 3628 325 6855 751 7396 888 8019 944
8643 4 2194 490 4480 147 5650 543 8712 747
8644 7 544 728 1651 603 2323 436 4314 40 5489 198 8364 618 9896 233
8645 5 3307 254 5376 74 7792 617 8369 524 9821 99
8646 5 753 478 4646 698 4731 449 5106 344 5842 352
8647 4 1453 156 1504 524 3185 914 8601 883
8648 4 1242 389 3102 144 4542 21 9901 42
8649 2 2074 154 3962 254
8650 7 620 747 944 220 4294 338 4599 524 5716 976 5852 808 7145 606
8651 8 2308 167 3466 564 5439 583 6409 844 6798 81 6951 397 7614 13 9910 467
8652 6 3936 270 4693 876 7460 701 7940 66 8406 565 8743 267
8653 6 133 175 1420 897 1629 741 3266 67 5010 662 9488 234
8654 8 252 713 456 184 806 767 1914 861 3073 308 3850 995 6637 856 7827 81
8655 8 699 473 2621 727 3757 690 5760 779 6829 74 6858 413 7206 381 9784 873
8656 4 963 204 1626 968 9239 914 9993 187
8657 3 3343 369 6877 409 7865 588
8658 6 456 379 3414 686 4230 294 4442 836 8250 422 8795 839
8659 11 1001 608 1218 68 1886 704 1933 680 2667 591 3024 169 3720 891 4370 622 7055 649 7741 579 9389 645
8660 4 1988 663 3335 381 5146 670 8437 697
8661 5 906 560 4606 460 5167 81 5358 41 6145 14
8662 2 3851 335 8299 274
8663 3 1030 956 5185 274 8688 740
8664 6 557 207 4243 799 7447 237 7517 230 8795 169 8999 381
8665 9 58 711 161 941 4028 30 5482 616 6184 948 7985 583 8371 671 8686 803 9339 999
8666 2 7512 895 9913 905
8667 2 1037 799 6298 811
8668 7 1449 328 4397 41 4490 962 4896 767 5903 577 7811 286 8708 370
8669 5 985 959 2821 106 5367 390 6668 836 8308 628
8670 7 1750 805 5479 988 6785 263 7936 820 8784 358 9702 273 9914 288
8671 5 136 249 2540 169 4169 343 7437 135 9232 312
8672 3 2396 624 4427 883 8730 145
8673 5 533 963 3521 18 6365 790 8127 131 8251 668
8674 3 451 339 1863 806 3849 76
8675 6 1318 982 2801 130 5224 221 5295 907 5320 636 9520 325
8676 8 4705 917 4745 758 4750 496 5106 173 5836 438 6673 908 7204 870 8531 846
8677 3 1281 299 1720 451 3890 364
8678 5 2183 169 4340 113 4650 633 6048 605 9098 817
8679 5 646 95 2937 231 6075 677 7465 488 9390 917
8680 7 907 594 3098 330 4688 12 4864 423 6756 13 8286 749 9265 533
8681 9 1048 156 1438 773 2364 546 5099 436 5335 126 5435 642 6146 123 7169 104 7716 407
8682 4 832 16 2755 601 3313 228 5523 214
8683 3 2017 492 6410 394 8095 967
8684 6 2243 574 2368 245 3175 258 4105 180 5329 129 5947 87
8685 8 1760 501 1969 372 3128 626 3592 206 6124 575 6229 376 6326 273 7183 358
8686 8 345 288 765 723 4931 364 5001 118 5174 775 5675 816 8665 803 9931 353
8687 4 3804 209 6666 657 7329 604 7970 869
8688 6 96 691 475 515 3134 416 3232 863 7193 274 8663 740
8689 7 506 25 2024 43 2931 487 3374 780 5202 494 8419 128 9082 567
8690 8 1852 162 1881 993 2227 433 4190 858 5794 612 6070 985 9480 907 9636 907
8691 7 1004 373 1286 765 1392 68 2576 56 5513 492 5980 949 8140 784
8692 4 123 203 1813 95 3578 660 9306 285
8693 5 43 101 2779 488 6259 76 6885 567 7546 388
8694 4 2457 923 3133 688 7987 199 9525 337
8695 3 1327 470 4954 636 5222 340
8696 10 33 371 800 921 885 435 1042 158 2300 820 3602 3 5781 473 6828 897 8533 101 8614 179
8697 5 1459 86 5446 730 6244 859 8941 453 9192 111
8698 7 425 63 2162 448 5635 358 5728 638 6777 668 8035 98 9920 660
8699 7 266 459 387 486 1600 46 2266 543 2310 462 3189 936 7033 669
8700 5 1235 566 6949 881 7545 74 8530 43 9855 571
8701 2 1641 666 8476 741
8702 4 611 268 3152 61 3985 173 8285 666
8703 8 556 126 3539 136 4422 585 4455 618 4888 530 5392 553 7981 639 9268 380
8704 4 936 536 2261 482 6843 743 8102 53
8705 1 1468 943
8706 5 1901 547 3404 279 4722 190 8972 115 9653 469
8707 5 3971 984 5430 682 5758 590 8231 134 8617 143
8708 5 1144 805 2018 135 3384 941 8429 547 8668 370
8709 7 3246 954 4249 635 4484 533 4992 339 7351 7 9567 751 9820 983
8710 3 1 59 472 411 2484 241
8711 1 1485 224
8712 6 3646 153 4199 431 6277 570 7986 979 8643 747 9793 645
8713 6 1369 377 2029 692 2239 13 5266 434 6051 965 9989 999
8714 4 180 755 3055 837 5801 120 8796 809
8715 4 1848 808 1899 564 8849 449 9517 276
8716 5 4285 58 4967 142 5643 304 5934 448 6412 700
8717 8 2855 183 3148 930 3176 675 6885 843 7344 404 8828 963 9675 523 9753 758
8718 3 3611 796 3718 411 4594 412
8719 8 701 248 962 291 1115 455 1550 127 2022 169 5409 202 5628 744 9719 507
8720 3 146 269 3052 821 5178 953
8721 7 933 912 3469 465 5185 269 6029 443 7210 119 7507 263 8622 636
8722 5 1812 582 3220 192 4227 353 5860 41 7550 598
8723 5 130 998 234 676 1504 507 5019 823 7897 167
8724 8 227 116 275 583 3294 758 5605 667 5857 765 6966 773 9862 348 9950 261
8725 5 2596 814 5277 260 6185 893 7119 525 9174 474
8726 4 1100 55 2748 519 4703 441 8136 940
8727 7 3568 344 6455 826 8631 35 8732 893 8782 765 9010 257 9961 29
8728 4 2348 671 2415 405 5052 945 7876 775
8729 8 18 392 879 412 2358 810 6370 792 7485 669 7706 702 8777 530 9574 645
8730 5 5373 417 6413 151 6981 641 8672 145 9657 489
8731 5 515 282 810 59 2112 657 4016 68 7742 496
8732 4 4421 253 8415 256 8727 893 8824 996
8733 2 1768 212 7557 688
8734 6 1886 725 6658 949 7837 178 9274 90 9544 426 9956 308
8735 6 453 334 1501 179 2079 911 3939 12 4657 765 7667 195
8736 8 1531 976 4172 173 4902 769 6127 436 6665 276 6850 672 8102 734 9326 478
8737 4 1918 105 7334 688 7405 608 9908 511
8738 5 1053 714 2053 118 3039 220 3375 882 9249 695
8739 6 160 664 1640 642 3759 203 8838 29 9582 196 9689 570
8740 6 2796 873 4030 832 5167 88 5550 931 7794 820 9011 973
8741 5 550 817 3981 577 5044 716 6466 422 7885 851
8742 4 2057 84 2500 745 3623 812 4256 627
8743 5 1127 844 1405 497 2388 211 5422 441 8652 267
8744 5 1784 94 4186 924 6813 291 7353 182 9103 487
8745 7 1908 865 4278 352 4887 227 5168 45 7256 422 8134 639 9343 628
8746 5 1653 167 2340 47 5038 724 6687 785 9974 983
8747 5 2718 799 5822 917 5885 414 6342 521 7622 90
8748 3 2864 165 8270 559 8524 695
8749 9 18 698 2290 917 5242 755 6276 962 6857 534 7092 611 7221 759 7879 979 9240 610
8750 4 3788 112 5588 17 9197 913 9799 398
8751 13 1740 711 2302 442 3377 601 5452 810 5740 42 6069 490 6875 524 7278 124 7409 84 8497 260 8850 832 9093 857 9431 5
8752 6 1155 999 3665 585 4846 369 5397 919 6374 795 8786 89
8753 4 6353 602 6891 896 8018 640 9591 129
8754 5 2012 793 3674 301 4400 735 8191 798 8244 402
8755 8 273 582 3240 57 3359 557 5535 5 6767 546 7775 500 8548 130 8896 741
8756 3 6196 618 7604 647 8199 572
8757 6 1133 671 1518 741 5421 956 6917 89 9481 838 9751 419
8758 4 3243 368 3456 783 6026 345 7057 486
8759 6 2376 865 4292 575 4886 927 6130 184 7016 354 8392 722
8760 2 271 526 7226 805
8761 5 1528 441 4036 495 5462 909 5858 851 6011 465
8762 12 841 45 1459 492 1793 396 2771 861 2959 12 3084 743 5156 600 6762 30 7214 734 7290 994 9367 782 9408 362
8763 4 380 550 2482 486 4086 221 6224 590
8764 6 1553 943 6191 376 6594 945 7370 489 9257 522 9977 321
8765 6 438 824 3154 946 5083 250 5180 775 6102 380 6222 879
8766 7 1264 854 2732 863 5423 715 7483 413 7552 349 7759 742 8403 201
8767 2 948 558 8275 596
8768 6 1938 417 4257 55 4530 947 4534 142 4861 459 5651 706
8769 7 2793 156 3514 946 4096 368 5004 205 6021 349 6102 501 7364 787
8770 1 4250 992
8771 5 1573 767 1865 853 5035 972 7815 954 8811 627
8772 5 580 630 1128 557 6319 360 6597 819 8492 773
8773 5 50 336 273 32 6956 511 8611 64 8999 757
8774 4 7178 879 7630 179 8200 402 9596 848
8775 4 938 191 1171 81 4093 538 9732 974
8776 4 548 729 909 92 7151 126 9511 382
8777 5 870 993 1914 650 4497 619 6652 50 8729 530
8778 4 1230 383 3290 655 5210 919 8289 673
8779 6 2655 103 3446 585 5030 977 6243 790 6389 884 6756 440
8780 7 301 199 2043 818 3876 377 4124 208 5128 661 5361 968 6634 493
8781 4 2628 988 6371 862 7404 381 9065 591
8782 5 317 570 540 364 5665 16 8061 850 8727 765
8783 5 947 612 4684 629 6143 140 6312 245 6766 228
8784 3 3885 297 6400 442 8670 358
8785 2 1325 65 9332 774
8786 2 7022 239 8752 89
8787 4 2127 810 4732 548 6444 217 7598 857
8788 5 1919 648 3354 244 3811 528 4605 869 8489 953
8789 8 1189 44 2068 183 2360 937 3528 433 5602 468 6147 538 6995 96 7395 519
8790 2 4367 96 6637 787
8791 4 1890 239 4774 532 7741 230 8111 463
8792 5 322 96 575 290 1159 880 4198 218 9547 422
8793 5 672 264 1864 903 2642 743 5037 343 6025 18
8794 3 1138 190 3485 572 9976 70
8795 5 3899 856 8568 118 8658 839 8664 169 9901 687
8796 5 4144 105 5001 826 5982 173 7892 922 8714 809
8797 3 314 172 2791 743 8445 489
8798 6 2268 802 4842 990 5200 727 5412 915 7342 63 8261 897
8799 8 376 743 1414 683 2511 4 3274 191 4702 821 5139 248 6892 474 9175 940
8800 3 2347 933 3947 268 6585 522
8801 4 3431 149 5454 928 5836 923 9157 164
8802 5 2078 105 5225 274 5240 965 6653 699 9485 804
8803 4 1846 823 3830 881 4728 717 6449 774
8804 4 298 45 1827 828 9703 988 9766 716
8805 6 436 621 1295 351 2008 254 5021 952 5033 710 6083 494
8806 6 2324 297 4644 52 6160 715 7071 943 7302 44 9903 497
8807 7 1064 516 2089 720 2377 856 4999 840 6301 91 8420 908 8612 477
8808 4 2968 878 4271 25 8177 293 9302 335
8809 5 90 842 1499 789 5101 239 6185 254 6333 872
8810 7 631 721 1678 731 2630 345 7424 996 7524 10 7909 145 9325 923
8811 2 6215 421 8771 627
8812 10 133 731 828 369 870 767 1890 120 2253 277 3827 702 4332 463 5771 975 6140 844 7130 353
8813 7 575 923 2622 434 2765 248 4660 768 4697 949 5465 857 5635 607
8814 3 5762 9 6592 761 8956 365
8815 9 1814 948 2839 542 3255 394 3925 304 6453 826 6467 733 7703 599 7792 109 9563 299
8816 6 1420 687 2196 137 5194 868 5478 589 6236 870 9787 421
8817 2 342 61 4919 333
8818 5 253 223 472 845 3531 409 4457 496 8906 477
8819 3 3313 824 8214 353 8482 677
8820 6 526 141 1660 764 1922 152 3566 31 4341 508 7368 443
8821 4 1616 307 4245 829 6733 805 9173 585
8822 4 5942 655 7007 186 7224 387 8915 143
8823 6 1120 63 1373 200 1913 860 3702 127 9294 868 9668 610
8824 7 194 141 303 956 314 526 559 706 8732 996 9798 398 9822 43
8825 6 42 111 260 365 2134 76 3985 453 4937 436 9793 357
8826 6 3699 445 4147 109 4827 449 7251 481 7674 291 8953 696
8827 3 1041 61 1375 773 7101 197
8828 5 697 462 6081 737 7254 213 8717 963 9861 501
8829 4 1719 613 2292 39 2744 951 7576 695
8830 5 276 768 2894 951 3527 255 3913 241 7590 314
8831 4 3936 493 4160 890 4602 773 9643 691
8832 3 3486 182 3766 650 6766 387
8833 6 2795 571 2985 777 4532 434 6119 272 7013 117 7281 183
8834 5 1411 662 1619 161 3302 440 5420 521 7796 228
8835 7 2733 653 3151 381 3979 69 5597 903 5766 877 8036 345 8554 385
8836 4 1511 542 3465 179 5233 665 8890 567
8837 3 2404 157 5883 351 6624 657
8838 4 1516 158 2671 609 5588 591 8739 29
8839 3 2451 33 2834 945 6515 454
8840 7 1197 647 3285 420 3313 154 4175 596 4402 517 7938 194 8484 439
8841 4 4465 343 7131 105 7377 445 9621 725
8842 5 2049 24 4863 7 5337 403 8343 62 8869 801
8843 1 2035 695
8844 5 378 206 3597 535 4837 415 5644 739 7976 222
8845 5 1819 604 1995 780 5473 639 5619 81 5627 777
8846 7 2516 364 6355 366 7386 166 7922 54 8954 340 9292 730 9672 827
8847 4 2042 570 2585 19 4402 366 7128 938
8848 4 3785 795 6016 226 6639 826 7107 773
8849 7 951 129 2507 175 5051 760 5067 93 5872 911 6437 750 8715 449
8850 5 15 122 1914 431 3419 888 3550 323 8751 832
8851 5 780 323 2545 5 4071 645 7054 32 8450 932
8852 5 804 666 3674 249 4944 584 7359 468 9803 940
8853 5 1822 186 3812 893 4273 517 8176 935 9403 518
8854 3 2196 303 3162 745 5029 918
8855 7 1267 933 1507 996 3016 252 3595 312 3890 543 8585 169 9920 242
8856 7 1495 324 1827 399 2282 13 3034 253 3128 607 6541 970 7427 763
8857 4 1163 735 4556 700 6624 865 9436 877
8858 6 628 392 2581 639 4353 442 5195 324 6486 750 7998 230
8859 5 2740 738 3920 6 6092 208 6667 512 6766 569
8860 4 161 604 611 654 1355 742 7525 810
8861 3 4363 764 7175 197 7531 456
8862 4 1327 773 7123 515 7225 583 7232 738
8863 2 5426 465 9032 170
8864 9 765 865 1260 788 1726 948 1797 311 5924 849 7112 100 7463 16 7920 617 9342 263
8865 8 225 37 307 106 738 47 2565 860 3538 60 5691 762 6481 482 9708 496
8866 10 330 749 385 467 1053 722 2134 639 2296 150 3767 460 4683 655 6343 611 7176 884 7516 389
8867 5 36 448 1832 426 5448 771 7984 550 9632 765
8868 6 2693 339 4192 160 4856 734 5336 317 6667 33 7877 832
8869 8 588 841 2643 862 2959 824 4551 443 7298 855 8503 979 8842 801 9448 869
8870 5 858 127 1640 333 2071 283 5877 588 9384 223
8871 6 48 912 4132 147 5833 314 6066 633 9295 153 9360 404
8872 4 963 54 1640 533 4676 955 9774 733
8873 6 315 384 2124 178 3672 115 3881 854 6686 14 7540 443
8874 4 579 939 1313 524 3468 412 6278 935
8875 6 1010 684 4062 305 4932 220 5720 178 6026 398 8893 115
8876 5 3542 387 4244 555 5203 443 5709 849 7198 810
8877 4 966 409 2669 228 8219 951 8969 442
8878 5 657 178 1631 878 1673 13 6450 355 8295 278
8879 5 3350 103 6449 690 7149 503 8018 167 9453 899
8880 4 5649 727 6570 209 8312 462 8996 8
8881 5 149 210 1351 941 2324 942 3506 531 4171 813
8882 3 4109 418 5082 119 6690 758
8883 5 3222 149 5017 150 7467 968 8505 672 9462 929
8884 6 4586 769 5804 569 6518 177 6649 35 8347 102 9290 378
8885 5 968 342 1744 799 1788 514 7541 178 8639 754
8886 6 1496 593 6400 955 6420 897 6502 46 7265 851 7334 411
8887 5 5 840 401 864 3963 299 7785 874 8416 285
8888 7 1227 295 4024 97 5457 765 5724 463 5859 538 7020 492 9153 450
8889 11 493 959 589 616 1217 788 1275 552 1287 69 2352 585 2455 363 5449 803 6172 364 8154 76 9501 443
8890 3 2078 704 7884 760 8836 567
8891 8 32 823 322 440 1162 48 1290 365 2669 498 4256 157 6421 944 8025 295
8892 3 3213 511 6851 567 7897 991
8893 3 2813 2 8875 115 9406 347
8894 3 429 703 795 356 7157 16
8895 8 137 500 993 57 1988 716 3159 171 4242 129 4744 95 7216 868 8349 580
8896 3 4832 68 7764 359 8755 741
8897 5 596 279 3707 444 6477 158 7584 279 9737 356
8898 7 13 127 688 175 2391 431 5461 475 5806 961 5807 734 8419 718
8899 9 406 220 945 129 2479 722 5770 383 7751 920 7861 307 8968 601 9435 493 9937 300
8900 8 50 692 1837 564 2656 78 6175 343 6575 100 8026 647 8042 733 9145 538
8901 3 325 571 2611 836 9185 776
8902 4 565 603 640 765 3091 696 8150 733
8903 8 3080 837 4614 416 5570 725 5643 514 7121 155 7393 815 9744 433 9834 14
8904 5 1901 387 2772 145 3162 416 3524 696 5740 89
8905 9 773 609 4060 947 5111 510 5693 328 5995 373 7413 222 7898 663 8004 378 9786 583
8906 5 1441 587 2846 129 3236 148 8007 296 8818 477
8907 6 141 520 1710 618 2587 238 3191 686 5311 334 7310 637
8908 1 3558 678
8909 3 3830 327 6582 562 9735 785
8910 7 2013 756 2362 144 2436 156 4203 647 6951 223 7410 46 7657 997
8911 2 2515 737 5103 62
8912 2 1313 906 3477 193
8913 3 6017 457 6625 958 8122 249
8914 5 102 700 211 958 5576 990 7923 6 9699 356
8915 5 241 406 392 493 3998 967 8412 340 8822 143
8916 4 280 484 2769 279 5348 325 7946 495
8917 5 5388 615 5836 855 6301 680 7815 736 9221 449
8918 6 2638 350 3777 552 5826 323 6333 747 8242 271 8545 253
8919 3 1670 396 4236 533 8607 678
8920 5 587 117 4062 511 4572 35 9122 967 9350 880
8921 3 2957 465 3250 173 5923 706
8922 2 997 667 5861 472
8923 1 5505 888
8924 7 2452 500 3574 704 3792 755 7524 87 8482 51 9546 700 9902 705
8925 4 554 887 2626 234 3704 787 8992 136
8926 7 738 744 1773 208 2112 461 2125 470 3686 340 6400 804 7515 349
8927 1 7129 856
8928 3 2335 967 3847 396 8429 962
8929 7 2906 970 3470 138 5889 250 6318 757 6359 775 8447 30 8641 684
8930 6 674 124 1032 182 2122 284 5235 607 6724 275 7915 618
8931 4 195 98 5010 726 5419 120 6903 479
8932 7 948 969 1015 820 4554 449 4964 219 5028 630 5220 619 8020 560
8933 6 1261 593 1905 745 3194 534 4467 179 6937 477 7936 213
8934 4 258 570 4278 177 8091 413 9094 450
8935 3 1701 556 2728 343 5766 220
8936 3 276 494 1376 633 6674 197
8937 3 1604 240 2186 420 6525 259
8938 1 6902 892
8939 5 2192 86 4029 325 5526 771 7168 147 7738 912
8940 3 2424 258 4876 937 6215 649
8941 5 3791 226 5525 703 6709 174 7178 136 8697 453
8942 7 208 11 2861 549 3065 448 4848 347 5120 224 5508 226 9261 43
8943 3 43 771 1305 579 2185 973
8944 7 148 185 1653 584 1661 274 5714 865 6710 538 8526 854 9360 185
8945 4 447 115 1929 169 4114 321 6837 671
8946 6 1722 788 2040 192 2250 372 6156 107 7607 697 9473 121
8947 3 1620 52 4234 681 5365 72
8948 5 1416 514 2444 11 5232 138 5958 726 8249 17
8949 7 2857 114 3393 609 4398 327 4733 950 6023 223 6317 553 7394 468
8950 6 567 481 1535 393 2075 295 5261 752 5812 335 8032 144
8951 5 1329 422 4248 546 5987 581 7673 824 9397 832
8952 6 398 842 1177 425 2753 543 4203 19 7013 349 9825 729
8953 16 572 662 1300 44 2519 239 2976 465 4378 365 4402 323 4856 841 6609 426 6790 701 7401 171 7668 553 8826 696 9028 569 9525 587 9532 329 9728 902
8954 3 5610 102 6196 296 8846 340
8955 3 1207 271 6618 409 8279 533
8956 9 1030 471 1828 165 3030 686 3143 251 4453 159 8560 312 8814 365 9083 966 9438 245
8957 7 242 475 2762 712 2893 22 4197 589 5909 506 6818 137 7875 756
8958 6 675 617 2310 902 4231 410 4738 308 4740 128 7208 232
8959 8 459 611 589 704 763 460 906 640 5649 553 7925 225 8121 521 8481 780
8960 4 6 806 414 894 899 616 4069 8
8961 6 707 478 930 881 1637 765 4236 691 6406 71 9593 594
8962 11 808 231 1470 661 1540 165 2192 781 3223 23 4151 398 5580 725 9125 429 9484 281 9716 635 9980 68
8963 6 1495 499 3548 307 6191 505 6297 678 9336 842 9753 458
8964 3 2406 975 4665 585 6603 778
8965 4 367 774 4534 91 6871 684 7331 97
8966 3 1318 30 3442 289 9995 365
8967 4 3316 728 6576 542 8190 670 9150 688
8968 3 2297 33 4817 725 8899 601
8969 5 867 597 1175 739 8481 885 8877 442 9091 219
8970 3 390 470 7691 230 8458 937
8971 5 418 470 1600 789 2216 744 3219 397 9675 735
8972 3 3574 86 8706 115 9498 873
8973 6 178 845 2226 108 2294 487 5841 384 8977 859 9080 661
8974 4 440 48 2809 58 2828 533 4138 316
8975 4 807 935 1298 616 5087 237 8151 534
8976 4 295 507 1482 327 8259 206 9090 648
8977 10 112 289 308 986 915 702 3537 75 5499 695 6346 287 6550 292 6843 820 7300 267 8973 859
8978 7 2293 765 2734 507 3671 53 6698 953 6937 110 7866 311 9689 464
8979 5 1805 838 3174 415 3248 438 4514 303 7193 467
8980 5 1052 109 2919 749 6946 958 9101 799 9753 72
8981 10 344 133 951 752 2843 80 3135 406 3825 554 4861 908 6281 285 6832 943 7526 984 9413 770
8982 7 1893 416 2761 552 3280 826 6313 94 7522 660 8355 937 9773 163
8983 3 1776 244 2088 942 2132 564
8984 4 1011 541 1027 446 4265 479 7202 945
8985 4 2238 714 4038 6 4449 153 9201 462
8986 1 4745 400
8987 4 2115 343 4404 202 4595 727 5242 949
8988 6 361 661 2381 292 3212 973 5979 324 8302 843 9887 499
8989 6 585 451 813 653 3132 246 3461 904 6373 845 7392 943
8990 5 1730 238 3414 200 5408 47 5681 6 7506 60
8991 5 2170 20 2922 559 3790 510 6118 219 6881 953
8992 5 743 601 7226 853 7665 79 8242 758 8925 136
8993 4 7863 90 8505 721 8574 474 9621 621
8994 7 2245 677 2277 12 3161 475 3908 365 4272 764 6278 723 7283 412
8995 3 896 844 6161 866 7256 447
8996 6 5294 716 7210 492 7291 947 7937 262 8880 8 9282 720
8997 3 961 281 8550 176 9946 162
8998 10 159 524 344 406 1114 616 3518 378 5438 940 7690 354 7951 558 9248 984 9972 320 9974 518
8999 9 1520 428 1608 560 1676 677 3058 260 5126 472 6121 194 7565 808 8664 381 8773 757
9000 4 2220 586 2892 309 9117 81 9544 657
9001 6 52 329 1525 568 4160 966 4254 412 6128 314 9143 125
9002 6 1038 767 4574 468 5112 900 5905 445 6665 257 8112 851
9003 2 3921 959 7972 224
9004 4 2676 961 7469 108 8057 438 8071 792
9005 3 5442 70 7882 136 8324 97
9006 3 7 817 165 261 2462 312
9007 4 3855 225 5086 775 7425 515 9290 979
9008 6 2317 424 2489 11 3574 220 7336 377 8182 469 8402 906
9009 4 816 828 3691 171 3935 904 9275 909
9010 6 1785 922 1786 226 5849 108 6806 616 8537 26 8727 257
9011 5 168 770 539 568 4386 193 8740 973 9430 489
9012 9 87 323 999 751 1718 733 2480 215 3328 111 3589 98 4556 297 7428 739 9991 650
9013 2 5018 199 6201 269
9014 6 1597 879 5563 983 6174 319 6286 916 8502 897 9241 275
9015 4 3070 230 3701 744 4689 867 9326 812
9016 6 233 992 2448 130 2896 703 6464 894 6844 184 8014 160
9017 3 1856 984 5233 976 7257 919
9018 1 520 616
9019 9 276 151 1118 144 1332 683 2185 588 2631 988 3772 375 3933 520 4760 919 9202 323
9020 6 2 286 2606 768 3450 234 5393 445 7327 494 8421 101
9021 2 1802 705 3653 257
9022 3 3157 482 3307 644 5646 271
9023 6 99 806 2875 107 3535 754 5212 993 7628 502 8623 782
9024 4 148 83 1148 372 2490 760 6337 168
9025 3 3357 869 7167 318 9265 456
9026 2 2930 900 7697 78
9027 4 5993 534 6040 19 6936 241 7319 441
9028 5 3213 664 4855 851 6278 688 7503 996 8953 569
9029 8 654 138 781 558 1855 24 4663 236 6345 918 6626 246 7198 653 9467 204
9030 3 411 429 550 260 9800 334
9031 3 9 33 4089 832 9456 205
9032 8 20 285 1809 51 4248 631 4322 746 4924 504 6923 49 8863 170 9155 815
9033 4 4312 461 5283 162 6291 55 7395 171
9034 4 2317 8 3699 703 7054 274 9102 900
9035 5 609 42 2448 412 2667 237 5893 482 6386 437
9036 7 893 889 929 651 5633 592 6190 982 9048 78 9290 128 9738 729
9037 4 4980 423 6541 343 7416 25 7906 561
9038 9 1543 544 2177 671 2984 823 4566 163 5551 85 5816 135 9732 880 9776 746 9979 586
9039 3 2796 830 7996 157 9639 756
9040 7 256 44 2699 401 4094 141 4160 51 8591 49 9224 766 9533 539
9041 5 335 103 1129 220 1758 87 4780 504 6278 162
9042 5 34 321 646 592 5328 799 5900 798 7041 926
9043 4 2537 530 3075 914 3870 205 7485 664
9044 4 2723 237 2840 40 3417 312 6559 721
9045 5 383 951 965 813 2177 307 6424 816 7605 771
9046 5 1632 513 3755 396 4421 112 4498 527 5266 589
9047 4 4870 153 4941 843 6319 814 6474 180
9048 5 30 438 1070 968 2403 772 4587 296 9036 78
9049 5 793 211 1711 217 2778 99 2980 880 3661 935
9050 6 195 324 1275 139 3632 665 3853 153 8178 177 9400 160
9051 5 1204 889 1589 853 4302 118 5721 565 9662 842
9052 4 1990 901 3178 134 7025 180 9381 465
9053 4 20 600 1625 209 3124 5 7986 777
9054 11 230 756 1272 432 1629 585 1904 480 2338 121 2350 956 3530 489 4354 584 4872 233 7742 516 9364 712
9055 3 1399 943 5885 475 9220 590
9056 4 2281 803 3672 318 5435 56 7393 859
9057 4 2561 833 3738 26 7181 249 8592 586
9058 3 1888 248 2728 188 4436 890
9059 5 177 191 4322 996 9135 533 9220 216 9650 777
9060 6 597 528 664 711 1393 665 3908 100 4911 677 9087 447
9061 3 737 34 3437 112 7280 973
9062 4 1893 596 3452 63 8203 329 8393 947
9063 3 4201 455 5058 326 7458 620
9064 3 5269 747 6701 808 7243 397
9065 7 520 727 1039 918 2076 766 3623 863 3884 975 5613 180 8781 591
9066 3 1777 246 2824 92 5262 75
9067 3 3599 119 6298 281 7952 68
9068 6 1492 444 4904 994 5324 529 5767 174 6117 992 9677 318
9069 6 167 32 474 924 4428 776 4767 842 6564 11 9832 722
9070 4 438 911 2971 969 5247 779 8221 321
9071 1 5264 612
9072 9 832 478 870 177 1181 871 1822 458 3956 954 4576 544 7640 299 8053 90 8620 229
9073 3 1161 63 3390 138 9656 404
9074 4 2329 366 3803 820 5097 141 9197 561
9075 5 2946 177 4607 717 4938 966 5474 24 5979 298
9076 4 1366 137 3915 33 4330 67 4436 358
9077 5 992 990 3342 738 4114 629 8380 527 9283 669
9078 4 22 386 2162 949 3007 278 7442 634
9079 4 1695 82 4972 87 5023 808 9977 216
9080 3 6405 287 6822 639 8973 661
9081 3 3634 682 5637 956 7949 153
9082 3 8689 567 9406 141 9899 295
9083 4 410 103 1355 42 4256 408 8956 966
9084 7 333 197 1499 882 1982 68 3245 171 5934 254 6471 315 7000 783
9085 10 1566 483 1880 48 3419 429 4258 643 5293 956 6616 891 7667 468 8262 742 9128 624 9359 741
9086 10 2270 453 2365 197 3359 64 4306 755 7568 72 7849 509 8120 148 8286 463 8376 730 9775 370
9087 7 3016 504 3495 167 4502 306 5243 692 7181 55 9060 447 9347 248
9088 6 1907 220 3449 263 3648 245 3732 833 5647 885 6219 518
9089 5 5007 692 5076 49 6754 647 7129 610 8569 546
9090 4 1863 429 6049 518 8331 181 8976 648
9091 7 2605 380 2898 121 3380 879 3807 757 4544 427 5980 198 8969 219
9092 6 2112 144 6431 796 6695 281 7395 83 7575 375 9802 366
9093 6 1792 142 2498 138 8244 565 8497 783 8751 857 9589 55
9094 6 46 914 98 619 262 520 3057 923 3576 874 8934 450
9095 4 4462 88 5659 607 6122 465 7081 152
9096 2 1274 902 3245 915
9097 5 1174 897 2914 409 5334 32 5479 38 9933 603
9098 4 2265 970 3496 448 6449 140 8678 817
9099 4 1065 831 3695 446 7884 242 9262 927
9100 6 1605 68 1871 234 3943 947 5170 618 7794 561 8491 628
9101 5 1406 49 3954 795 8196 492 8544 953 8980 799
9102 11 220 587 1546 245 1931 488 2386 279 2585 875 3725 278 3745 300 4695 696 9034 900 9247 670 9634 640
9103 6 464 386 684 233 1042 87 2379 951 8744 487 9984 855
9104 5 779 611 1024 878 3689 93 5064 551 9543 536
9105 6 277 699 1575 427 2238 392 5443 291 6049 244 9564 83
9106 6 446 169 3026 212 4598 400 7347 591 9291 249 9725 552
9107 2 1411 916 8176 967
9108 4 1233 436 3492 524 3649 69 8383 928
9109 5 2222 557 4979 483 5298 444 5448 461 6492 500
9110 6 1494 379 1769 377 1785 294 2910 786 4306 994 4582 981
9111 3 132 455 1390 310 7388 292
9112 5 573 713 3335 715 3607 735 3631 252 9316 271
9113 4 3582 392 3916 503 8266 116 9474 886
9114 7 1360 914 3333 734 3471 829 4245 347 4552 601 4649 341 6934 656
9115 5 2786 109 5046 178 7049 432 7930 779 8024 538
9116 4 571 849 2227 199 4496 548 6336 403
9117 5 1089 449 5330 881 6335 334 6914 675 9000 81
9118 5 2413 399 2489 228 6906 264 7126 678 9422 328
9119 3 4685 665 8332 797 8635 891
9120 5 135 297 1426 581 6432 711 8242 905 8440 636
9121 2 371 701 5873 513
9122 11 526 350 967 923 2250 349 2435 354 2910 244 4816 873 5170 774 5311 791 7184 330 8920 967 9847 503
9123 4 1453 637 6436 678 6965 594 7525 712
9124 8 368 944 1750 759 2270 501 3378 311 4199 509 5430 86 6327 747 6721 353
9125 8 1980 117 2544 337 4880 310 7235 745 7930 945 8962 429 9277 597 9943 712
9126 7 494 62 677 947 1584 565 1914 429 6671 778 7689 752 8431 548
9127 6 1703 135 2182 720 2381 602 3894 807 7050 874 7524 287
9128 11 1278 333 2661 268 3172 48 3354 486 6904 892 7392 547 7892 416 8544 119 9085 624 9164 59 9559 504
9129 12 130 459 596 65 958 634 1433 679 3650 445 4612 494 5131 696 6866 778 7699 9 8572 813 8591 392 9696 785
9130 9 790 394 820 329 1377 654 4229 502 4327 319 5482 628 7322 154 7780 474 9546 517
9131 5 2096 335 4396 818 4405 644 4667 783 8301 316
9132 6 893 139 2330 795 4338 282 4516 482 5247 252 6601 850
9133 6 1988 426 2216 661 3533 364 6476 226 8415 397 9147 157
9134 6 1447 491 3681 620 3758 192 4276 300 5772 225 5931 222
9135 4 3812 662 4826 423 6513 382 9059 533
9136 4 3902 507 7043 758 7439 793 8375 160
9137 5 597 662 4187 266 4919 746 6208 92 7604 183
9138 3 1648 600 2172 62 9364 758
9139 3 361 398 2226 925 5240 472
9140 2 1220 971 5202 534
9141 8 1915 605 2869 666 6166 619 6936 521 7200 852 8540 631 9475 662 9873 508
9142 7 1111 420 1314 772 2562 915 2874 370 2890 754 6564 405 7105 292
9143 3 1459 502 5510 493 9001 125
9144 6 72 737 405 716 1523 742 2238 700 2456 766 7072 223
9145 3 3100 73 5990 863 8900 538
9146 7 3212 334 3235 729 4378 902 5125 539 5430 546 7726 126 9763 265
9147 6 463 541 1290 445 4557 651 8029 46 8058 613 9133 157
9148 6 1936 894 5228 518 5396 16 6074 806 6767 523 7919 364
9149 4 2207 871 2230 407 4393 787 6399 854
9150 4 1107 277 7000 987 8967 688 9735 412
9151 4 1492 716 1866 198 4645 103 5855 785
9152 3 668 478 3309 492 4702 543
9153 4 4115 499 7011 292 8888 450 9599 769
9154 5 1313 244 5717 786 6663 716 7687 649 7766 945
9155 9 1431 619 3402 708 3517 581 5044 476 5958 792 6757 917 8179 357 8385 775 9032 815
9156 2 3018 421 9839 231
9157 6 1933 962 2253 196 7603 239 7670 747 7892 122 8801 164
9158 5 1161 726 1603 346 5599 623 6531 163 8006 995
9159 4 2875 660 4411 403 7040 82 9893 666
9160 4 4252 694 5764 202 8367 1000 9234 148
9161 6 774 97 1517 225 1876 119 6729 39 7170 516 8302 180
9162 3 748 912 2158 912 3521 976
9163 8 1105 947 1958 376 3750 567 6685 508 7462 32 8050 421 8148 851 9988 411
9164 4 1138 606 4907 780 5056 960 9128 59
9165 4 2444 743 5829 951 6233 307 8058 721
9166 5 444 301 1669 907 1817 477 5690 475 6033 709
9167 5 234 343 1842 246 3763 773 4161 109 7701 306
9168 3 3977 462 4851 486 8119 670
9169 6 4158 81 6116 11 6671 669 7101 80 7947 402 8411 720
9170 3 241 485 1561 84 5880 35
9171 3 138 576 320 97 6842 949
9172 8 2057 60 3903 143 5214 538 5779 856 6982 693 7028 278 7831 724 7886 120
9173 7 2690 877 3687 625 3853 337 6593 167 6852 337 7051 413 8821 585
9174 7 520 488 641 731 694 361 2575 473 3012 70 6223 131 8725 474
9175 6 1212 780 2625 17 2950 478 3145 545 4809 749 8799 940
9176 5 1416 391 3327 577 5341 430 5401 860 9338 687
9177 7 1854 704 2266 811 3190 108 3290 470 5634 488 5889 162 8502 117
9178 6 1178 418 4266 910 5378 189 5942 404 6666 152 9932 680
9179 7 224 101 1705 20 1758 604 5488 750 6114 678 6361 436 6544 142
9180 5 823 569 1524 442 1623 96 3317 905 4979 310
9181 1 6535 163
9182 8 804 678 1799 667 2623 104 4154 963 5482 376 8337 768 9832 868 9912 115
9183 7 843 35 1055 938 1616 742 1640 574 1971 26 6707 702 7292 90
9184 6 498 141 781 935 3782 110 5188 349 5439 364 9875 383
9185 3 2377 603 5036 176 8901 776
9186 3 876 307 5718 218 9819 202
9187 5 428 380 4098 326 6047 136 7285 769 7553 904
9188 5 2348 204 2789 234 3545 533 3726 526 4487 580
9189 6 234 911 898 262 1514 51 2921 616 6678 934 7328 224
9190 5 793 705 1104 14 4709 474 5494 310 6139 982
9191 6 458 977 4501 61 5637 640 6194 649 7525 92 7993 635
9192 7 634 734 1662 916 4505 434 5056 59 6706 797 8697 111 9573 259
9193 3 3323 718 3866 42 7783 92
9194 4 1213 494 5734 447 6358 346 9878 946
9195 3 1900 493 5856 315 6415 647
9196 4 4751 622 6631 467 9443 753 9451 67
9197 6 4647 825 4669 836 5075 70 7640 662 8750 913 9074 561
9198 5 2135 693 2314 829 3056 747 3459 411 7138 491
9199 6 1852 687 3582 637 4630 297 7458 718 8147 28 8278 31
9200 4 330 746 2971 760 6019 215 7446 591
9201 4 184 593 708 632 3487 102 8985 462
9202 10 27 31 3215 429 3857 545 3888 984 6566 597 7595 353 7993 286 9019 323 9272 697 9311 659
9203 3 3874 161 5106 117 9661 730
9204 6 3374 704 4823 123 5489 251 6824 396 7674 805 9792 441
9205 4 1437 799 2040 341 3844 682 8478 43
9206 7 1120 783 1362 871 2468 381 4117 952 7227 839 8416 760 9937 671
9207 3 2268 665 7920 940 8157 40
9208 5 617 74 3541 187 4620 300 4716 506 5956 630
9209 8 897 6 3798 664 5141 200 5989 102 6208 878 7305 342 8079 304 9768 10
9210 7 191 956 4046 559 6714 287 7352 870 7767 111 8118 623 8431 846
9211 4 275 330 471 870 4164 247 4302 559
9212 6 511 546 2254 713 2962 906 4410 65 7419 98 7721 800
9213 8 1067 876 2059 975 3862 997 5932 384 6702 362 8202 236 8243 849 9256 41
9214 5 838 198 1749 55 2280 692 3870 613 7382 312
9215 4 5659 370 6476 507 7182 109 9320 688
9216 3 1396 259 4932 197 7384 973
9217 4 704 891 5022 841 7985 753 8479 122
9218 3 3320 152 3327 64 7165 574
9219 5 1989 668 2237 699 3476 450 5652 72 8439 931
9220 9 332 831 865 695 1715 67 2527 326 2849 839 3909 442 8633 961 9055 590 9059 216
9221 7 624 781 639 101 3729 580 4355 259 4481 229 4676 235 8917 449
9222 4 79 645 1083 45 5202 617 8077 986
9223 2 4866 186 5113 311
9224 6 1906 354 2366 952 3107 131 4327 1 5353 324 9040 766
9225 2 1846 133 5212 117
9226 5 136 441 1682 214 4366 304 6239 601 7998 701
9227 7 789 712 976 895 1799 610 4258 47 5913 444 6836 505 8633 407
9228 9 1150 590 3161 32 3613 18 4915 379 6337 45 6727 222 7693 643 8443 323 8503 58
9229 7 1207 6 2892 437 3338 961 5690 563 8033 364 9730 489 9980 560
9230 6 2658 647 2675 806 3653 128 4907 853 5873 747 6098 297
9231 5 276 624 288 779 2393 189 5755 394 7694 986
9232 5 1011 683 2968 360 3703 319 4298 578 8671 312
9233 7 977 658 2397 723 5469 574 5580 791 7083 223 8139 177 8471 495
9234 7 2641 148 2847 682 3101 850 4127 695 4206 596 4257 905 9160 148
9235 5 1891 876 8130 198 8180 46 8602 250 9787 711
9236 7 3761 740 4437 220 6252 204 6259 524 8355 715 8496 988 8583 164
9237 6 558 836 1289 118 3105 324 4453 370 6655 515 9995 162
9238 4 653 579 3603 821 6942 165 9293 123
9239 8 698 294 2923 76 6444 260 6670 685 6692 897 6773 488 8427 808 8656 914
9240 8 227 481 495 799 1845 920 4108 400 5573 123 6608 554 8749 610 9857 762
9241 9 513 710 2662 925 3624 398 4268 81 7863 589 7951 115 8581 617 9014 275 9448 969
9242 4 29 439 3201 335 5661 208 6550 737
9243 6 529 815 1311 674 1964 907 2122 682 7828 399 8295 908
9244 6 541 997 1406 397 4086 128 5212 932 7497 37 8441 900
9245 2 4266 719 8018 364
9246 6 1483 310 2791 506 4215 792 5455 821 6453 517 6501 421
9247 6 307 162 3459 190 3762 9 5140 523 7767 601 9102 670
9248 5 94 134 1162 770 4781 971 8998 984 9648 239
9249 5 1238 76 1788 929 4449 391 5475 134 8738 695
9250 5 87 173 2252 452 2282 808 5805 548 6905 490
9251 4 2813 92 3302 470 6371 618 7284 276
9252 3 1372 161 3882 585 5822 805
9253 4 399 176 6214 202 6297 642 6886 716
9254 10 1357 86 1960 81 2467 215 3018 409 3114 185 6153 881 6207 735 7184 371 7238 818 8416 235
9255 7 99 823 1186 237 2488 625 6453 174 7306 889 7610 549 9989 41
9256 4 3101 412 3513 808 5815 277 9213 41
9257 7 2721 928 3154 337 5466 600 7908 577 8528 668 8764 522 9278 933
9258 5 1060 780 5178 946 5808 608 7313 62 8603 932
9259 7 727 739 1327 575 3487 724 4736 895 6558 836 6979 624 8247 337
9260 3 4067 164 4856 831 7338 809
9261 7 1589 621 4514 705 4582 773 5052 669 7091 17 7473 341 8942 43
9262 9 463 727 1670 114 2337 332 3084 58 5167 840 5802 778 8616 873 9099 927 9595 964
9263 5 557 72 3909 534 4663 321 4910 383 6723 67
9264 5 2296 108 2467 271 3868 384 6221 499 6270 806
9265 6 3807 324 5317 888 6087 991 8210 292 8680 533 9025 456
9266 5 1801 749 1953 868 5373 582 5596 433 6924 194
9267 4 1248 332 4282 696 5218 574 7165 775
9268 6 1605 354 2916 310 3025 343 7513 785 8703 380 9664 718
9269 3 858 691 7859 229 9639 974
9270 8 806 719 1782 791 3104 957 6168 31 6501 131 7661 932 8120 780 8528 800
9271 6 332 502 3528 98 3998 980 4306 680 6175 35 6323 390
9272 3 6997 570 9202 697 9935 214
9273 4 3772 791 5540 330 6992 22 7849 752
9274 4 880 530 997 93 8568 991 8734 90
9275 7 4338 28 5267 770 5338 228 7094 734 7095 912 8635 80 9009 909
9276 3 1006 238 3798 185 4075 656
9277 5 1890 247 3741 7 5811 197 9125 597 9924 938
9278 5 2155 157 4539 716 7882 329 8467 822 9257 933
9279 5 1019 39 5243 824 7103 942 7118 865 7295 683
9280 3 7398 491 7421 337 8611 839
9281 3 4284 395 6987 202 6994 434
9282 4 25 728 6969 899 8996 720 9666 942
9283 3 1631 983 4015 53 9077 669
9284 6 2808 835 3865 475 6770 402 7502 462 7699 903 9695 425
9285 3 5705 418 6521 496 7766 349
9286 2 2370 7 3839 835
9287 8 924 579 2020 390 2052 966 3169 433 4187 133 5514 299 5672 430 9543 19
9288 4 965 910 2381 275 4145 71 8445 899
9289 7 1052 545 2519 842 3707 8 4656 694 5250 1000 5933 767 6324 466
9290 6 4358 833 6653 366 8884 378 9007 979 9036 128 9805 181
9291 4 2566 507 4706 228 8300 315 9106 249
9292 5 1290 528 3971 211 5763 624 6768 219 8846 730
9293 7 174 172 1148 422 1681 494 1926 107 7549 41 8223 917 9238 123
9294 3 304 892 4819 827 8823 868
9295 4 1295 390 1532 902 5453 882 8871 153
9296 4 1439 912 3281 605 4909 573 7198 291
9297 6 750 168 1729 806 3743 451 7966 888 8513 973 9527 281
9298 6 173 271 805 7 883 704 4268 208 5838 952 6942 600
9299 2 1229 601 8424 940
9300 5 7 836 1166 672 2559 481 3745 424 5771 49
9301 4 305 647 3665 980 3682 847 4384 441
9302 5 1139 933 5721 412 6390 839 7906 374 8808 335
9303 6 1955 926 4371 573 4690 505 8553 902 8557 851 9728 104
9304 5 553 785 1672 632 4883 245 5915 577 6117 416
9305 4 192 645 375 853 5668 999 7843 341
9306 3 2120 506 6760 645 8692 285
9307 7 2009 366 3682 840 4258 66 4771 961 5103 729 6676 648 7578 433
9308 9 135 593 654 324 872 606 4477 973 5005 750 5613 267 6943 434 6995 230 9621 191
9309 4 1950 180 3857 8 9825 87 9998 709
9310 4 583 634 3341 796 3851 977 7607 743
9311 8 499 312 2409 142 2439 535 4753 271 5607 562 7348 418 7449 921 9202 659
9312 3 770 805 2887 811 6624 793
9313 2 5973 453 6999 149
9314 6 420 640 1581 304 1610 711 1909 951 2518 821 3974 653
9315 3 427 70 7535 535 8203 525
9316 7 646 462 5033 840 5048 278 7322 650 9112 271 9616 8 9834 839
9317 5 1627 927 2637 512 2686 878 4088 354 8351 321
9318 5 981 848 2232 847 2417 773 4703 193 6176 513
9319 9 1289 814 1387 99 1932 544 4377 561 4765 728 5404 146 7403 521 8494 736 9562 667
9320 3 2365 206 2978 512 9215 688
9321 6 3542 329 4073 648 5973 765 7972 961 7977 316 9912 452
9322 4 1549 14 1613 116 4079 473 9638 669
9323 4 5206 21 6246 601 7768 513 9974 350
9324 8 102 775 1492 640 2479 377 4230 446 4260 862 7584 915 8104 259 8302 68
9325 4 777 860 2811 248 8085 626 8810 923
9326 7 4804 717 4905 998 5166 602 6070 792 6959 402 8736 478 9015 812
9327 4 6363 29 7333 504 7663 497 7855 957
9328 8 2236 141 3025 527 3466 755 3913 816 4092 189 7008 408 7601 532 9571 259
9329 6 1347 873 1386 136 5577 390 6115 65 7624 564 7934 212
9330 9 241 451 285 787 1768 331 2531 838 4744 79 5017 538 5080 449 5626 660 8392 944
9331 5 1058 293 1516 607 2637 548 7149 500 9537 716
9332 6 4393 588 5130 869 5418 779 7771 792 8785 774 9914 633
9333 5 3302 631 4704 817 5057 650 7184 607 7462 431
9334 5 1162 138 2063 979 3180 805 3771 460 6605 963
9335 4 133 973 1776 749 3192 308 6509 557
9336 3 4748 577 7734 809 8963 842
9337 3 4343 389 6215 332 7491 452
9338 6 137 283 781 824 926 970 9176 687 9616 419 9682 264
9339 4 3841 619 5529 816 5902 745 8665 999
9340 4 226 915 5206 961 5952 829 6521 22
9341 2 3317 886 7423 651
9342 6 945 975 1001 156 2874 471 4156 798 6697 304 8864 263
9343 8 773 561 4661 483 4974 451 5336 256 5902 636 6273 188 7740 807 8745 628
9344 5 1438 404 2368 294 4889 640 5320 381 9468 15
9345 4 753 218 1824 152 2685 687 7784 195
9346 4 5975 477 7021 410 7026 425 8036 799
9347 4 382 886 1261 487 7109 292 9087 248
9348 7 953 833 3392 121 3950 135 4068 414 4681 851 5966 637 8419 327
9349 6 858 730 2752 721 4332 949 4662 162 5382 517 7300 883
9350 4 2891 777 4335 62 5143 400 8920 880
9351 7 275 549 1100 138 2870 342 4071 79 5023 886 5566 514 9978 425
9352 4 3279 12 5718 486 7371 978 9397 427
9353 4 1514 399 3392 25 4028 138 5437 704
9354 2 1670 939 1889 35
9355 2 7127 851 8217 832
9356 7 1981 761 2036 961 3716 901 3975 478 4357 843 7558 66 8210 64
9357 2 966 475 6092 635
9358 6 2493 61 3342 66 4184 723 6772 389 7146 187 7187 863
9359 4 3736 777 7979 285 8330 607 9085 741
9360 6 854 833 1466 561 3484 342 4733 341 8871 404 8944 185
9361 6 4315 283 6157 533 6825 728 8552 200 9691 358 9896 889
9362 4 2407 10 3881 185 4074 515 4680 106
9363 5 593 258 1305 99 2864 820 3497 713 6059 320
9364 5 2534 497 7350 979 7508 844 9054 712 9138 758
9365 6 2448 953 3380 414 4024 784 5321 273 7374 665 8548 523
9366 3 881 287 8408 217 9586 280
9367 6 2578 456 2964 637 4467 161 6213 500 7524 413 8762 782
9368 4 421 191 1897 590 6769 78 9440 775
9369 3 2418 557 7434 332 9522 233
9370 6 1462 328 3309 511 3403 290 5788 168 6533 469 8298 819
9371 6 2663 421 4159 716 4257 931 5212 354 6513 817 8135 830
9372 3 2159 17 3581 201 7209 457
9373 5 1293 485 4815 583 7569 964 9385 275 9794 520
9374 5 3359 655 3900 982 4450 181 5585 882 7910 952
9375 5 2689 264 2829 324 6201 241 6576 794 9450 859
9376 4 2396 650 4145 841 7317 207 9445 992
9377 4 194 303 6839 621 6874 972 7203 382
9378 6 715 234 1654 34 2109 706 2301 470 4245 875 5756 571
9379 6 955 864 2481 661 2935 988 5809 506 5812 906 9984 125
9380 7 408 690 738 46 5380 41 6399 172 6909 498 7866 952 8310 114
9381 8 236 502 402 660 1082 136 2237 310 6442 864 7846 721 9052 465 9592 855
9382 5 2185 897 3109 173 5195 160 7123 758 8085 503
9383 6 1791 142 2207 845 2647 734 4227 974 5134 259 5899 856
9384 4 147 303 667 414 7795 558 8870 223
9385 6 794 214 3403 9 5465 196 6579 172 7838 866 9373 275
9386 5 1254 239 1987 532 2094 571 3344 285 6188 16
9387 4 296 972 3235 977 3376 590 5022 473
9388 4 3230 752 5141 441 6409 118 7210 956
9389 4 1273 862 5551 123 8659 645 9619 717
9390 6 3052 188 4053 496 5344 778 5975 593 7435 671 8679 917
9391 4 3935 816 5841 988 6798 782 7718 917
9392 2 3751 9 7860 480
9393 3 1772 479 7346 267 8187 524
9394 5 5563 113 6113 714 6209 593 8457 502 9535 761
9395 4 3361 694 3435 915 4490 286 8172 925
9396 3 1124 739 2654 825 9834 816
9397 8 183 257 449 707 633 417 1006 499 5622 118 7910 473 8951 832 9352 427
9398 3 1754 987 2286 896 5846 326
9399 5 143 970 1505 445 3933 969 5128 608 7416 996
9400 11 877 350 3184 808 5048 86 6696 581 7185 957 7696 90 7822 599 7932 629 9050 160 9817 220 9959 56
9401 2 5422 70 7211 437
9402 5 1775 780 2208 780 3169 166 5729 828 5877 61
9403 7 352 465 768 300 1923 174 2574 672 7663 742 7783 235 8853 518
9404 4 775 979 1864 545 4217 593 9669 137
9405 3 2717 714 3355 624 4631 923
9406 7 2926 894 3119 977 6058 956 6808 425 7232 534 8893 347 9082 141
9407 5 719 918 3397 892 5818 769 8492 773 9910 689
9408 4 1350 768 3162 119 5215 222 8762 362
9409 4 106 709 611 424 3876 792 7122 768
9410 9 41 224 110 947 357 495 5284 7 5635 384 6255 275 6593 278 7119 960 8392 683
9411 3 1719 269 3614 188 4594 137
9412 5 1327 308 1464 455 1513 609 4565 202 5507 317
9413 7 181 519 3041 502 3602 554 8144 22 8406 534 8981 770 9805 362
9414 4 2507 491 5128 137 6505 967 7382 163
9415 4 61 80 4039 907 5260 214 6530 206
9416 4 2409 149 2467 953 3153 261 9650 906
9417 5 3528 425 5869 807 5944 898 6321 60 7177 593
9418 6 1187 607 3452 971 6065 327 6173 995 6584 405 8375 360
9419 8 98 972 1632 121 2470 319 3420 990 3592 441 4594 557 6480 557 7370 301
9420 8 877 728 3238 487 5704 885 6031 411 7093 794 8366 939 9562 61 9961 643
9421 3 3498 603 5351 211 9751 21
9422 7 484 564 1571 667 2220 141 2239 224 6438 559 7880 53 9118 328
9423 4 1162 554 3132 175 5573 598 9659 421
9424 6 2548 82 3720 651 5259 249 5568 389 6317 845 9977 207
9425 3 2537 987 3028 371 4052 677
9426 10 158 770 536 838 2342 99 2369 471 2701 794 3807 731 5677 231 7971 307 8172 316 8378 382
9427 4 372 908 715 445 2165 122 5892 687
9428 4 531 852 1006 230 7849 104 8158 830
9429 3 3185 912 3561 78 4486 934
9430 7 2126 758 3728 377 4040 949 4877 174 5157 670 7729 127 9011 489
9431 9 1144 863 1561 257 3076 226 5649 695 5671 851 6101 866 6578 151 7475 970 8751 5
9432 3 51 345 3713 974 6214 17
9433 5 3088 675 4843 541 5547 510 7849 374 9529 645
9434 5 2103 945 2788 429 3382 328 4840 94 5874 555
9435 3 3954 838 6795 938 8899 493
9436 7 3879 57 5499 978 5580 753 8124 730 8172 45 8272 527 8857 877
9437 6 2099 923 2665 722 6005 837 6204 29 6290 170 8518 788
9438 13 383 519 3926 488 4585 196 5435 134 5798 272 5923 643 6184 331 7264 523 7647 853 8237 234 8601 96 8956 245 9651 218
9439 5 522 106 2026 23 2636 484 7772 762 9787 929
9440 5 1209 654 3840 253 6183 179 8256 978 9368 775
9441 3 5823 894 6912 284 7207 206
9442 5 71 980 5232 871 5539 939 7581 630 8409 551
9443 3 4864 313 4873 789 9196 753
9444 4 3907 949 6008 341 6058 651 7228 577
9445 11 123 679 2001 405 3014 350 3111 232 4172 323 4368 231 6049 31 6544 178 7618 479 8068 24 9376 992
9446 7 1708 927 2535 401 4570 566 4903 342 6106 498 7883 625 8032 345
9447 4 253 69 826 261 7205 278 7907 547
9448 8 4054 688 4667 269 5006 626 5670 475 7161 913 8869 869 9241 969 9951 331
9449 4 795 606 1571 904 4832 561 8541 417
9450 5 2690 828 3413 466 3831 728 8106 142 9375 859
9451 9 659 300 1961 900 2474 95 2695 530 3147 140 4088 823 4559 65 6846 787 9196 67
9452 7 461 904 1308 906 1836 387 3586 825 4676 66 5542 830 7842 723
9453 6 296 634 961 770 4215 101 6750 393 8466 601 8879 899
9454 7 1375 607 1816 553 2225 891 2869 948 4297 289 8559 464 9919 472
9455 3 3894 611 4068 270 8517 642
9456 3 5800 38 6669 755 9031 205
9457 4 1801 779 2749 439 4264 188 7196 980
9458 3 1511 771 1580 332 2271 30
9459 3 2821 799 8296 728 9688 305
9460 1 7432 170
9461 3 258 343 3983 203 6235 428
9462 11 12 985 522 380 1065 959 1494 660 1889 264 2733 932 5087 493 6027 811 6176 149 7727 53 8883 929
9463 4 4746 551 5714 830 5778 895 9986 931
9464 5 2557 233 3035 599 5685 370 5956 523 7255 220
9465 8 37 392 579 909 2254 501 4026 430 4394 319 5362 524 5612 778 5882 644
9466 4 472 413 2423 402 3733 595 4311 103
9467 5 1098 726 2385 589 4104 993 4466 564 9029 204
9468 3 2766 450 5922 230 9344 15
9469 6 434 231 544 984 1321 641 3745 221 4712 296 9692 383
9470 2 1240 220 5772 874
9471 6 894 616 2375 888 5152 766 6517 925 9901 730 9950 685
9472 5 797 989 2742 449 3675 533 3903 210 7319 686
9473 7 1808 548 4569 717 6927 424 7524 173 7904 638 8546 676 8946 121
9474 7 1327 79 3108 808 3595 891 3707 799 4762 664 5238 225 9113 886
9475 5 1832 258 6501 182 7320 944 7865 129 9141 662
9476 2 3186 891 7759 721
9477 4 1111 128 6895 145 7943 300 9903 288
9478 3 1723 445 6016 838 8339 971
9479 4 435 457 3211 49 6288 159 6934 49
9480 6 1669 125 3710 741 4848 368 7371 403 7764 132 8690 907
9481 4 4304 441 4981 342 8180 496 8757 838
9482 5 98 199 2271 294 2557 999 3516 258 6783 722
9483 5 83 39 341 975 1894 603 2835 998 7351 231
9484 10 208 124 490 96 1175 100 1570 972 2580 901 6374 137 7448 904 7664 334 7714 431 8962 281
9485 5 1645 93 2227 55 4016 410 8035 481 8802 804
9486 7 2631 214 3951 636 5906 207 7803 436 8377 346 8431 368 9550 9
9487 4 4491 782 5110 198 6998 852 7772 215
9488 7 493 758 1948 248 2987 642 3342 29 5072 763 5100 420 8653 234
9489 6 836 801 1734 540 1882 808 3145 728 4545 438 5539 751
9490 4 2386 288 6603 942 6635 821 7393 707
9491 8 174 115 2735 970 2736 776 4500 223 5431 171 5724 720 6639 304 7260 595
9492 5 730 337 1087 330 1137 445 4815 431 9625 913
9493 5 1711 150 5462 59 5873 927 6856 188 9873 78
9494 2 8228 674 8277 390
9495 2 518 497 5245 200
9496 6 870 559 2335 578 4325 592 4590 521 6120 357 8304 764
9497 6 1059 78 1657 438 2356 212 3544 700 6129 622 6708 702
9498 7 1989 505 2948 357 5200 757 5820 16 6223 55 6640 986 8972 873
9499 3 3951 370 4433 784 6915 455
9500 4 5064 969 6608 141 6785 969 9615 14
9501 5 2175 677 3905 361 5065 912 8173 990 8889 443
9502 9 1217 618 3243 576 4558 917 4965 315 5049 41 5527 26 5872 76 7490 221 9769 102
9503 5 1593 750 4751 148 4959 753 6428 243 9779 115
9504 4 944 273 2085 69 4199 250 4680 979
9505 6 2634 712 3150 569 4721 995 5612 853 7650 853 7712 49
9506 4 1174 953 3069 586 6418 354 7661 840
9507 6 3016 499 3886 391 4162 981 5733 28 6221 94 9909 89
9508 4 803 350 2852 952 7905 829 8550 380
9509 5 2111 610 2259 352 4141 413 4912 773 6352 96
9510 5 3167 834 3857 40 5252 596 5504 403 6095 300
9511 9 1293 976 3369 204 4262 619 4979 692 5075 813 5633 513 6753 825 8366 490 8776 382
9512 5 1386 687 2471 186 4263 247 4581 453 6999 614
9513 1 7139 395
9514 6 61 94 2568 894 3485 405 4009 379 4197 703 6204 752
9515 3 200 40 4594 757 5314 728
9516 3 3427 24 6901 10 7745 176
9517 5 549 467 1287 578 1574 705 5979 908 8715 276
9518 5 181 633 4285 908 6462 900 6792 519 9616 850
9519 4 1597 728 3346 6 6696 238 8365 792
9520 6 2588 482 3049 645 3352 681 5302 891 6603 901 8675 325
9521 3 107 377 4869 409 8515 909
9522 8 799 909 2248 813 2741 941 3247 495 5058 394 7986 501 8315 248 9369 233
9523 4 113 376 4238 970 6976 713 8439 213
9524 4 3037 621 3194 948 4295 793 6756 84
9525 3 3753 910 8694 337 8953 587
9526 2 2136 213 4197 307
9527 6 465 68 1220 282 2985 887 8634 931 9297 281 9862 341
9528 5 1406 461 5107 951 5253 26 5329 760 6754 646
9529 9 2214 226 3556 447 3723 910 4410 119 6666 955 9433 645 9619 970 9699 849 9953 282
9530 3 5810 460 6972 773 8175 96
9531 8 304 917 1798 51 3726 718 4514 466 4883 412 5356 243 5905 188 8453 965
9532 5 1254 941 5886 571 6231 840 7229 600 8953 329
9533 3 760 733 7161 137 9040 539
9534 3 856 911 3739 796 4829 818
9535 8 1013 774 3176 235 3763 232 6031 709 7762 854 8291 954 8401 700 9394 761
9536 5 971 521 1117 233 1950 647 7261 639 9762 500
9537 2 3989 789 9331 716
9538 5 2827 797 3520 591 6935 471 7646 71 9815 53
9539 4 3171 498 3381 495 6602 521 9843 366
9540 1 7319 956
9541 4 2288 260 2772 912 5673 96 7784 616
9542 2 3945 876 7145 968
9543 5 3146 108 4842 405 7366 58 9104 536 9287 19
9544 4 631 505 783 33 8734 426 9000 657
9545 5 324 716 5550 797 6567 847 7049 37 9729 111
9546 7 310 68 3139 806 3835 949 7377 575 7668 352 8924 700 9130 517
9547 8 1027 701 1461 528 4399 525 5267 316 7072 831 7393 302 7502 691 8792 422
9548 2 3328 487 5201 661
9549 3 2354 445 5804 396 7360 112
9550 3 2824 224 4711 713 9486 9
9551 6 1302 262 2768 988 2835 214 3050 408 3594 697 3649 276
9552 1 6254 907
9553 2 2322 58 2369 419
9554 7 3808 356 4697 208 5121 911 5868 98 7611 545 7823 987 8032 511
9555 1 69 993
9556 2 1338 626 8394 721
9557 4 2081 56 4519 212 7432 648 8212 833
9558 3 2103 549 2668 761 6706 883
9559 6 979 807 1110 886 4359 991 5314 682 6861 218 9128 504
9560 9 675 889 683 412 852 379 1595 546 2401 330 3043 904 5447 631 6469 524 8531 107
9561 5 310 844 2976 415 5567 754 6562 110 7631 121
9562 3 5989 863 9319 667 9420 61
9563 7 245 689 2857 883 2870 665 2881 207 3483 794 4866 97 8815 299
9564 3 1482 899 4294 213 9105 83
9565 4 2135 938 2550 822 3061 579 7948 833
9566 6 250 669 2745 76 4715 405 5677 954 6301 366 7377 369
9567 6 2670 621 3873 594 5667 547 8305 629 8354 743 8709 751
9568 5 1200 830 2028 720 3420 103 4781 239 7969 616
9569 3 208 433 1494 204 8278 39
9570 1 6932 96
9571 4 1383 730 1532 875 8443 391 9328 259
9572 4 878 930 5995 395 7577 765 9633 258
9573 4 2990 232 3738 737 5654 873 9192 259
9574 6 582 809 951 142 1354 481 5666 150 8729 645 9655 419
9575 5 331 913 1204 237 1369 505 1927 712 2348 687
9576 3 2448 9 3446 202 6609 475
9577 8 142 559 1390 375 3494 768 4850 415 4940 826 5989 295 6865 880 7139 237
9578 7 896 284 1537 358 4684 708 4702 367 5051 956 7202 84 8008 858
9579 3 88 322 2837 287 4500 108
9580 7 48 416 657 884 826 531 1539 442 2942 166 3326 812 7000 897
9581 4 3388 632 5347 873 5891 369 7336 589
9582 5 3098 662 3802 338 4534 417 8419 55 8739 196
9583 5 3419 789 3448 752 3533 736 6738 420 8240 267
9584 4 1152 588 2825 826 7215 452 7900 640
9585 5 2413 478 3269 676 4125 956 4209 834 7618 527
9586 6 1760 58 2877 970 7348 695 8228 314 8459 286 9366 280
9587 5 45 437 3224 994 4609 622 5189 362 9666 316
9588 4 1949 281 2861 514 4200 107 8357 935
9589 4 3709 568 3854 99 5561 713 9093 55
9590 1 397 621
9591 7 34 498 2166 638 6662 881 7742 199 8353 685 8548 777 8753 129
9592 5 413 4 3722 135 4507 772 4679 229 9381 855
9593 7 3729 251 3852 501 5294 164 6068 334 6281 566 6696 927 8961 594
9594 6 452 563 554 149 3602 366 3838 751 6265 778 8619 181
9595 4 419 406 1894 98 7996 38 9262 964
9596 6 1324 156 2644 423 3193 196 4982 273 8774 848 9603 190
9597 2 167 297 6383 860
9598 2 5070 614 6061 535
9599 5 498 595 4455 422 5957 584 9153 769 9720 478
9600 5 2263 654 3520 335 6346 44 7772 228 8602 858
9601 5 209 26 2599 46 4906 557 5393 830 7228 435
9602 2 379 145 6176 963
9603 7 1007 14 1777 871 2075 246 4396 938 6795 820 7776 568 9596 190
9604 8 1738 365 3554 33 4558 503 4971 447 5400 360 5815 989 8335 324 9926 988
9605 2 755 957 7383 895
9606 3 686 722 3548 355 5255 230
9607 4 530 940 632 400 4086 942 6441 770
9608 4 1057 425 5021 362 6240 456 7053 815
9609 7 1254 829 1996 989 6317 742 7258 832 7922 615 8291 490 9725 506
9610 5 2356 867 4280 872 5361 48 6420 781 7437 132
9611 1 4149 134
9612 5 6 890 2399 191 4091 639 5233 20 9979 906
9613 2 3258 763 6441 692
9614 3 543 444 1565 859 1962 814
9615 7 981 401 2371 17 3755 798 5149 351 5329 832 8042 829 9500 14
9616 8 209 987 2254 500 5393 700 6450 17 7345 817 9316 8 9338 419 9518 850
9617 4 1214 430 3334 211 4561 603 7118 75
9618 7 337 420 1937 626 2772 341 2859 257 3040 675 3314 889 5353 544
9619 7 1011 668 1540 159 1563 378 6809 185 7149 751 9389 717 9529 970
9620 4 282 648 656 524 916 503 3713 801
9621 8 1243 712 1728 324 6192 522 6333 550 8841 725 8993 621 9308 191 9694 681
9622 4 1804 552 2140 721 4529 280 4910 359
9623 4 1358 918 4576 731 5702 975 9742 307
9624 5 4198 16 5411 77 6781 11 6981 215 8258 941
9625 5 1578 13 5227 505 5541 153 6638 669 9492 913
9626 5 742 457 2734 518 5012 212 6572 137 8228 81
9627 2 2306 857 3838 863
9628 2 3757 636 7694 629
9629 2 1636 670 7711 213
9630 6 1350 935 3219 770 3570 262 3666 215 7887 946 7962 845
9631 4 4532 331 5412 282 6595 18 7664 289
9632 4 395 191 600 555 850 552 8867 765
9633 6 2215 934 2575 294 4335 338 5426 596 7751 628 9572 258
9634 4 636 368 2450 694 4866 397 9102 640
9635 6 2778 732 3716 100 4476 50 5315 700 6826 935 7292 345
9636 7 396 858 5296 644 5855 885 6047 970 7958 490 8467 603 8690 907
9637 3 557 924 3426 65 7066 463
9638 8 760 894 2570 770 2774 650 3164 976 5569 279 9322 669 9783 38 9823 439
9639 5 4690 903 5181 139 8114 552 9039 756 9269 974
9640 4 3337 749 4820 767 5454 924 8129 692
9641 5 3533 414 3954 745 4919 337 6485 675 8299 320
9642 5 1784 765 1995 385 5932 331 6271 505 9953 664
9643 5 2109 176 5028 290 8390 423 8482 339 8831 691
9644 2 2432 82 6114 972
9645 6 145 147 1331 57 2317 861 2869 97 3606 615 6609 563
9646 4 4198 319 4873 562 5380 617 6521 357
9647 6 801 387 983 530 1197 21 2244 639 5896 428 7157 19
9648 2 1236 728 9248 239
9649 6 48 554 388 102 2635 516 3423 578 4723 697 7300 778
9650 6 619 840 637 857 2716 463 3820 705 9059 777 9416 906
9651 4 1446 393 1520 686 6011 842 9438 218
9652 6 161 653 2412 553 4183 947 4604 923 4667 82 5137 424
9653 4 1863 238 5947 378 8287 989 8706 469
9654 4 2174 250 5650 908 7705 369 8023 991
9655 2 7027 10 9574 419
9656 4 1791 687 5338 446 6774 127 9073 404
9657 3 2467 513 6153 448 8730 489
9658 6 519 839 1021 797 2123 176 2468 729 5249 18 7111 226
9659 3 3870 974 7284 581 9423 421
9660 3 6366 567 7093 724 8587 343
9661 4 3221 138 7959 148 8056 520 9203 730
9662 5 3928 269 5019 22 5966 678 8411 556 9051 842
9663 5 106 301 1922 596 2812 735 5975 291 7614 4
9664 4 6078 838 6383 299 8067 456 9268 718
9665 2 2511 633 3005 179
9666 6 762 156 1267 569 4611 192 5852 519 9282 942 9587 316
9667 2 522 857 4812 34
9668 4 3554 522 6173 721 6215 618 8823 610
9669 4 2474 590 4625 133 7977 362 9404 137
9670 4 4166 970 5284 258 8506 138 9915 735
9671 2 3856 836 4011 633
9672 4 1824 909 3169 3 5464 156 8846 827
9673 4 3935 446 4492 834 4923 867 8057 139
9674 6 4405 919 5162 988 5234 565 5533 805 7672 2 9782 697
9675 6 2353 549 5246 284 6492 714 7820 352 8717 523 8971 735
9676 6 773 550 4045 318 7089 893 7253 91 7861 708 9931 355
9677 6 1590 745 2511 285 4196 190 5036 851 6567 647 9068 318
9678 6 657 419 1853 824 1980 993 2416 664 4304 647 5623 459
9679 5 22 802 1110 404 1224 328 6009 384 7431 882
9680 3 3614 598 6256 937 7804 810
9681 3 1160 551 4179 402 7000 915
9682 4 2097 915 5855 571 6532 808 9338 264
9683 5 353 231 1631 571 2920 497 5894 105 5913 933
9684 2 2420 771 3870 727
9685 6 2455 966 2749 74 5436 22 6795 392 7806 618 8078 917
9686 4 5874 364 7391 233 8585 745 9980 800
9687 3 1296 90 1933 332 4438 643
9688 5 4320 892 5525 858 7429 927 7471 228 9459 305
9689 7 2065 616 4680 263 8150 848 8352 946 8564 913 8739 570 8978 464
9690 4 3481 385 4353 761 4546 522 6580 266
9691 7 1177 716 1630 687 2393 738 3502 391 3812 58 6397 908 9361 358
9692 4 2513 628 2741 414 3601 46 9469 383
9693 2 293 177 8059 947
9694 6 1205 77 2897 983 3075 633 6411 832 9621 681 9929 956
9695 7 1309 682 2625 307 6018 416 6421 960 7899 57 9284 425 9708 184
9696 8 871 520 2312 938 4431 616 4925 774 5569 806 7562 569 8195 452 9129 785
9697 4 414 722 2465 446 2752 218 7285 233
9698 6 1374 112 3991 521 4314 447 4563 404 6231 260 8490 168
9699 5 172 208 1365 376 8612 311 8914 356 9529 849
9700 9 2626 662 3085 234 3102 333 4126 145 4164 296 5437 940 6628 743 7985 244 8152 561
9701 5 483 964 5586 39 6000 132 7391 813 7616 221
9702 5 1507 856 2053 31 3082 783 7800 380 8670 273
9703 4 1746 290 2703 556 3523 149 8804 988
9704 6 1600 831 2604 185 4464 318 4540 945 6809 891 7543 123
9705 1 7286 577
9706 3 356 211 2652 718 3678 518
9707 4 561 247 902 59 4335 961 7360 883
9708 10 82 653 297 455 1741 344 2439 34 3420 71 4371 114 5996 357 6926 7 8865 496 9695 184
9709 3 6576 472 6881 691 9899 13
9710 8 32 499 3046 56 3294 989 4150 373 5963 426 6216 288 7329 901 7471 382
9711 4 2229 891 2300 972 4998 81 5561 55
9712 5 2401 117 4082 931 4446 413 6280 315 9932 635
9713 7 1129 777 1140 787 2982 244 5251 680 5563 340 5752 188 7227 221
9714 5 961 895 1446 669 4556 101 6607 576 8054 117
9715 7 792 261 1608 159 2019 985 4760 861 6146 536 8012 638 8370 335
9716 9 142 203 1219 904 2413 178 4557 480 7886 181 7987 499 8240 244 8962 635 9795 663
9717 2 311 680 4751 739
9718 3 1029 697 3796 21 8136 823
9719 3 5838 904 7532 614 8719 507
9720 4 1601 94 3581 560 4536 817 9599 478
9721 2 1560 699 7693 139
9722 8 2916 98 3338 57 5014 572 6629 627 7546 841 7958 603 9727 153 9983 534
9723 6 3124 733 3757 937 4917 833 5582 823 7006 160 7595 352
9724 6 1576 145 2632 498 5503 938 5807 943 6062 471 6766 452
9725 6 1473 562 2711 223 5466 919 7570 984 9106 552 9609 506
9726 3 23 444 5656 219 6188 521
9727 3 2173 817 7766 986 9722 153
9728 7 1908 975 2874 877 4933 974 5135 357 7727 683 8953 902 9303 104
9729 7 1743 945 3151 14 3196 864 4350 789 4563 963 4974 707 9545 111
9730 3 1423 519 8236 971 9229 489
9731 9 168 771 384 44 1938 843 1956 358 2539 548 4662 719 5312 889 6477 627 6886 580
9732 2 8775 974 9038 880
9733 8 226 549 2504 587 4873 728 6129 892 6313 575 6402 777 7474 406 8584 263
9734 10 121 188 1735 492 4082 591 4271 371 4451 855 4789 98 5148 585 5327 528 5804 195 8075 864
9735 7 2724 748 4640 954 5523 301 7460 996 7868 785 8909 785 9150 412
9736 2 5588 719 5605 229
9737 6 5359 432 6006 496 6831 634 8031 519 8271 909 8897 356
9738 7 1676 945 2110 182 2184 640 3700 909 5822 292 8310 901 9036 729
9739 5 90 650 950 935 3817 992 4799 182 7899 523
9740 5 203 685 1105 272 3881 707 7712 459 7839 922
9741 5 3311 85 4870 100 5569 483 6378 611 7604 37
9742 9 2361 354 3371 368 4104 103 4318 105 5256 819 5334 911 7771 372 9623 307 9832 630
9743 8 590 46 663 650 1035 501 1220 794 2803 244 3503 537 5704 488 8595 305
9744 6 21 701 483 844 4449 974 6858 718 7489 888 8903 433
9745 3 3109 25 3229 40 3361 723
9746 5 30 370 1712 283 3732 540 4491 274 5997 680
9747 3 2693 650 7194 104 9997 674
9748 5 3726 183 4871 289 4953 221 6567 46 9936 45
9749 6 3130 484 3263 799 7308 223 7316 972 8152 476 8259 163
9750 2 5920 877 6711 418
9751 8 1049 415 3273 585 3719 411 7200 707 7242 636 7309 467 8757 419 9421 21
9752 2 1336 829 5196 69
9753 8 2226 967 5751 351 6038 472 7045 411 7761 396 8717 758 8963 458 8980 72
9754 5 3721 472 5557 744 6809 545 7120 118 7931 430
9755 8 125 961 241 982 426 536 4144 38 5138 548 6739 640 6817 579 8343 109
9756 8 1851 367 2043 657 3172 49 3316 606 5348 999 7584 159 8413 586 9871 797
9757 3 2992 419 5219 493 6440 140
9758 8 797 516 1206 516 1635 533 2865 759 5105 447 5619 626 6537 836 8039 719
9759 8 2413 44 4444 215 6619 431 6917 479 7120 450 7419 733 7701 922 9959 990
9760 4 1647 937 2259 58 2454 97 4022 828
9761 2 499 87 8373 67
9762 4 374 89 391 626 4729 775 9536 500
9763 7 732 834 2064 367 3587 501 5974 241 6533 507 7423 785 9146 265
9764 9 188 797 437 707 1549 111 2486 881 2629 111 4006 729 4562 694 5688 222 9768 630
9765 7 120 926 2022 228 2351 925 3219 126 5510 431 6378 208 7454 519
9766 3 5022 521 5066 122 8804 716
9767 1 7045 527
9768 6 3825 439 5517 564 7912 653 8290 52 9209 10 9764 630
9769 10 924 886 1824 995 5318 470 5634 578 5686 774 5709 497 6928 365 7553 991 7591 678 9502 102
9770 4 1217 734 5528 647 7596 110 8225 778
9771 4 211 527 3595 23 3739 431 6416 545
9772 2 5899 692 7200 89
9773 6 200 158 1572 323 1638 658 5558 99 6147 518 8982 163
9774 3 1791 269 3949 118 8872 733
9775 5 399 996 4253 832 4625 275 8123 758 9086 370
9776 5 3067 317 5577 954 6681 631 6794 826 9038 746
9777 7 1034 684 2016 740 2492 493 4564 894 5446 135 6084 80 7376 974
9778 5 2502 268 3276 931 4687 72 7762 116 8408 538
9779 8 1183 121 2310 681 5699 684 6315 505 6609 334 6716 920 8043 119 9503 115
9780 7 532 860 1802 417 5829 197 5968 65 6031 535 8096 925 8160 475
9781 2 381 644 2470 710
9782 9 390 527 630 959 1166 731 1478 31 3502 821 5542 912 6254 704 7123 215 9674 697
9783 5 606 118 2504 849 3356 925 4023 817 9638 38
9784 7 1698 911 2633 428 3192 560 6975 889 7138 767 7852 201 8655 873
9785 7 354 467 823 629 5524 128 5711 395 5767 623 8475 299 9788 744
9786 5 289 60 3703 692 5244 884 5330 583 8905 583
9787 8 2932 731 3058 386 3162 648 5623 62 6577 679 8816 421 9235 711 9439 929
9788 5 603 979 4775 15 7771 646 7835 642 9785 744
9789 7 440 988 3036 705 3541 337 5744 527 5757 764 6788 330 7559 262
9790 4 399 308 1359 491 2598 380 9806 705
9791 4 2827 770 3283 628 6243 741 7474 256
9792 3 976 380 8107 600 9204 441
9793 10 446 806 1302 794 3543 930 5017 178 6643 170 8351 908 8373 864 8510 303 8712 645 8825 357
9794 3 7668 424 8388 808 9373 520
9795 6 1425 428 2017 336 3374 560 6847 145 7619 950 9716 663
9796 7 950 431 3613 22 5306 34 6249 352 6488 517 7004 58 9882 591
9797 4 2231 534 2454 851 2495 769 2778 912
9798 6 1110 760 1485 546 2922 101 3661 273 5492 106 8824 398
9799 4 1977 522 2367 765 7950 13 8750 398
9800 2 1497 847 9030 334
9801 5 75 239 1128 114 2976 170 3841 261 4003 979
9802 6 2153 960 3043 427 3205 692 4758 632 4797 28 9092 366
9803 6 1256 110 3128 455 7061 816 7158 424 8852 940 9993 549
9804 3 1996 908 4164 604 7311 381
9805 8 22 356 2562 58 4845 481 5683 325 7299 725 8102 248 9290 181 9413 362
9806 4 3324 967 6555 572 8444 131 9790 705
9807 3 1088 245 1466 892 3944 938
9808 3 2115 801 3480 505 7339 856
9809 6 1704 232 1838 31 2845 208 4055 33 4252 356 4884 640
9810 3 4863 311 7347 766 8207 767
9811 4 273 304 302 531 868 203 7515 421
9812 4 4704 969 6135 744 6327 854 8425 924
9813 4 1641 419 3655 226 4457 946 6896 705
9814 4 594 737 1044 43 3163 380 9877 771
9815 8 1311 250 3334 4 4115 529 5026 347 5415 449 5985 503 6533 606 9538 53
9816 4 2131 167 2287 797 3757 872 8238 46
9817 5 433 335 2837 978 3761 637 5640 694 9400 220
9818 5 693 338 1407 651 5308 196 6661 787 7898 859
9819 6 66 934 210 975 2534 916 3872 927 6321 772 9186 202
9820 6 4493 260 5440 803 5941 599 7796 652 8052 113 8709 983
9821 7 1092 75 1160 71 1627 190 5128 753 5711 882 7236 700 8645 99
9822 5 635 524 3616 577 3933 783 5160 587 8824 43
9823 9 249 150 1122 417 3198 650 4271 119 5089 446 7146 921 8076 499 8216 530 9638 439
9824 5 762 934 951 931 3630 741 4095 333 5768 80
9825 4 4464 383 8952 729 9309 87 9977 199
9826 10 363 729 2230 60 4108 496 4366 492 4712 516 6251 544 6995 979 9839 297 9882 614 9896 551
9827 4 1935 413 6253 368 6269 641 8522 954
9828 8 3093 303 4469 950 4626 759 6177 373 7308 387 7509 934 8575 497 8638 1
9829 5 4749 780 6884 59 7363 775 7621 844 7891 244
9830 10 312 486 2642 446 2692 84 3762 453 4790 769 5389 457 6588 18 7186 120 7363 456 7803 368
9831 3 4466 293 5806 180 8489 660
9832 9 428 351 1500 485 3180 391 5271 670 7609 582 8525 934 9069 722 9182 868 9742 630
9833 6 1701 7 2867 483 3199 907 4856 119 5137 133 5561 961
9834 4 7897 866 8903 14 9316 839 9396 816
9835 7 254 191 1659 557 3362 184 3990 514 6481 236 6569 58 7620 930
9836 4 2864 267 5992 384 6131 62 8189 813
9837 3 4170 52 4751 82 7882 601
9838 5 450 563 2233 937 5602 257 6167 683 6834 148
9839 9 760 932 3053 509 3626 892 4931 980 4943 590 8204 273 8261 368 9156 231 9826 297
9840 2 5478 809 5682 229
9841 2 8270 460 8298 901
9842 4 26 384 913 528 3006 107 6413 613
9843 6 305 158 381 834 2408 886 7791 305 7830 76 9539 366
9844 4 385 529 1254 99 4859 166 6221 466
9845 5 604 90 1566 800 7104 970 7350 579 9865 712
9846 4 1754 621 3090 296 4915 684 8299 305
9847 7 447 887 1146 850 2369 634 4121 770 4134 914 4686 369 9122 503
9848 11 1501 970 2078 570 2702 689 3959 797 5311 768 6730 85 7412 539 7534 112 8476 288 8548 221 9932 277
9849 5 967 619 6282 18 7071 552 7233 847 7437 417
9850 8 1092 459 4404 289 4790 645 4882 717 5404 366 5754 638 5974 634 7032 432
9851 7 82 542 780 790 2202 748 2732 784 4417 647 7735 930 8034 472
9852 7 1644 460 2725 652 2734 968 3432 553 3707 454 3726 753 6955 391
9853 4 3008 849 4244 117 5393 284 8256 581
9854 5 1902 839 2854 162 3145 912 3280 520 7348 310
9855 5 1313 665 4105 599 7725 278 7986 546 8700 571
9856 4 5852 888 5925 227 7693 794 7773 324
9857 4 1528 520 3156 406 6490 934 9240 762
9858 2 156 995 2910 871
9859 6 463 24 3760 18 5892 524 7193 42 7733 184 7883 261
9860 3 238 976 1682 971 8370 823
9861 8 247 580 871 771 1081 436 4086 818 4316 685 7023 238 7588 18 8828 501
9862 7 194 463 549 898 2875 89 3753 905 6887 680 8724 348 9527 341
9863 8 625 313 2678 964 4015 505 5612 590 6018 893 6235 777 6601 881 9989 506
9864 6 481 221 834 843 1222 487 1302 310 2852 752 6875 609
9865 8 493 669 4446 574 4831 358 5749 446 7255 209 8161 684 8517 475 9845 712
9866 5 1364 232 2276 165 3809 50 7478 25 8170 35
9867 5 1624 348 2557 400 2894 849 2961 959 7025 138
9868 7 2051 884 3150 903 5122 308 5782 761 6046 570 7319 993 9979 137
9869 5 4837 883 5395 654 7864 884 8001 288 8437 801
9870 5 1380 415 3217 997 4504 256 4511 705 7861 172
9871 6 2955 987 3813 448 5695 688 6607 896 8400 580 9756 797
9872 5 1415 639 2024 95 3851 659 5787 805 6366 103
9873 7 3 901 80 747 4969 85 6991 855 7612 727 9141 508 9493 78
9874 6 2028 615 2369 738 5983 455 6005 418 7189 628 8538 268
9875 5 186 418 438 126 998 271 7350 455 9184 383
9876 1 8614 956
9877 5 2433 352 4265 107 5354 154 7426 490 9814 771
9878 5 701 925 1532 527 4618 223 5356 641 9194 946
9879 4 557 735 1565 288 3845 686 5162 824
9880 5 1167 185 1969 473 6056 803 6180 155 7304 309
9881 4 3531 842 4029 458 5018 256 6093 592
9882 2 9796 591 9826 614
9883 10 704 193 3860 829 5153 110 6114 849 7730 806 7886 980 7921 857 8102 961 8316 292 8583 18
9884 6 398 287 975 389 2801 72 4327 385 5606 894 7047 782
9885 5 3267 162 6568 620 6827 510 6974 987 7909 994
9886 4 2771 109 3978 264 5500 972 8133 562
9887 4 3118 341 5207 510 5289 424 8988 499
9888 6 266 544 4123 574 4170 528 7375 72 7785 685 8386 250
9889 3 443 64 5204 643 8140 844
9890 3 5149 249 6558 612 8159 760
9891 3 4098 953 4218 151 6899 291
9892 6 3366 843 3618 659 4221 54 4750 418 5540 492 7155 567
9893 10 1193 182 1437 217 3315 553 3745 946 3989 602 4060 10 5088 808 6945 934 7206 560 9159 666
9894 4 272 781 4236 967 8049 409 8402 588
9895 4 1020 298 5093 269 7494 280 7865 15
9896 7 332 956 1515 354 2767 923 3079 445 8644 233 9361 889 9826 551
9897 3 899 708 2287 979 6334 830
9898 4 785 58 1628 689 1672 251 5481 447
9899 5 2021 180 2458 510 3162 433 9082 295 9709 13
9900 3 2129 82 3128 161 3483 611
9901 8 4268 639 6101 462 7322 365 7599 238 7701 399 8648 42 8795 687 9471 730
9902 6 234 781 552 563 1938 919 4773 941 5628 137 8924 705
9903 3 7206 218 8806 497 9477 288
9904 7 972 197 1561 999 2029 445 2704 231 3538 418 3900 422 7504 302
9905 3 323 249 5729 858 6928 315
9906 3 566 96 4506 197 5139 201
9907 4 468 184 1043 448 4489 46 8155 444
9908 8 1596 104 3755 247 4032 253 5078 229 7108 308 7369 179 8126 123 8737 511
9909 4 714 206 2952 516 8329 78 9507 89
9910 3 1163 870 8651 467 9407 689
9911 5 2001 521 2312 299 6233 661 6884 243 7214 974
9912 9 393 976 596 603 2754 996 3546 980 4452 346 5001 400 5786 867 9182 115 9321 452
9913 8 1063 920 1864 928 2144 745 3553 263 5037 256 5384 370 5957 175 8666 905
9914 5 3257 987 4303 192 7264 679 8670 288 9332 633
9915 5 1517 918 2950 628 6367 415 6985 918 9670 735
9916 5 971 269 2228 790 3926 710 7723 91 8618 798
9917 4 1428 658 3249 720 6216 474 7993 687
9918 6 770 558 2026 548 2890 459 3373 816 6510 801 6527 682
9919 4 334 119 7471 341 8401 295 9454 472
9920 8 3347 659 3472 688 4326 279 5614 155 6090 163 7253 798 8698 660 8855 242
9921 6 980 627 1576 173 1656 251 2737 492 3693 288 4977 485
9922 4 2334 180 5076 991 5438 790 8377 857
9923 3 1749 710 6482 200 7599 378
9924 9 245 731 657 806 689 450 3485 613 4205 640 4334 281 4791 697 6602 971 9277 938
9925 5 124 124 563 165 3834 417 5309 78 5706 525
9926 3 1407 662 4942 401 9604 988
9927 4 3225 759 3956 905 4124 571 6516 529
9928 3 1485 887 3171 890 3247 844
9929 7 77 564 3656 718 5610 16 6264 877 7670 181 8156 375 9694 956
9930 4 1947 587 3144 938 3360 683 8341 520
9931 6 3775 135 4082 750 4769 231 4884 395 8686 353 9676 355
9932 7 5097 930 7660 563 8237 54 8373 37 9178 680 9712 635 9848 277
9933 4 817 764 7449 912 8228 388 9097 603
9934 3 2863 278 5661 977 6691 776
9935 3 2399 434 6156 107 9272 214
9936 5 2262 285 5769 933 5804 122 7679 961 9748 45
9937 5 1194 210 1313 306 4562 191 8899 300 9206 671
9938 2 4892 345 6663 329
9939 3 5168 876 5542 182 7630 722
9940 4 456 962 4115 796 5926 393 8039 149
9941 9 1385 503 3129 113 3266 676 3910 466 4218 775 4892 20 5199 270 5384 965 8583 367
9942 2 740 454 2295 396
9943 4 696 999 1610 382 7113 905 9125 712
9944 3 1426 91 1568 177 5754 83
9945 4 3763 622 6331 310 6616 264 8377 588
9946 4 820 530 1060 539 4445 425 8997 162
9947 3 720 879 982 973 8393 783
9948 3 1829 637 4963 332 5229 944
9949 6 386 656 2060 413 2957 990 5666 545 7815 277 8558 758
9950 9 1755 934 3342 953 4733 287 7110 382 7604 353 7949 733 8431 790 8724 261 9471 685
9951 6 1919 111 3280 85 3334 263 7818 475 8547 172 9448 331
9952 3 1909 726 2142 470 7187 133
9953 7 380 433 3292 326 3334 743 4311 721 6851 806 9529 282 9642 664
9954 3 308 892 3642 376 5027 832
9955 7 231 677 244 964 1374 204 6869 65 8002 246 8063 50 8519 89
9956 6 1370 495 5343 367 5692 504 6110 188 8369 844 8734 308
9957 6 563 871 2139 534 5113 655 6237 771 6324 362 7727 814
9958 6 234 393 1589 669 2386 493 4077 789 4786 6 6578 844
9959 7 1054 728 1135 13 1282 761 2851 780 7577 664 9400 56 9759 990
9960 3 1390 771 1753 524 5136 215
9961 11 264 837 441 910 1311 363 1435 837 2814 310 3646 487 3833 795 3936 169 6494 134 8727 29 9420 643
9962 3 267 858 3512 571 7911 212
9963 4 3054 203 4553 966 4806 60 5128 494
9964 4 37 331 95 76 5135 542 8615 450
9965 3 3680 563 4122 864 8342 150
9966 3 1502 25 4557 108 5284 402
9967 6 421 292 578 36 3212 579 3355 869 4877 472 6377 823
9968 5 1971 79 3118 781 4000 252 5855 444 8389 774
9969 6 955 115 1634 986 2100 908 6405 219 8187 972 8378 826
9970 5 949 375 2055 378 6966 731 7722 184 8367 130
9971 4 44 216 1227 960 4488 457 8566 167
9972 5 5020 113 8109 199 8204 351 8557 721 8998 320
9973 5 1391 574 3617 415 3766 503 7427 260 8103 272
9974 7 2492 146 4818 47 6453 128 8466 553 8746 983 8998 518 9323 350
9975 1 1226 761
9976 7 267 147 640 812 4676 313 4678 852 7568 451 8314 732 8794 70
9977 7 4699 762 5095 950 7200 598 8764 321 9079 216 9424 207 9825 199
9978 6 193 145 3806 314 4109 628 4253 34 5072 635 9351 425
9979 5 7846 908 7859 652 9038 586 9612 906 9868 137
9980 7 841 410 4576 46 6297 722 7018 464 8962 68 9229 560 9686 800
9981 4 929 564 4144 646 6208 575 7388 35
9982 4 969 789 2625 943 5457 968 6857 712
9983 8 776 611 2959 592 3689 91 5328 535 5800 21 6691 672 6765 640 9722 534
9984 5 4181 87 7935 322 8244 101 9103 855 9379 125
9985 5 1855 972 3938 446 4617 980 5770 243 5833 994
9986 3 3533 624 6739 402 9463 931
9987 4 1828 55 3045 582 6269 445 7391 114
9988 5 476 289 786 266 1690 679 5816 302 9163 411
9989 7 204 242 936 884 3479 527 4546 50 8713 999 9255 41 9863 506
9990 9 250 190 999 668 1029 698 4317 643 4799 941 6020 614 7313 509 7543 898 7723 717
9991 3 3449 206 5262 868 9012 650
9992 5 600 396 750 207 2310 704 4329 622 5576 799
9993 5 2309 952 4240 518 7235 628 8656 187 9803 549
9994 4 2279 803 2955 114 7819 92 8322 319
9995 4 560 338 8422 374 8966 365 9237 162
9996 5 2980 189 5518 712 5808 63 8490 855 8620 54
9997 5 879 745 5132 625 6081 701 6282 440 9747 674
9998 3 1740 304 5455 423 9309 709
9999 4 3725 795 4424 855 7320 832 7544 911
